code_commune;zone_densite
01001;rural
01002;rural
01004;urbain
01005;rural
01006;rural
01007;rural
01008;urbain
01009;rural
01010;rural
01011;rural
01012;rural
01013;rural
01014;urbain
01015;rural
01016;rural
01017;rural
01019;rural
01021;rural
01022;rural
01023;rural
01024;rural
01025;rural
01026;rural
01027;rural
01028;rural
01029;rural
01030;urbain
01031;urbain
01032;rural
01033;urbain
01034;urbain
01035;rural
01036;rural
01037;rural
01038;rural
01040;rural
01041;urbain
01042;rural
01043;urbain
01044;rural
01045;rural
01046;rural
01047;rural
01049;urbain
01050;rural
01051;rural
01052;rural
01053;urbain
01054;rural
01056;rural
01057;rural
01058;rural
01060;rural
01061;rural
01062;urbain
01063;urbain
01064;rural
01065;rural
01066;rural
01067;rural
01068;rural
01069;rural
01071;urbain
01072;rural
01073;rural
01074;rural
01075;rural
01076;rural
01077;rural
01078;urbain
01079;rural
01080;rural
01081;rural
01082;rural
01083;rural
01084;rural
01085;rural
01087;rural
01088;rural
01089;rural
01090;rural
01092;rural
01093;rural
01094;rural
01095;rural
01096;rural
01098;rural
01099;rural
01100;rural
01101;rural
01102;rural
01103;urbain
01104;rural
01105;rural
01106;rural
01107;rural
01108;rural
01109;rural
01110;rural
01111;rural
01112;rural
01113;rural
01114;rural
01115;rural
01116;rural
01117;rural
01118;rural
01121;rural
01123;rural
01124;rural
01125;rural
01127;rural
01128;rural
01129;rural
01130;rural
01133;rural
01134;rural
01135;urbain
01136;rural
01138;rural
01139;rural
01140;rural
01141;rural
01142;urbain
01143;urbain
01145;rural
01146;rural
01147;rural
01148;rural
01149;rural
01150;rural
01151;rural
01152;rural
01153;urbain
01155;rural
01156;rural
01157;urbain
01158;rural
01159;rural
01160;urbain
01162;rural
01163;rural
01165;rural
01166;urbain
01167;rural
01169;urbain
01170;urbain
01171;urbain
01173;urbain
01174;rural
01175;rural
01177;rural
01179;rural
01180;rural
01181;rural
01183;urbain
01184;rural
01185;rural
01187;rural
01188;rural
01189;rural
01190;rural
01191;rural
01192;rural
01193;rural
01194;urbain
01195;rural
01196;rural
01197;rural
01198;rural
01199;rural
01200;rural
01202;urbain
01203;rural
01204;rural
01206;rural
01207;rural
01208;rural
01209;rural
01210;rural
01211;rural
01212;rural
01213;rural
01214;rural
01215;rural
01216;rural
01219;rural
01224;urbain
01225;rural
01227;rural
01228;rural
01229;rural
01230;rural
01231;rural
01232;rural
01233;rural
01234;rural
01235;rural
01236;rural
01237;rural
01238;urbain
01239;rural
01240;rural
01241;rural
01242;rural
01243;rural
01244;urbain
01245;rural
01246;rural
01247;rural
01248;rural
01249;urbain
01250;urbain
01252;rural
01254;rural
01255;rural
01257;rural
01258;rural
01259;rural
01260;rural
01261;rural
01262;urbain
01263;urbain
01264;rural
01265;urbain
01266;rural
01267;rural
01268;rural
01269;rural
01272;rural
01273;rural
01274;rural
01275;urbain
01276;rural
01277;rural
01279;rural
01280;rural
01281;urbain
01282;rural
01283;urbain
01284;rural
01285;urbain
01286;rural
01288;rural
01289;urbain
01290;rural
01291;rural
01293;rural
01294;rural
01295;rural
01296;rural
01297;rural
01298;rural
01299;rural
01301;rural
01302;rural
01303;rural
01304;rural
01305;rural
01306;rural
01307;urbain
01308;rural
01309;rural
01310;rural
01311;rural
01313;urbain
01314;rural
01317;rural
01318;rural
01319;rural
01320;rural
01321;rural
01322;urbain
01323;rural
01325;rural
01328;rural
01329;rural
01331;rural
01332;rural
01333;rural
01334;rural
01335;rural
01336;rural
01337;rural
01338;rural
01339;urbain
01342;rural
01343;rural
01344;urbain
01345;urbain
01346;rural
01347;urbain
01348;rural
01349;rural
01350;rural
01351;rural
01352;rural
01353;urbain
01354;urbain
01355;rural
01356;rural
01357;rural
01358;rural
01359;rural
01360;urbain
01361;rural
01362;rural
01363;rural
01364;rural
01365;rural
01366;rural
01367;rural
01368;rural
01369;urbain
01370;urbain
01371;rural
01372;rural
01373;rural
01374;rural
01375;rural
01376;urbain
01378;rural
01379;rural
01380;rural
01381;rural
01382;rural
01383;rural
01384;rural
01385;rural
01386;urbain
01387;rural
01388;rural
01389;rural
01390;rural
01391;rural
01392;rural
01393;rural
01396;rural
01397;urbain
01398;rural
01399;urbain
01400;rural
01401;urbain
01402;rural
01403;rural
01404;rural
01405;rural
01406;rural
01407;rural
01408;rural
01410;rural
01411;rural
01412;rural
01415;rural
01416;rural
01418;rural
01419;urbain
01420;rural
01421;rural
01422;rural
01423;urbain
01424;rural
01425;rural
01426;rural
01427;urbain
01428;rural
01429;rural
01430;rural
01431;urbain
01432;rural
01433;rural
01434;rural
01435;urbain
01436;urbain
01437;rural
01439;rural
01441;rural
01443;rural
01444;rural
01445;rural
01446;rural
01447;rural
01448;rural
01449;rural
01450;urbain
01451;urbain
01452;rural
01453;rural
01454;rural
01456;rural
01457;rural
02001;urbain
02002;rural
02003;rural
02004;rural
02005;rural
02006;rural
02007;rural
02008;rural
02009;rural
02010;rural
02011;rural
02012;rural
02013;rural
02014;rural
02015;rural
02016;rural
02017;rural
02018;rural
02019;rural
02020;rural
02021;rural
02022;rural
02023;rural
02024;rural
02025;rural
02027;rural
02028;rural
02029;rural
02030;rural
02031;rural
02032;rural
02033;rural
02034;rural
02035;rural
02036;rural
02037;rural
02038;rural
02039;rural
02040;rural
02041;rural
02042;rural
02043;rural
02044;rural
02046;rural
02047;rural
02048;rural
02049;rural
02050;rural
02051;rural
02052;rural
02053;rural
02054;rural
02055;rural
02056;rural
02057;rural
02058;rural
02059;urbain
02060;rural
02061;rural
02062;rural
02063;rural
02064;urbain
02065;rural
02066;rural
02067;rural
02068;rural
02069;rural
02070;rural
02071;rural
02072;rural
02073;rural
02074;rural
02075;rural
02076;rural
02078;rural
02079;rural
02080;rural
02081;rural
02082;rural
02083;rural
02084;rural
02085;rural
02086;rural
02087;rural
02088;rural
02089;rural
02090;rural
02091;rural
02093;rural
02094;urbain
02095;urbain
02096;rural
02097;rural
02098;rural
02099;rural
02100;rural
02101;rural
02102;rural
02103;rural
02104;rural
02105;rural
02106;rural
02107;rural
02108;rural
02109;rural
02110;rural
02111;rural
02112;rural
02114;urbain
02115;rural
02116;rural
02117;rural
02118;rural
02119;rural
02120;rural
02121;rural
02122;rural
02123;rural
02124;rural
02125;rural
02126;rural
02127;rural
02128;rural
02129;rural
02130;rural
02131;rural
02132;rural
02133;rural
02134;urbain
02135;rural
02136;rural
02137;rural
02138;rural
02139;rural
02140;rural
02141;rural
02142;rural
02143;rural
02144;rural
02145;rural
02146;rural
02148;rural
02149;rural
02150;rural
02151;rural
02152;rural
02153;rural
02154;rural
02155;rural
02156;rural
02157;urbain
02158;rural
02159;rural
02160;rural
02162;rural
02163;urbain
02164;rural
02165;urbain
02166;rural
02167;rural
02168;urbain
02169;rural
02170;rural
02171;rural
02172;rural
02173;urbain
02174;rural
02175;rural
02176;rural
02177;rural
02178;rural
02179;rural
02180;rural
02181;rural
02182;rural
02183;rural
02184;rural
02185;rural
02186;rural
02187;urbain
02188;rural
02189;rural
02190;rural
02191;rural
02192;rural
02193;rural
02194;rural
02195;rural
02196;rural
02197;rural
02198;rural
02199;rural
02200;rural
02201;rural
02203;rural
02204;rural
02205;rural
02206;rural
02207;rural
02208;rural
02209;rural
02210;rural
02211;rural
02212;urbain
02213;rural
02214;rural
02215;rural
02216;rural
02217;rural
02218;rural
02219;rural
02220;rural
02221;rural
02222;rural
02223;rural
02224;rural
02225;rural
02226;urbain
02227;rural
02228;rural
02229;rural
02230;rural
02231;rural
02232;rural
02233;rural
02234;rural
02235;rural
02236;rural
02237;rural
02238;rural
02239;rural
02240;rural
02241;rural
02242;rural
02243;urbain
02244;rural
02245;urbain
02246;rural
02248;rural
02249;rural
02250;rural
02251;rural
02252;rural
02253;rural
02254;rural
02255;rural
02256;rural
02257;rural
02258;rural
02259;rural
02260;urbain
02261;rural
02262;rural
02263;rural
02264;rural
02265;rural
02266;rural
02267;rural
02268;rural
02269;rural
02270;rural
02271;rural
02272;rural
02273;rural
02274;rural
02275;rural
02276;rural
02277;rural
02278;rural
02279;rural
02280;rural
02281;rural
02282;rural
02283;rural
02284;rural
02286;rural
02287;rural
02288;rural
02289;rural
02290;urbain
02291;rural
02292;urbain
02293;rural
02294;rural
02295;rural
02296;rural
02297;rural
02298;rural
02299;rural
02302;rural
02303;urbain
02304;urbain
02305;rural
02306;rural
02307;rural
02308;rural
02309;rural
02310;rural
02312;rural
02313;rural
02315;rural
02316;rural
02317;rural
02318;rural
02319;rural
02320;rural
02321;rural
02322;rural
02323;rural
02324;rural
02326;rural
02327;rural
02328;rural
02329;rural
02330;rural
02331;rural
02332;rural
02333;rural
02334;rural
02335;rural
02336;rural
02337;rural
02338;rural
02339;rural
02340;urbain
02341;rural
02342;rural
02343;rural
02345;rural
02346;rural
02347;rural
02349;rural
02350;rural
02351;rural
02352;rural
02353;rural
02354;rural
02355;rural
02356;rural
02357;rural
02358;rural
02359;urbain
02360;rural
02361;rural
02362;rural
02363;rural
02364;rural
02366;rural
02367;rural
02368;rural
02369;rural
02370;rural
02371;urbain
02372;rural
02373;rural
02374;rural
02375;rural
02376;rural
02377;rural
02378;rural
02379;rural
02380;rural
02381;urbain
02382;rural
02383;rural
02384;rural
02385;rural
02386;rural
02387;rural
02388;rural
02389;rural
02390;rural
02391;rural
02392;rural
02393;rural
02395;rural
02396;rural
02397;rural
02398;rural
02399;rural
02400;rural
02401;rural
02402;rural
02403;rural
02404;rural
02405;rural
02406;rural
02407;rural
02408;urbain
02409;rural
02410;rural
02411;rural
02412;rural
02413;rural
02414;rural
02415;rural
02416;rural
02417;rural
02418;rural
02419;rural
02420;rural
02421;rural
02422;rural
02423;rural
02424;rural
02425;rural
02426;rural
02427;rural
02428;rural
02429;rural
02430;rural
02431;rural
02432;rural
02433;rural
02435;rural
02438;rural
02439;rural
02440;rural
02441;rural
02442;rural
02443;rural
02444;rural
02445;rural
02446;rural
02447;rural
02448;rural
02449;rural
02450;rural
02451;rural
02452;rural
02453;rural
02454;rural
02455;rural
02456;rural
02457;rural
02458;rural
02459;rural
02460;rural
02461;rural
02462;rural
02463;rural
02464;rural
02465;rural
02466;rural
02467;rural
02468;rural
02469;rural
02470;rural
02471;rural
02472;rural
02473;rural
02474;rural
02476;rural
02477;rural
02478;rural
02480;rural
02481;rural
02482;rural
02483;rural
02484;rural
02485;rural
02486;rural
02487;rural
02488;rural
02489;rural
02490;rural
02491;rural
02492;rural
02493;rural
02494;rural
02495;rural
02496;rural
02497;rural
02498;rural
02499;rural
02500;rural
02501;rural
02502;rural
02503;rural
02504;rural
02505;rural
02506;rural
02507;rural
02508;rural
02509;rural
02510;rural
02511;rural
02512;rural
02513;rural
02514;rural
02515;rural
02516;rural
02517;rural
02518;rural
02519;rural
02520;rural
02521;rural
02522;rural
02523;rural
02524;rural
02525;urbain
02526;rural
02527;rural
02528;rural
02529;rural
02530;rural
02531;rural
02532;rural
02533;rural
02534;rural
02535;rural
02536;rural
02537;rural
02538;rural
02539;rural
02540;urbain
02541;rural
02542;rural
02543;rural
02544;rural
02545;rural
02546;rural
02547;rural
02548;rural
02549;rural
02550;rural
02551;rural
02552;rural
02553;rural
02554;urbain
02555;urbain
02556;rural
02557;rural
02558;rural
02559;rural
02560;rural
02561;rural
02562;rural
02563;rural
02564;rural
02565;rural
02566;urbain
02567;rural
02568;rural
02569;rural
02570;rural
02571;urbain
02572;rural
02573;rural
02574;rural
02575;rural
02576;rural
02577;rural
02578;rural
02579;rural
02580;rural
02581;rural
02582;rural
02583;rural
02584;rural
02585;rural
02586;rural
02587;rural
02588;rural
02589;rural
02590;rural
02591;rural
02592;rural
02593;rural
02594;rural
02595;rural
02596;rural
02598;rural
02599;rural
02600;rural
02601;rural
02602;rural
02604;rural
02605;rural
02606;rural
02607;rural
02608;rural
02609;rural
02610;urbain
02612;rural
02613;rural
02614;rural
02615;rural
02616;rural
02617;rural
02618;rural
02619;rural
02620;rural
02621;rural
02622;rural
02623;rural
02624;rural
02625;rural
02626;rural
02627;rural
02628;rural
02629;rural
02631;rural
02632;rural
02633;rural
02634;rural
02635;rural
02636;rural
02637;rural
02638;rural
02639;rural
02640;rural
02641;rural
02642;rural
02643;rural
02644;rural
02645;rural
02647;rural
02648;rural
02649;rural
02650;rural
02651;rural
02652;rural
02653;urbain
02654;rural
02655;rural
02656;rural
02657;rural
02658;rural
02659;urbain
02660;rural
02661;rural
02662;rural
02663;rural
02664;rural
02665;rural
02666;rural
02667;rural
02668;rural
02670;rural
02671;rural
02672;rural
02673;rural
02674;rural
02675;rural
02676;rural
02677;rural
02678;rural
02679;rural
02680;rural
02681;rural
02682;rural
02683;rural
02684;rural
02685;rural
02686;rural
02687;rural
02688;rural
02689;rural
02690;rural
02691;urbain
02693;rural
02694;rural
02696;rural
02697;rural
02698;rural
02699;rural
02701;urbain
02702;rural
02703;rural
02704;rural
02705;rural
02706;rural
02707;rural
02708;rural
02709;rural
02710;rural
02711;rural
02712;rural
02713;rural
02714;rural
02715;rural
02716;rural
02717;rural
02718;rural
02719;rural
02720;rural
02721;rural
02722;urbain
02723;rural
02724;rural
02725;rural
02726;rural
02727;rural
02728;rural
02729;rural
02730;rural
02731;rural
02732;rural
02734;rural
02735;rural
02736;rural
02737;rural
02738;urbain
02739;rural
02740;rural
02741;rural
02742;rural
02743;rural
02744;rural
02745;rural
02746;rural
02747;rural
02748;rural
02749;rural
02750;rural
02751;rural
02752;rural
02753;rural
02754;rural
02755;rural
02756;rural
02757;rural
02758;rural
02759;rural
02760;rural
02761;rural
02762;rural
02763;rural
02764;rural
02765;rural
02766;rural
02767;rural
02768;rural
02769;rural
02770;urbain
02772;rural
02773;rural
02774;rural
02775;rural
02776;rural
02777;rural
02778;rural
02779;rural
02780;rural
02781;rural
02782;rural
02783;rural
02784;rural
02785;rural
02786;rural
02787;rural
02788;rural
02789;rural
02790;rural
02791;rural
02792;rural
02793;rural
02794;rural
02795;rural
02796;rural
02797;rural
02798;rural
02799;rural
02800;rural
02801;rural
02802;rural
02803;rural
02804;rural
02805;urbain
02806;rural
02807;rural
02808;rural
02809;rural
02810;urbain
02812;rural
02813;rural
02814;rural
02815;rural
02816;rural
02817;rural
02818;urbain
02819;rural
02820;urbain
02821;rural
02822;rural
02823;rural
02824;rural
02826;rural
02827;rural
02828;rural
02829;rural
02830;rural
02831;rural
02832;rural
02833;rural
02834;rural
03001;urbain
03002;rural
03003;rural
03004;rural
03005;rural
03006;rural
03007;rural
03008;rural
03009;rural
03010;rural
03011;rural
03012;rural
03013;urbain
03014;rural
03015;rural
03016;rural
03017;rural
03018;rural
03019;rural
03020;rural
03021;rural
03022;rural
03023;urbain
03024;rural
03025;rural
03026;rural
03027;rural
03028;rural
03029;rural
03030;rural
03031;rural
03032;rural
03033;rural
03034;rural
03035;rural
03036;rural
03037;rural
03038;rural
03039;rural
03040;rural
03041;rural
03042;rural
03043;rural
03044;rural
03045;rural
03046;rural
03047;rural
03048;rural
03049;rural
03050;rural
03051;rural
03052;rural
03053;rural
03054;rural
03055;rural
03056;rural
03057;rural
03058;rural
03059;rural
03060;rural
03061;rural
03062;rural
03063;rural
03064;rural
03065;rural
03066;rural
03067;rural
03068;rural
03069;rural
03070;rural
03071;rural
03072;rural
03073;rural
03074;rural
03075;rural
03076;rural
03077;rural
03078;rural
03079;rural
03080;rural
03081;rural
03082;rural
03083;rural
03084;rural
03085;rural
03086;rural
03087;rural
03088;rural
03089;rural
03090;rural
03091;rural
03092;rural
03093;urbain
03094;urbain
03095;urbain
03096;rural
03097;rural
03098;urbain
03099;rural
03100;rural
03101;urbain
03102;rural
03103;rural
03104;rural
03105;rural
03106;rural
03107;rural
03108;rural
03109;rural
03110;rural
03111;rural
03112;rural
03113;rural
03114;rural
03115;rural
03116;rural
03117;rural
03118;rural
03119;rural
03120;rural
03121;rural
03122;rural
03124;rural
03125;rural
03126;rural
03127;rural
03128;rural
03129;rural
03130;rural
03131;rural
03132;rural
03133;rural
03134;rural
03135;rural
03136;rural
03137;rural
03138;rural
03139;rural
03140;urbain
03141;rural
03142;rural
03143;rural
03144;rural
03145;rural
03146;rural
03147;rural
03148;rural
03149;rural
03150;rural
03151;rural
03152;rural
03154;rural
03155;rural
03156;rural
03157;rural
03158;rural
03159;rural
03160;rural
03161;rural
03162;rural
03163;rural
03164;rural
03165;rural
03166;rural
03167;rural
03168;rural
03169;rural
03170;rural
03171;rural
03172;rural
03173;rural
03174;rural
03175;rural
03176;rural
03177;rural
03178;rural
03179;rural
03180;rural
03181;rural
03182;rural
03183;rural
03184;rural
03185;urbain
03186;rural
03187;rural
03188;rural
03189;rural
03190;urbain
03191;rural
03192;rural
03193;rural
03194;rural
03195;rural
03196;rural
03197;rural
03198;rural
03200;rural
03201;rural
03202;rural
03203;rural
03204;rural
03205;rural
03206;rural
03207;rural
03208;rural
03209;rural
03210;rural
03211;rural
03212;rural
03213;rural
03214;rural
03215;rural
03216;rural
03217;rural
03218;rural
03219;rural
03220;rural
03221;rural
03222;rural
03223;rural
03224;rural
03225;rural
03226;rural
03227;rural
03228;rural
03229;rural
03230;rural
03231;rural
03232;rural
03233;rural
03234;rural
03235;rural
03236;rural
03237;rural
03238;rural
03239;rural
03240;rural
03241;rural
03242;rural
03243;rural
03244;rural
03245;rural
03246;rural
03247;rural
03248;rural
03249;rural
03250;rural
03251;rural
03252;rural
03253;rural
03254;rural
03255;rural
03256;rural
03257;rural
03258;rural
03259;rural
03260;rural
03261;rural
03262;rural
03263;rural
03264;rural
03265;rural
03266;rural
03267;rural
03268;rural
03269;rural
03270;rural
03271;rural
03272;rural
03273;rural
03274;rural
03275;rural
03276;rural
03277;rural
03278;rural
03279;rural
03280;rural
03281;rural
03282;rural
03283;rural
03284;rural
03285;rural
03286;rural
03287;rural
03288;rural
03289;rural
03290;rural
03291;rural
03292;rural
03293;rural
03294;rural
03295;rural
03296;rural
03297;rural
03298;rural
03299;rural
03300;rural
03301;rural
03302;rural
03303;rural
03304;rural
03305;rural
03306;urbain
03307;rural
03308;rural
03309;rural
03310;urbain
03311;rural
03312;rural
03313;rural
03314;rural
03315;rural
03316;rural
03317;rural
03319;rural
03320;rural
03321;urbain
04001;rural
04004;rural
04005;rural
04006;rural
04007;rural
04008;rural
04009;rural
04012;rural
04013;rural
04016;rural
04017;rural
04018;rural
04019;rural
04020;rural
04021;rural
04022;rural
04023;rural
04024;rural
04025;rural
04026;rural
04027;rural
04028;rural
04030;rural
04031;rural
04032;rural
04033;rural
04034;rural
04035;rural
04036;rural
04037;rural
04039;rural
04040;rural
04041;rural
04042;rural
04043;rural
04045;rural
04046;rural
04047;rural
04049;urbain
04050;rural
04051;rural
04053;rural
04054;rural
04055;rural
04057;rural
04058;rural
04059;rural
04061;rural
04062;rural
04063;rural
04065;rural
04066;rural
04067;rural
04068;rural
04069;rural
04070;urbain
04072;rural
04073;rural
04074;rural
04075;rural
04076;rural
04077;rural
04079;urbain
04081;rural
04084;rural
04085;rural
04086;rural
04087;rural
04088;urbain
04090;rural
04091;rural
04092;rural
04093;rural
04094;rural
04095;rural
04096;rural
04097;rural
04099;rural
04101;rural
04102;rural
04104;rural
04106;rural
04107;rural
04108;rural
04109;rural
04110;rural
04111;urbain
04112;urbain
04113;rural
04115;rural
04116;rural
04118;rural
04120;rural
04121;rural
04122;rural
04123;rural
04124;rural
04126;rural
04127;rural
04128;rural
04129;rural
04130;rural
04132;rural
04133;rural
04134;rural
04135;rural
04136;rural
04137;rural
04138;rural
04139;rural
04140;rural
04141;rural
04142;rural
04143;rural
04144;rural
04145;rural
04148;rural
04149;rural
04150;rural
04151;rural
04152;urbain
04154;rural
04155;rural
04156;rural
04157;rural
04158;rural
04159;rural
04160;rural
04161;rural
04162;rural
04163;rural
04164;rural
04166;rural
04167;rural
04169;rural
04170;rural
04171;rural
04172;rural
04173;rural
04174;rural
04175;rural
04176;rural
04177;rural
04178;rural
04179;rural
04180;rural
04181;rural
04182;rural
04183;rural
04184;rural
04186;rural
04187;rural
04188;rural
04189;rural
04190;rural
04191;rural
04192;rural
04193;rural
04194;rural
04195;rural
04197;rural
04199;rural
04200;rural
04201;rural
04202;rural
04203;rural
04204;rural
04205;rural
04206;rural
04207;rural
04208;rural
04209;urbain
04210;rural
04211;rural
04214;rural
04216;rural
04217;rural
04218;rural
04219;rural
04220;rural
04222;rural
04224;rural
04226;rural
04227;rural
04228;rural
04229;rural
04230;rural
04231;rural
04233;rural
04234;rural
04235;rural
04236;rural
04237;rural
04240;rural
04241;rural
04242;urbain
04244;urbain
04245;urbain
05001;rural
05003;rural
05004;rural
05006;rural
05007;rural
05008;rural
05009;rural
05010;rural
05011;rural
05012;rural
05013;rural
05014;rural
05016;rural
05017;rural
05018;rural
05019;rural
05021;rural
05022;rural
05023;urbain
05024;rural
05025;rural
05026;rural
05027;rural
05028;rural
05029;rural
05031;rural
05032;rural
05033;rural
05035;rural
05036;rural
05037;rural
05038;rural
05039;rural
05040;rural
05044;rural
05045;rural
05046;urbain
05047;rural
05048;rural
05049;rural
05050;rural
05051;rural
05052;rural
05053;rural
05054;rural
05055;rural
05056;rural
05057;rural
05058;rural
05059;rural
05060;rural
05061;urbain
05062;rural
05063;rural
05064;rural
05065;rural
05066;rural
05068;rural
05070;rural
05071;rural
05072;rural
05073;rural
05074;rural
05075;rural
05076;rural
05077;rural
05078;rural
05079;rural
05080;rural
05081;rural
05082;rural
05084;rural
05085;rural
05086;rural
05087;rural
05089;rural
05090;rural
05091;rural
05092;rural
05093;rural
05094;rural
05095;rural
05096;rural
05097;rural
05098;rural
05099;rural
05100;rural
05101;rural
05102;rural
05103;rural
05104;rural
05106;rural
05107;rural
05108;rural
05109;rural
05110;rural
05111;rural
05112;rural
05113;rural
05114;rural
05115;rural
05116;rural
05117;rural
05118;rural
05119;rural
05121;rural
05122;rural
05123;rural
05124;rural
05126;rural
05127;rural
05128;rural
05129;rural
05130;rural
05131;rural
05132;rural
05133;urbain
05134;rural
05135;rural
05136;rural
05139;rural
05140;rural
05142;rural
05144;rural
05145;rural
05146;rural
05147;rural
05148;rural
05149;rural
05151;rural
05152;rural
05153;rural
05154;rural
05155;rural
05156;rural
05157;rural
05158;rural
05159;rural
05160;rural
05161;rural
05162;rural
05163;rural
05164;rural
05165;rural
05166;rural
05167;rural
05168;rural
05169;rural
05170;rural
05171;rural
05172;rural
05173;rural
05174;rural
05176;rural
05177;rural
05178;rural
05179;rural
05180;rural
05181;rural
05182;rural
05183;urbain
05184;rural
06001;rural
06002;rural
06003;rural
06004;urbain
06005;rural
06006;urbain
06007;urbain
06008;rural
06009;rural
06010;urbain
06011;urbain
06012;urbain
06013;rural
06014;rural
06015;urbain
06016;rural
06017;rural
06018;urbain
06019;rural
06020;rural
06021;rural
06022;rural
06023;rural
06024;rural
06025;rural
06026;urbain
06027;urbain
06028;rural
06029;urbain
06030;urbain
06031;urbain
06032;urbain
06033;urbain
06034;rural
06035;urbain
06036;rural
06037;rural
06038;urbain
06039;rural
06040;rural
06041;rural
06042;rural
06043;rural
06044;urbain
06045;rural
06046;urbain
06047;rural
06048;urbain
06049;rural
06050;rural
06051;rural
06052;rural
06053;rural
06054;urbain
06055;rural
06056;rural
06057;rural
06058;rural
06059;rural
06060;urbain
06061;rural
06062;rural
06063;rural
06064;urbain
06065;urbain
06066;rural
06067;urbain
06068;rural
06069;urbain
06070;rural
06071;rural
06072;rural
06073;rural
06074;rural
06075;rural
06076;rural
06077;rural
06078;rural
06079;urbain
06080;rural
06081;rural
06082;rural
06083;urbain
06084;urbain
06085;urbain
06086;rural
06087;rural
06088;urbain
06089;urbain
06090;urbain
06091;rural
06092;rural
06093;rural
06094;rural
06095;urbain
06096;rural
06097;rural
06098;rural
06099;rural
06100;rural
06101;rural
06102;rural
06103;rural
06104;urbain
06105;urbain
06106;rural
06107;rural
06108;urbain
06109;rural
06110;rural
06111;rural
06112;urbain
06113;urbain
06114;urbain
06115;rural
06116;rural
06117;rural
06118;rural
06119;rural
06120;rural
06121;urbain
06122;urbain
06123;urbain
06124;rural
06125;rural
06126;urbain
06127;rural
06128;urbain
06129;rural
06130;rural
06131;rural
06132;rural
06133;rural
06134;rural
06135;rural
06136;rural
06137;urbain
06138;rural
06139;rural
06140;urbain
06141;rural
06142;rural
06143;rural
06144;rural
06145;rural
06146;rural
06147;urbain
06148;urbain
06149;urbain
06150;urbain
06151;rural
06152;urbain
06153;rural
06154;rural
06155;urbain
06156;rural
06157;urbain
06158;rural
06159;urbain
06160;rural
06161;urbain
06162;rural
06163;rural
07001;rural
07002;rural
07003;rural
07004;rural
07005;rural
07006;rural
07007;rural
07008;rural
07009;rural
07010;urbain
07011;rural
07012;rural
07013;rural
07014;rural
07015;rural
07017;rural
07018;rural
07019;urbain
07020;rural
07022;rural
07023;rural
07024;rural
07025;rural
07026;rural
07027;urbain
07028;rural
07029;rural
07030;rural
07031;rural
07032;rural
07033;rural
07034;rural
07035;rural
07036;rural
07037;rural
07038;rural
07039;rural
07040;rural
07041;urbain
07042;urbain
07044;rural
07045;rural
07047;rural
07048;rural
07049;rural
07050;rural
07051;urbain
07052;rural
07053;rural
07054;rural
07055;urbain
07056;rural
07058;rural
07059;rural
07060;rural
07061;rural
07062;rural
07063;rural
07064;rural
07065;rural
07066;rural
07067;rural
07068;rural
07069;rural
07070;urbain
07071;rural
07072;rural
07073;rural
07074;rural
07075;rural
07076;rural
07077;rural
07078;urbain
07079;rural
07080;rural
07081;rural
07082;rural
07083;rural
07084;rural
07085;rural
07086;rural
07087;rural
07088;rural
07089;rural
07090;rural
07091;rural
07092;rural
07093;rural
07094;rural
07095;rural
07096;rural
07097;urbain
07098;rural
07099;rural
07100;rural
07101;rural
07102;urbain
07103;rural
07104;rural
07105;rural
07106;rural
07107;rural
07108;rural
07109;rural
07110;rural
07111;rural
07112;rural
07113;rural
07114;rural
07115;rural
07116;urbain
07117;rural
07118;rural
07119;rural
07120;rural
07121;rural
07122;rural
07123;rural
07124;rural
07126;rural
07127;rural
07128;rural
07129;rural
07130;rural
07131;rural
07132;rural
07133;rural
07134;rural
07136;rural
07137;rural
07138;rural
07139;rural
07140;rural
07141;rural
07142;rural
07143;rural
07144;rural
07145;rural
07146;rural
07147;rural
07148;rural
07149;rural
07150;rural
07151;rural
07152;urbain
07153;rural
07154;rural
07155;rural
07156;rural
07157;rural
07158;rural
07159;rural
07160;rural
07161;rural
07162;rural
07163;rural
07165;rural
07166;rural
07167;rural
07168;rural
07169;rural
07170;rural
07171;rural
07172;rural
07173;rural
07174;rural
07175;rural
07176;rural
07177;rural
07178;rural
07179;rural
07181;rural
07182;rural
07183;rural
07184;rural
07185;rural
07186;urbain
07187;rural
07188;rural
07189;rural
07190;rural
07191;urbain
07192;rural
07193;rural
07194;rural
07195;rural
07196;rural
07197;urbain
07198;rural
07199;rural
07200;rural
07201;rural
07202;rural
07203;rural
07204;rural
07205;rural
07206;rural
07207;rural
07208;rural
07209;rural
07210;rural
07211;rural
07212;rural
07213;rural
07214;rural
07215;rural
07216;rural
07217;rural
07218;rural
07219;rural
07220;rural
07221;rural
07222;rural
07223;rural
07224;rural
07225;rural
07226;rural
07227;rural
07228;rural
07229;urbain
07230;rural
07231;urbain
07232;rural
07233;rural
07234;rural
07235;rural
07236;rural
07237;rural
07238;rural
07239;rural
07240;urbain
07241;rural
07242;rural
07243;rural
07244;rural
07245;urbain
07247;rural
07248;rural
07249;rural
07250;rural
07251;rural
07253;rural
07254;rural
07255;rural
07257;rural
07258;rural
07259;rural
07260;rural
07261;urbain
07262;rural
07263;rural
07264;rural
07265;rural
07266;rural
07267;rural
07268;rural
07269;rural
07270;rural
07272;rural
07273;rural
07274;rural
07275;rural
07276;rural
07277;rural
07278;rural
07279;rural
07280;rural
07281;urbain
07282;rural
07283;rural
07284;rural
07285;rural
07286;rural
07287;rural
07288;rural
07289;urbain
07290;rural
07291;rural
07292;rural
07293;rural
07294;rural
07295;rural
07296;rural
07297;rural
07298;rural
07299;rural
07300;rural
07301;rural
07302;rural
07303;rural
07304;rural
07305;rural
07306;rural
07307;rural
07308;urbain
07309;rural
07310;rural
07311;rural
07312;rural
07313;rural
07314;rural
07315;rural
07316;urbain
07317;rural
07318;rural
07319;urbain
07321;rural
07322;rural
07323;rural
07324;urbain
07325;urbain
07326;rural
07327;rural
07328;rural
07329;rural
07330;rural
07331;urbain
07332;rural
07333;rural
07334;rural
07335;rural
07336;rural
07337;urbain
07338;rural
07339;rural
07340;urbain
07341;rural
07342;rural
07343;rural
07344;rural
07345;rural
07346;rural
07347;rural
07348;rural
07349;urbain
08001;urbain
08003;urbain
08004;rural
08005;rural
08006;rural
08008;rural
08010;rural
08011;rural
08013;rural
08014;rural
08015;rural
08016;rural
08017;rural
08018;rural
08019;rural
08020;rural
08021;rural
08022;rural
08023;rural
08024;rural
08025;rural
08026;rural
08027;rural
08028;rural
08029;rural
08030;rural
08031;rural
08032;rural
08033;rural
08034;rural
08035;rural
08036;rural
08037;rural
08038;rural
08039;rural
08040;rural
08041;rural
08043;urbain
08044;rural
08045;rural
08046;rural
08047;rural
08048;rural
08049;rural
08052;rural
08053;urbain
08055;rural
08056;rural
08057;rural
08058;rural
08059;rural
08060;rural
08061;rural
08062;rural
08063;rural
08064;rural
08065;rural
08066;rural
08067;rural
08069;rural
08070;rural
08071;rural
08073;rural
08074;rural
08075;rural
08076;rural
08077;rural
08078;rural
08080;rural
08081;urbain
08082;rural
08083;rural
08084;rural
08085;rural
08086;rural
08087;rural
08088;rural
08089;rural
08090;rural
08092;rural
08094;rural
08095;rural
08096;rural
08097;rural
08098;rural
08099;rural
08100;rural
08101;rural
08102;rural
08103;rural
08104;rural
08105;urbain
08106;rural
08107;rural
08109;rural
08110;rural
08111;rural
08113;rural
08115;rural
08116;rural
08117;rural
08119;rural
08120;rural
08121;rural
08122;rural
08123;rural
08124;rural
08125;rural
08126;rural
08128;rural
08130;rural
08131;rural
08132;rural
08133;rural
08134;rural
08135;rural
08136;rural
08137;rural
08138;rural
08139;rural
08140;rural
08141;rural
08142;rural
08143;rural
08144;rural
08145;rural
08146;rural
08147;rural
08148;rural
08149;rural
08150;rural
08151;rural
08153;rural
08154;rural
08155;rural
08156;rural
08158;rural
08159;rural
08160;rural
08161;rural
08162;rural
08163;rural
08164;rural
08165;rural
08166;rural
08167;rural
08168;rural
08169;rural
08170;rural
08171;rural
08172;rural
08173;rural
08174;urbain
08175;rural
08176;rural
08178;rural
08179;rural
08180;urbain
08182;rural
08183;urbain
08184;rural
08185;rural
08186;rural
08187;rural
08188;rural
08189;rural
08190;urbain
08191;rural
08192;rural
08193;rural
08194;rural
08195;rural
08196;rural
08197;rural
08198;rural
08199;rural
08200;rural
08201;rural
08202;rural
08203;rural
08204;rural
08205;rural
08206;rural
08207;rural
08208;rural
08209;rural
08210;rural
08211;rural
08212;rural
08214;rural
08215;rural
08216;rural
08217;rural
08218;rural
08219;rural
08220;rural
08222;rural
08223;rural
08225;rural
08226;rural
08228;rural
08229;rural
08230;rural
08232;rural
08233;rural
08234;rural
08235;rural
08236;rural
08237;urbain
08238;rural
08239;rural
08240;rural
08242;rural
08243;rural
08244;rural
08245;rural
08246;rural
08247;rural
08248;rural
08249;rural
08250;rural
08251;rural
08252;rural
08254;rural
08255;rural
08256;rural
08257;rural
08259;rural
08260;rural
08262;rural
08263;rural
08264;rural
08268;rural
08269;rural
08271;rural
08272;rural
08273;rural
08274;rural
08275;rural
08276;rural
08277;rural
08278;rural
08279;rural
08280;rural
08281;rural
08282;rural
08283;rural
08284;rural
08286;rural
08287;rural
08288;rural
08289;rural
08291;rural
08293;rural
08295;rural
08296;rural
08297;rural
08298;urbain
08301;rural
08302;rural
08303;rural
08304;rural
08305;rural
08306;rural
08307;rural
08308;rural
08309;rural
08310;rural
08311;rural
08312;rural
08313;rural
08314;rural
08315;rural
08316;rural
08317;rural
08318;rural
08319;rural
08320;rural
08321;rural
08322;rural
08323;rural
08324;rural
08325;rural
08326;rural
08327;rural
08328;urbain
08329;rural
08330;rural
08331;rural
08332;rural
08333;rural
08334;rural
08335;rural
08336;rural
08338;rural
08339;rural
08340;rural
08341;rural
08342;rural
08343;rural
08344;rural
08346;urbain
08347;rural
08348;rural
08349;rural
08350;rural
08351;rural
08352;rural
08353;rural
08354;rural
08355;rural
08356;rural
08357;rural
08358;rural
08360;rural
08361;rural
08362;urbain
08363;urbain
08364;rural
08365;rural
08366;rural
08367;rural
08368;rural
08369;rural
08370;rural
08372;rural
08373;rural
08374;rural
08375;rural
08376;rural
08377;rural
08378;rural
08379;rural
08380;rural
08381;rural
08382;rural
08383;rural
08384;rural
08385;urbain
08386;rural
08387;rural
08388;rural
08389;rural
08390;rural
08391;urbain
08392;rural
08393;rural
08394;rural
08395;rural
08396;rural
08397;rural
08398;rural
08399;rural
08400;rural
08401;rural
08402;rural
08403;urbain
08404;rural
08405;rural
08406;rural
08407;rural
08408;rural
08409;urbain
08410;rural
08411;rural
08412;rural
08413;rural
08415;rural
08416;rural
08417;rural
08418;rural
08419;rural
08420;rural
08421;rural
08422;rural
08424;rural
08425;rural
08426;rural
08427;rural
08428;rural
08429;rural
08430;rural
08431;rural
08432;rural
08433;rural
08434;rural
08435;rural
08436;rural
08437;rural
08438;rural
08439;rural
08440;rural
08444;rural
08445;rural
08446;rural
08448;rural
08449;rural
08450;rural
08451;rural
08452;rural
08453;rural
08454;rural
08455;rural
08456;rural
08457;rural
08458;rural
08459;rural
08460;rural
08461;rural
08462;rural
08463;rural
08464;rural
08465;rural
08466;rural
08467;rural
08468;rural
08469;rural
08470;rural
08471;rural
08472;rural
08473;rural
08476;rural
08477;rural
08478;rural
08479;rural
08480;urbain
08481;rural
08482;rural
08483;urbain
08484;rural
08485;rural
08486;rural
08487;rural
08488;urbain
08489;rural
08490;rural
08491;urbain
08492;rural
08494;rural
08496;rural
08497;urbain
08498;rural
08499;rural
08500;rural
08501;rural
08502;rural
08503;rural
09001;rural
09002;rural
09003;rural
09004;rural
09005;rural
09006;rural
09007;rural
09008;rural
09009;rural
09011;rural
09012;rural
09013;rural
09014;rural
09015;rural
09016;rural
09017;rural
09018;rural
09019;rural
09020;rural
09021;rural
09022;rural
09023;rural
09024;rural
09025;rural
09026;rural
09027;rural
09029;rural
09030;rural
09031;rural
09032;rural
09033;rural
09034;rural
09035;rural
09037;rural
09038;rural
09039;rural
09040;rural
09041;rural
09042;rural
09043;rural
09044;rural
09045;rural
09046;rural
09047;rural
09048;rural
09049;rural
09050;urbain
09051;rural
09052;rural
09053;rural
09054;rural
09055;rural
09056;rural
09057;rural
09058;rural
09059;rural
09060;rural
09061;rural
09062;rural
09063;rural
09064;rural
09065;rural
09066;rural
09067;rural
09068;rural
09069;rural
09070;rural
09071;rural
09072;rural
09073;rural
09074;rural
09075;rural
09076;rural
09077;rural
09078;rural
09079;rural
09080;rural
09081;rural
09082;rural
09083;rural
09084;rural
09085;rural
09086;rural
09087;rural
09088;rural
09089;rural
09090;rural
09091;rural
09092;rural
09093;rural
09094;rural
09095;rural
09096;rural
09097;rural
09098;rural
09099;rural
09100;rural
09101;rural
09102;rural
09103;rural
09104;rural
09105;rural
09106;rural
09107;rural
09108;rural
09109;rural
09110;rural
09111;rural
09113;rural
09114;rural
09115;rural
09116;rural
09117;rural
09118;rural
09119;urbain
09120;rural
09121;urbain
09122;urbain
09123;rural
09124;rural
09125;rural
09126;rural
09127;rural
09128;rural
09129;rural
09130;rural
09131;rural
09132;rural
09133;rural
09134;rural
09136;rural
09137;rural
09138;rural
09139;rural
09140;rural
09141;rural
09142;rural
09143;rural
09145;rural
09146;rural
09147;rural
09148;rural
09149;rural
09150;rural
09151;rural
09152;rural
09153;rural
09154;rural
09155;rural
09156;rural
09157;rural
09158;rural
09159;rural
09160;urbain
09161;rural
09162;rural
09163;rural
09164;rural
09165;rural
09166;rural
09167;rural
09168;rural
09169;rural
09170;rural
09171;rural
09172;rural
09173;rural
09174;rural
09175;rural
09176;rural
09177;rural
09178;rural
09179;rural
09180;rural
09181;rural
09182;rural
09183;rural
09184;rural
09185;rural
09186;rural
09187;rural
09188;rural
09189;rural
09190;rural
09192;rural
09193;rural
09194;rural
09195;rural
09196;rural
09197;rural
09198;rural
09199;rural
09200;rural
09201;rural
09202;rural
09203;rural
09204;rural
09205;rural
09206;rural
09207;urbain
09208;rural
09209;rural
09210;rural
09211;rural
09212;rural
09213;rural
09214;rural
09215;rural
09216;rural
09217;rural
09218;rural
09219;rural
09220;rural
09221;rural
09222;rural
09223;rural
09224;rural
09225;urbain
09226;rural
09227;rural
09228;rural
09229;rural
09230;rural
09231;rural
09232;rural
09233;rural
09234;rural
09235;rural
09236;rural
09237;rural
09238;rural
09239;rural
09240;rural
09241;rural
09242;rural
09243;rural
09244;rural
09245;urbain
09246;rural
09247;rural
09249;rural
09250;rural
09251;rural
09252;rural
09253;rural
09254;rural
09256;rural
09257;rural
09258;rural
09259;rural
09260;rural
09261;urbain
09262;rural
09263;rural
09264;rural
09265;urbain
09266;rural
09267;rural
09268;urbain
09269;rural
09270;rural
09271;rural
09272;urbain
09273;rural
09274;rural
09275;rural
09276;rural
09277;rural
09279;rural
09280;rural
09281;rural
09282;rural
09283;rural
09284;rural
09285;rural
09289;urbain
09290;rural
09291;rural
09292;rural
09293;rural
09294;rural
09295;rural
09296;rural
09297;rural
09298;rural
09299;rural
09300;rural
09301;rural
09303;rural
09304;rural
09305;rural
09306;rural
09307;rural
09308;rural
09309;rural
09310;rural
09311;rural
09312;urbain
09313;rural
09314;rural
09315;rural
09316;rural
09318;rural
09319;rural
09320;rural
09321;rural
09322;rural
09323;rural
09324;urbain
09325;rural
09326;rural
09327;rural
09328;rural
09329;urbain
09330;rural
09331;rural
09332;urbain
09334;rural
09335;rural
09336;urbain
09338;rural
09339;rural
09340;rural
09341;rural
09342;rural
10002;rural
10003;rural
10004;rural
10005;rural
10006;rural
10007;rural
10008;rural
10009;rural
10010;rural
10011;rural
10012;rural
10013;rural
10014;rural
10015;rural
10017;rural
10018;rural
10019;rural
10020;rural
10021;rural
10022;rural
10023;rural
10024;rural
10025;rural
10026;rural
10027;rural
10028;rural
10029;rural
10030;urbain
10031;rural
10032;rural
10033;rural
10034;rural
10035;rural
10037;rural
10038;rural
10039;rural
10040;rural
10041;rural
10042;rural
10043;rural
10044;rural
10045;rural
10046;rural
10047;rural
10048;rural
10049;rural
10050;rural
10051;rural
10052;rural
10053;rural
10054;rural
10055;rural
10056;rural
10057;rural
10058;rural
10059;rural
10060;urbain
10061;rural
10062;rural
10063;rural
10064;rural
10065;rural
10066;rural
10067;urbain
10068;rural
10069;rural
10070;rural
10071;rural
10072;rural
10073;rural
10074;rural
10075;rural
10076;rural
10077;rural
10078;rural
10079;rural
10080;rural
10081;urbain
10082;rural
10083;rural
10084;rural
10085;rural
10086;rural
10087;rural
10089;rural
10090;rural
10091;rural
10092;rural
10093;rural
10094;rural
10095;rural
10096;rural
10097;rural
10098;rural
10099;rural
10100;rural
10101;rural
10102;rural
10103;rural
10104;rural
10105;rural
10106;rural
10107;rural
10108;rural
10109;rural
10110;rural
10111;rural
10112;rural
10113;rural
10114;rural
10115;urbain
10116;rural
10117;rural
10118;rural
10119;rural
10120;rural
10121;rural
10122;rural
10123;rural
10124;rural
10125;rural
10126;rural
10127;rural
10128;rural
10129;rural
10130;rural
10131;rural
10132;rural
10133;rural
10134;rural
10135;rural
10136;rural
10137;rural
10138;rural
10139;rural
10140;rural
10141;rural
10142;rural
10143;rural
10144;rural
10145;rural
10146;rural
10147;rural
10148;rural
10149;rural
10150;rural
10151;rural
10153;rural
10154;rural
10155;rural
10156;rural
10157;rural
10158;rural
10159;rural
10160;rural
10161;rural
10162;rural
10163;rural
10164;rural
10165;rural
10166;rural
10167;rural
10168;rural
10169;rural
10170;rural
10171;rural
10172;rural
10173;rural
10174;rural
10175;rural
10176;rural
10177;rural
10178;rural
10179;rural
10180;rural
10181;rural
10182;rural
10183;rural
10184;rural
10185;rural
10186;rural
10187;rural
10188;rural
10189;rural
10190;rural
10191;urbain
10192;rural
10193;rural
10194;rural
10195;rural
10196;rural
10197;rural
10198;rural
10199;rural
10200;rural
10201;rural
10202;rural
10203;rural
10204;rural
10205;rural
10206;rural
10207;rural
10208;rural
10209;rural
10210;rural
10211;rural
10212;rural
10213;rural
10214;rural
10215;rural
10216;rural
10217;rural
10218;rural
10219;rural
10220;rural
10221;rural
10222;rural
10223;rural
10224;rural
10225;rural
10226;rural
10227;rural
10228;rural
10229;rural
10230;rural
10231;rural
10232;rural
10233;rural
10234;rural
10235;rural
10236;rural
10237;rural
10238;rural
10239;rural
10240;rural
10241;rural
10242;rural
10243;rural
10245;rural
10246;rural
10247;rural
10248;rural
10249;rural
10250;rural
10251;rural
10252;rural
10253;rural
10254;rural
10255;rural
10256;rural
10257;rural
10258;rural
10259;rural
10260;rural
10261;rural
10262;rural
10263;rural
10264;rural
10265;urbain
10266;rural
10267;rural
10268;urbain
10269;rural
10270;rural
10271;rural
10272;rural
10273;rural
10274;rural
10275;rural
10276;rural
10278;rural
10279;rural
10280;rural
10281;rural
10282;urbain
10283;rural
10284;rural
10285;rural
10286;rural
10287;rural
10288;rural
10289;rural
10290;rural
10291;rural
10293;rural
10294;rural
10295;rural
10296;rural
10297;urbain
10298;rural
10299;rural
10300;rural
10301;rural
10302;rural
10303;rural
10304;rural
10305;rural
10306;rural
10307;rural
10308;rural
10309;rural
10310;rural
10312;rural
10313;rural
10314;rural
10315;rural
10316;rural
10317;rural
10318;rural
10319;rural
10320;rural
10321;urbain
10323;urbain
10324;rural
10325;urbain
10326;rural
10327;rural
10328;rural
10329;rural
10330;rural
10331;rural
10332;rural
10333;urbain
10334;rural
10335;rural
10336;rural
10337;rural
10338;rural
10339;rural
10340;rural
10341;rural
10342;rural
10343;urbain
10344;urbain
10345;rural
10346;rural
10347;rural
10348;rural
10349;urbain
10350;rural
10351;rural
10352;urbain
10353;rural
10354;rural
10355;rural
10356;rural
10357;urbain
10358;rural
10359;rural
10360;rural
10361;rural
10362;urbain
10363;rural
10364;rural
10365;rural
10366;rural
10367;rural
10368;rural
10369;rural
10370;rural
10371;rural
10372;rural
10373;rural
10374;rural
10375;rural
10376;rural
10377;rural
10378;rural
10379;rural
10380;rural
10381;rural
10382;rural
10383;rural
10384;rural
10386;rural
10387;urbain
10388;rural
10389;rural
10390;rural
10391;rural
10392;rural
10393;rural
10394;rural
10395;rural
10396;rural
10397;rural
10398;rural
10399;rural
10400;rural
10401;rural
10402;rural
10403;rural
10404;rural
10405;rural
10406;rural
10408;rural
10409;rural
10410;rural
10411;rural
10412;rural
10414;rural
10416;rural
10417;rural
10418;rural
10419;rural
10420;rural
10421;rural
10422;rural
10423;rural
10424;rural
10425;rural
10426;rural
10427;rural
10428;rural
10429;rural
10430;rural
10431;rural
10432;rural
10433;rural
10434;rural
10435;rural
10436;rural
10437;rural
10438;rural
10439;rural
10440;rural
10441;rural
10442;rural
10443;rural
10444;rural
10445;rural
11001;rural
11002;rural
11003;rural
11004;rural
11005;rural
11006;rural
11007;rural
11008;rural
11009;rural
11010;rural
11011;rural
11012;rural
11013;rural
11014;rural
11015;rural
11016;rural
11017;rural
11018;rural
11019;rural
11020;rural
11021;rural
11022;rural
11023;rural
11024;rural
11025;rural
11026;rural
11027;rural
11028;rural
11029;rural
11030;rural
11031;rural
11032;rural
11033;rural
11034;rural
11035;rural
11036;rural
11037;rural
11038;rural
11039;rural
11040;rural
11041;rural
11042;rural
11043;rural
11044;rural
11045;rural
11046;rural
11047;rural
11048;rural
11049;rural
11051;rural
11052;rural
11053;rural
11054;rural
11055;rural
11056;rural
11057;rural
11058;rural
11059;rural
11060;rural
11061;rural
11062;rural
11063;rural
11064;rural
11065;rural
11066;rural
11067;rural
11068;rural
11069;urbain
11070;rural
11071;rural
11072;rural
11073;rural
11074;rural
11075;rural
11076;urbain
11077;rural
11078;rural
11079;rural
11080;rural
11081;rural
11082;rural
11083;rural
11084;rural
11085;rural
11086;rural
11087;rural
11088;urbain
11089;rural
11090;rural
11091;rural
11092;rural
11093;rural
11094;rural
11095;rural
11096;rural
11098;rural
11099;rural
11100;rural
11101;rural
11102;rural
11103;rural
11104;rural
11105;rural
11106;urbain
11107;rural
11108;rural
11109;rural
11110;rural
11111;rural
11112;rural
11113;rural
11114;rural
11115;rural
11116;rural
11117;rural
11118;rural
11119;rural
11120;rural
11121;rural
11122;rural
11123;rural
11124;rural
11125;rural
11126;rural
11127;rural
11128;rural
11129;rural
11130;rural
11131;rural
11132;rural
11133;rural
11134;rural
11135;rural
11136;rural
11137;rural
11138;rural
11139;rural
11140;rural
11141;rural
11142;rural
11143;rural
11144;rural
11145;urbain
11146;rural
11147;rural
11148;rural
11149;rural
11150;rural
11151;rural
11152;rural
11153;rural
11154;rural
11155;rural
11156;rural
11157;rural
11158;rural
11159;rural
11160;rural
11161;rural
11162;rural
11163;rural
11164;rural
11165;rural
11166;rural
11167;rural
11168;rural
11169;rural
11170;rural
11172;rural
11173;rural
11174;rural
11175;rural
11176;rural
11177;rural
11178;rural
11179;rural
11180;rural
11181;rural
11182;rural
11183;rural
11184;rural
11185;rural
11186;rural
11187;rural
11188;rural
11189;rural
11190;rural
11191;rural
11192;rural
11193;rural
11194;rural
11195;rural
11196;rural
11197;rural
11198;rural
11199;rural
11200;rural
11201;rural
11202;rural
11203;urbain
11204;rural
11205;rural
11206;urbain
11207;rural
11208;rural
11209;rural
11210;urbain
11211;rural
11212;rural
11213;rural
11214;rural
11215;rural
11216;rural
11217;rural
11218;rural
11219;rural
11220;rural
11221;rural
11222;rural
11223;rural
11224;rural
11225;rural
11226;rural
11227;rural
11228;rural
11229;rural
11230;rural
11231;rural
11232;rural
11233;rural
11234;rural
11235;rural
11236;rural
11238;rural
11239;rural
11240;rural
11241;rural
11242;rural
11243;rural
11244;rural
11245;rural
11246;rural
11247;rural
11248;rural
11249;rural
11250;rural
11251;rural
11252;rural
11253;rural
11254;rural
11255;rural
11256;rural
11257;rural
11258;rural
11259;rural
11260;rural
11261;rural
11262;urbain
11263;rural
11264;rural
11265;rural
11266;urbain
11267;rural
11268;rural
11269;rural
11270;rural
11271;rural
11272;urbain
11273;rural
11274;rural
11275;rural
11276;rural
11277;rural
11278;rural
11279;rural
11280;rural
11281;rural
11282;rural
11283;rural
11284;rural
11285;rural
11286;rural
11287;rural
11288;rural
11289;urbain
11290;rural
11291;rural
11292;rural
11293;rural
11294;rural
11295;rural
11296;rural
11297;rural
11299;rural
11300;rural
11301;rural
11302;rural
11303;rural
11304;rural
11305;rural
11306;rural
11307;rural
11308;rural
11309;rural
11310;rural
11311;rural
11312;rural
11313;rural
11314;rural
11315;rural
11316;rural
11317;rural
11318;rural
11319;rural
11320;rural
11321;rural
11322;rural
11323;rural
11324;rural
11325;rural
11326;rural
11327;rural
11328;rural
11330;rural
11331;rural
11332;rural
11333;rural
11334;rural
11335;rural
11336;rural
11337;rural
11338;rural
11339;rural
11340;rural
11341;rural
11342;rural
11343;rural
11344;rural
11345;rural
11346;rural
11347;rural
11348;rural
11350;rural
11351;rural
11352;rural
11353;rural
11354;rural
11355;rural
11356;rural
11357;rural
11358;rural
11359;rural
11360;rural
11361;rural
11362;rural
11363;rural
11364;rural
11365;rural
11366;rural
11367;rural
11368;rural
11369;rural
11370;urbain
11371;rural
11372;rural
11373;rural
11374;rural
11375;rural
11376;rural
11377;rural
11378;rural
11379;urbain
11380;rural
11381;rural
11382;rural
11383;rural
11384;rural
11385;rural
11386;rural
11387;rural
11388;rural
11389;rural
11390;rural
11391;rural
11392;rural
11393;rural
11394;rural
11395;rural
11396;rural
11397;rural
11398;rural
11399;rural
11400;rural
11401;rural
11402;rural
11404;rural
11405;rural
11406;rural
11407;rural
11408;rural
11409;rural
11410;rural
11411;rural
11412;rural
11413;rural
11414;rural
11415;rural
11416;rural
11417;rural
11418;rural
11419;rural
11420;rural
11421;rural
11422;rural
11423;rural
11424;rural
11425;urbain
11426;rural
11427;rural
11428;rural
11429;urbain
11430;urbain
11431;rural
11432;rural
11433;rural
11434;rural
11435;rural
11436;rural
11437;rural
11438;rural
11439;rural
11440;rural
11441;rural
12001;rural
12002;rural
12003;rural
12004;rural
12006;rural
12007;rural
12008;rural
12009;rural
12010;rural
12011;rural
12012;rural
12013;rural
12015;rural
12016;rural
12017;rural
12018;rural
12019;rural
12021;rural
12022;rural
12023;rural
12024;rural
12025;rural
12026;rural
12027;rural
12028;rural
12029;rural
12030;rural
12031;rural
12032;rural
12033;rural
12034;rural
12035;rural
12036;rural
12037;rural
12038;rural
12039;rural
12041;rural
12042;rural
12043;rural
12044;rural
12045;rural
12046;rural
12047;rural
12048;rural
12049;rural
12050;rural
12051;rural
12052;rural
12053;rural
12054;rural
12055;rural
12056;rural
12057;rural
12058;rural
12059;rural
12060;rural
12061;rural
12062;rural
12063;rural
12064;rural
12065;rural
12066;rural
12067;rural
12068;rural
12069;rural
12070;rural
12071;rural
12072;rural
12073;rural
12074;rural
12075;rural
12077;rural
12078;rural
12079;rural
12080;rural
12082;rural
12083;rural
12084;urbain
12085;rural
12086;rural
12088;rural
12089;urbain
12090;rural
12091;rural
12092;rural
12093;rural
12094;rural
12095;rural
12096;rural
12097;rural
12098;rural
12099;rural
12100;rural
12101;rural
12102;rural
12103;rural
12104;rural
12105;rural
12106;rural
12107;rural
12108;rural
12109;rural
12110;rural
12111;rural
12113;rural
12115;rural
12116;rural
12118;rural
12119;rural
12120;rural
12121;rural
12122;rural
12124;rural
12125;rural
12127;rural
12128;rural
12129;rural
12130;rural
12131;rural
12133;rural
12134;rural
12135;rural
12136;rural
12137;rural
12138;rural
12139;rural
12140;rural
12141;rural
12142;rural
12143;rural
12144;rural
12145;urbain
12146;urbain
12147;rural
12148;rural
12149;rural
12150;rural
12151;rural
12152;rural
12153;rural
12154;rural
12155;rural
12156;rural
12157;rural
12158;rural
12159;rural
12160;rural
12161;rural
12162;rural
12163;rural
12164;rural
12165;rural
12166;rural
12167;rural
12168;rural
12169;rural
12170;rural
12171;rural
12172;rural
12174;urbain
12175;rural
12176;urbain
12177;rural
12178;rural
12179;rural
12180;rural
12181;rural
12182;rural
12183;rural
12184;rural
12185;rural
12186;rural
12187;rural
12188;rural
12189;rural
12190;rural
12191;rural
12192;rural
12193;rural
12194;rural
12195;rural
12197;rural
12198;rural
12199;rural
12200;rural
12201;rural
12202;urbain
12203;rural
12204;rural
12205;rural
12206;rural
12207;rural
12208;urbain
12209;rural
12210;rural
12211;rural
12212;rural
12213;rural
12214;rural
12215;rural
12216;rural
12217;rural
12218;rural
12219;rural
12220;rural
12221;rural
12222;rural
12223;rural
12224;rural
12225;rural
12226;rural
12227;rural
12228;rural
12229;rural
12230;rural
12231;rural
12232;rural
12233;rural
12234;rural
12235;rural
12236;rural
12237;rural
12238;rural
12239;rural
12240;rural
12241;rural
12242;rural
12243;rural
12244;rural
12246;rural
12247;rural
12248;rural
12249;rural
12250;rural
12251;rural
12252;rural
12253;rural
12254;rural
12255;rural
12256;rural
12257;rural
12258;rural
12259;rural
12260;rural
12261;rural
12262;rural
12263;rural
12264;rural
12265;rural
12266;rural
12267;rural
12268;rural
12269;rural
12270;rural
12272;rural
12273;rural
12274;rural
12275;rural
12276;rural
12277;rural
12278;rural
12280;rural
12281;rural
12282;rural
12283;rural
12284;rural
12286;rural
12287;rural
12288;rural
12289;rural
12290;rural
12291;rural
12292;rural
12293;rural
12294;rural
12295;rural
12296;rural
12297;rural
12298;rural
12299;rural
12300;urbain
12301;rural
12303;rural
12305;urbain
12307;rural
13001;urbain
13002;urbain
13003;urbain
13004;urbain
13005;urbain
13006;rural
13007;urbain
13008;rural
13009;urbain
13010;rural
13011;rural
13012;rural
13013;rural
13014;urbain
13015;urbain
13016;urbain
13017;rural
13018;rural
13019;urbain
13020;urbain
13021;urbain
13022;urbain
13023;urbain
13024;rural
13025;rural
13026;urbain
13027;urbain
13028;urbain
13029;rural
13030;rural
13031;urbain
13032;urbain
13033;rural
13034;rural
13035;urbain
13036;rural
13037;urbain
13038;rural
13039;urbain
13040;urbain
13041;urbain
13042;urbain
13043;urbain
13044;urbain
13045;urbain
13046;urbain
13047;urbain
13048;urbain
13049;rural
13050;urbain
13051;urbain
13052;urbain
13053;urbain
13054;urbain
13055;urbain
13056;urbain
13057;rural
13058;rural
13059;rural
13060;urbain
13061;rural
13062;urbain
13063;urbain
13064;rural
13065;rural
13066;rural
13067;urbain
13068;rural
13069;urbain
13070;urbain
13071;urbain
13072;rural
13073;urbain
13074;urbain
13075;urbain
13076;rural
13077;urbain
13078;urbain
13079;rural
13080;rural
13081;urbain
13082;rural
13083;rural
13084;rural
13085;urbain
13086;urbain
13087;rural
13088;rural
13089;rural
13090;rural
13091;rural
13092;urbain
13093;rural
13094;rural
13095;rural
13096;rural
13097;urbain
13098;urbain
13099;rural
13100;urbain
13101;urbain
13102;urbain
13103;urbain
13104;urbain
13105;urbain
13106;urbain
13107;urbain
13108;urbain
13109;rural
13110;urbain
13111;rural
13112;urbain
13113;urbain
13114;urbain
13115;rural
13116;rural
13117;urbain
13118;urbain
13119;urbain
14001;rural
14003;rural
14005;rural
14006;rural
14007;rural
14009;rural
14012;rural
14014;rural
14015;urbain
14016;rural
14019;rural
14020;urbain
14021;rural
14022;rural
14023;rural
14024;rural
14025;rural
14026;rural
14027;rural
14030;urbain
14032;rural
14033;rural
14034;rural
14035;rural
14036;rural
14037;rural
14038;rural
14039;rural
14040;rural
14041;rural
14042;urbain
14043;rural
14044;rural
14045;rural
14046;rural
14047;urbain
14049;rural
14050;rural
14053;rural
14054;rural
14055;rural
14057;urbain
14059;rural
14060;urbain
14061;rural
14062;rural
14063;rural
14064;rural
14066;urbain
14068;urbain
14069;urbain
14070;rural
14076;urbain
14077;rural
14078;rural
14079;rural
14080;rural
14082;rural
14083;rural
14084;rural
14085;rural
14086;rural
14087;rural
14088;rural
14089;urbain
14090;rural
14091;rural
14092;urbain
14093;rural
14096;rural
14097;rural
14098;rural
14100;rural
14101;urbain
14102;rural
14103;rural
14104;rural
14106;rural
14107;rural
14110;rural
14111;rural
14116;rural
14117;urbain
14118;urbain
14119;rural
14120;rural
14121;rural
14122;rural
14123;rural
14124;rural
14125;urbain
14126;rural
14127;rural
14130;rural
14131;rural
14132;rural
14134;rural
14135;rural
14136;rural
14137;urbain
14138;rural
14140;rural
14141;rural
14143;rural
14145;rural
14146;rural
14147;rural
14149;rural
14150;rural
14159;rural
14160;rural
14161;rural
14162;rural
14163;rural
14165;rural
14166;urbain
14167;urbain
14168;rural
14169;rural
14171;rural
14172;rural
14173;rural
14174;rural
14175;rural
14177;rural
14179;rural
14180;rural
14181;urbain
14182;rural
14183;rural
14184;rural
14190;rural
14191;rural
14193;rural
14194;rural
14195;rural
14196;rural
14197;urbain
14198;rural
14200;rural
14202;rural
14203;rural
14204;rural
14205;rural
14206;rural
14207;rural
14209;rural
14211;rural
14214;rural
14215;urbain
14216;rural
14218;rural
14220;urbain
14221;urbain
14223;rural
14224;rural
14225;urbain
14226;rural
14227;rural
14228;urbain
14229;rural
14230;rural
14231;rural
14232;rural
14236;rural
14237;rural
14238;rural
14239;rural
14240;rural
14241;rural
14242;urbain
14243;rural
14244;rural
14245;rural
14246;urbain
14248;rural
14249;rural
14250;rural
14251;rural
14252;rural
14254;urbain
14256;rural
14257;urbain
14258;urbain
14260;rural
14261;rural
14266;urbain
14269;rural
14270;rural
14271;urbain
14272;rural
14273;rural
14274;urbain
14275;rural
14276;rural
14277;urbain
14278;rural
14280;rural
14281;rural
14282;rural
14283;rural
14284;rural
14285;rural
14286;rural
14287;rural
14288;rural
14289;rural
14290;rural
14291;rural
14293;rural
14297;urbain
14298;rural
14299;rural
14301;urbain
14302;rural
14303;rural
14304;rural
14305;rural
14306;rural
14308;rural
14309;rural
14310;rural
14311;urbain
14312;rural
14316;rural
14318;rural
14319;urbain
14320;rural
14322;rural
14325;urbain
14326;rural
14327;urbain
14328;urbain
14329;rural
14332;rural
14333;urbain
14334;rural
14335;rural
14336;rural
14337;rural
14338;urbain
14341;urbain
14342;rural
14343;rural
14344;rural
14345;rural
14346;rural
14347;rural
14348;rural
14349;rural
14352;rural
14353;rural
14354;urbain
14355;rural
14357;rural
14358;rural
14360;rural
14362;rural
14364;rural
14365;urbain
14366;urbain
14367;rural
14368;rural
14369;rural
14370;rural
14371;rural
14374;rural
14375;rural
14377;rural
14378;rural
14379;rural
14380;rural
14381;rural
14383;urbain
14384;urbain
14385;rural
14389;rural
14390;rural
14391;rural
14393;rural
14394;rural
14396;rural
14397;rural
14398;rural
14399;rural
14400;rural
14401;rural
14402;rural
14403;rural
14404;rural
14405;rural
14406;rural
14407;urbain
14408;urbain
14409;rural
14410;rural
14411;rural
14412;rural
14419;rural
14421;rural
14424;rural
14425;rural
14426;rural
14427;rural
14430;rural
14431;rural
14435;rural
14436;urbain
14437;urbain
14438;urbain
14439;rural
14445;rural
14446;rural
14448;rural
14449;rural
14452;rural
14453;rural
14454;urbain
14455;rural
14456;urbain
14457;rural
14458;rural
14460;rural
14461;rural
14465;rural
14466;rural
14467;rural
14468;rural
14469;rural
14473;rural
14474;rural
14475;rural
14476;rural
14478;rural
14480;rural
14482;rural
14483;rural
14484;rural
14486;rural
14487;rural
14488;urbain
14491;rural
14492;rural
14494;rural
14495;urbain
14496;rural
14497;rural
14498;rural
14499;rural
14500;rural
14501;rural
14502;rural
14504;rural
14506;rural
14509;urbain
14510;rural
14511;rural
14512;rural
14514;rural
14515;rural
14516;rural
14519;rural
14520;rural
14522;rural
14524;rural
14527;rural
14528;rural
14529;rural
14530;urbain
14531;rural
14533;rural
14534;rural
14535;rural
14536;urbain
14538;rural
14540;rural
14541;rural
14542;rural
14543;rural
14546;rural
14547;rural
14550;rural
14552;rural
14554;rural
14555;rural
14556;urbain
14557;urbain
14558;urbain
14559;rural
14562;urbain
14563;rural
14565;rural
14566;urbain
14569;rural
14570;rural
14571;rural
14572;rural
14574;urbain
14575;rural
14576;rural
14578;rural
14579;rural
14581;rural
14582;rural
14586;rural
14587;urbain
14588;rural
14589;rural
14590;rural
14591;rural
14592;rural
14593;rural
14595;rural
14598;rural
14601;rural
14602;rural
14603;rural
14605;rural
14606;rural
14607;rural
14609;rural
14610;rural
14613;rural
14614;rural
14619;rural
14620;rural
14621;rural
14622;rural
14625;rural
14626;rural
14627;rural
14630;rural
14635;rural
14637;rural
14639;rural
14640;rural
14643;rural
14644;rural
14645;rural
14646;rural
14648;rural
14649;rural
14650;rural
14651;rural
14652;rural
14654;rural
14656;rural
14657;rural
14658;rural
14659;rural
14660;rural
14661;rural
14663;urbain
14664;rural
14665;rural
14666;rural
14667;rural
14668;rural
14669;rural
14672;rural
14674;rural
14675;urbain
14676;rural
14677;rural
14678;rural
14679;rural
14680;rural
14681;rural
14682;rural
14684;rural
14685;rural
14687;rural
14689;rural
14692;rural
14694;rural
14698;rural
14699;urbain
14700;rural
14701;rural
14705;rural
14706;rural
14707;urbain
14708;rural
14709;rural
14710;rural
14711;rural
14712;rural
14713;rural
14714;rural
14715;urbain
14716;rural
14719;rural
14720;rural
14721;rural
14723;rural
14724;rural
14726;rural
14728;urbain
14731;rural
14732;rural
14733;rural
14734;rural
14735;rural
14737;rural
14738;urbain
14739;rural
14740;rural
14741;rural
14742;rural
14743;rural
14744;rural
14745;rural
14747;rural
14748;rural
14751;rural
14752;rural
14753;rural
14754;rural
14755;urbain
14756;rural
14758;rural
14759;rural
14760;rural
14761;urbain
14762;urbain
14764;rural
15001;rural
15002;rural
15003;rural
15004;rural
15005;rural
15006;rural
15007;rural
15008;rural
15009;rural
15010;rural
15011;rural
15012;urbain
15013;rural
15014;urbain
15015;rural
15016;rural
15017;rural
15018;rural
15019;rural
15020;rural
15021;rural
15022;rural
15024;rural
15025;rural
15026;rural
15027;rural
15028;rural
15029;rural
15030;rural
15031;rural
15032;rural
15033;rural
15034;rural
15035;rural
15036;rural
15037;rural
15038;rural
15040;rural
15041;rural
15042;rural
15043;rural
15045;rural
15046;rural
15047;rural
15048;rural
15049;rural
15050;rural
15051;rural
15052;rural
15053;rural
15054;rural
15055;rural
15056;rural
15057;rural
15058;rural
15059;rural
15060;rural
15061;rural
15063;rural
15064;rural
15065;rural
15066;rural
15067;rural
15069;rural
15070;rural
15072;rural
15073;rural
15074;rural
15075;rural
15076;rural
15077;rural
15078;rural
15079;rural
15080;rural
15081;rural
15082;rural
15083;rural
15084;rural
15085;rural
15086;rural
15087;rural
15088;rural
15089;rural
15090;rural
15091;rural
15092;rural
15093;rural
15094;rural
15095;rural
15096;rural
15097;rural
15098;rural
15100;rural
15101;rural
15102;rural
15103;rural
15104;rural
15105;rural
15106;rural
15107;rural
15108;rural
15110;rural
15111;rural
15112;rural
15113;rural
15114;rural
15116;rural
15117;rural
15118;rural
15119;rural
15120;rural
15121;rural
15122;rural
15123;rural
15124;rural
15125;rural
15126;rural
15127;rural
15128;rural
15129;rural
15130;rural
15131;rural
15132;rural
15133;rural
15134;rural
15135;rural
15137;rural
15138;rural
15139;rural
15140;rural
15141;rural
15142;rural
15143;rural
15144;rural
15146;rural
15147;rural
15148;rural
15149;rural
15151;rural
15152;rural
15153;rural
15154;rural
15155;rural
15156;rural
15157;rural
15158;rural
15159;rural
15160;rural
15161;rural
15162;rural
15163;rural
15164;rural
15165;rural
15166;rural
15167;rural
15168;rural
15169;rural
15170;rural
15171;rural
15172;rural
15173;rural
15174;rural
15175;rural
15176;rural
15178;rural
15179;rural
15180;rural
15181;rural
15182;rural
15183;rural
15184;rural
15185;rural
15186;rural
15187;urbain
15188;rural
15189;rural
15190;rural
15191;rural
15192;rural
15194;rural
15196;rural
15198;rural
15199;rural
15200;rural
15201;rural
15202;rural
15203;rural
15204;rural
15205;rural
15206;rural
15207;rural
15208;rural
15209;rural
15211;rural
15212;rural
15213;rural
15214;rural
15215;rural
15216;rural
15217;rural
15218;rural
15219;rural
15220;rural
15221;rural
15222;rural
15223;rural
15224;rural
15225;rural
15226;rural
15228;rural
15229;rural
15230;rural
15231;rural
15232;rural
15233;rural
15234;rural
15235;rural
15236;rural
15237;rural
15238;rural
15240;rural
15241;rural
15242;rural
15243;rural
15244;rural
15245;rural
15246;rural
15247;rural
15248;rural
15249;rural
15250;rural
15251;rural
15252;rural
15253;rural
15254;rural
15255;rural
15256;rural
15257;rural
15258;rural
15259;rural
15260;rural
15261;rural
15262;rural
15263;rural
15264;rural
15265;rural
15266;rural
15267;rural
15268;rural
15269;rural
16001;rural
16002;rural
16003;rural
16005;rural
16007;rural
16008;rural
16009;rural
16011;rural
16012;rural
16013;rural
16014;rural
16015;urbain
16016;rural
16018;rural
16019;rural
16020;rural
16023;rural
16024;rural
16025;rural
16026;rural
16027;rural
16028;rural
16029;rural
16030;rural
16031;rural
16032;rural
16034;rural
16035;rural
16036;rural
16037;rural
16038;rural
16039;rural
16040;rural
16041;rural
16042;rural
16044;rural
16045;rural
16046;rural
16047;rural
16048;rural
16049;rural
16050;rural
16052;rural
16053;rural
16054;rural
16055;rural
16056;rural
16057;rural
16058;rural
16059;rural
16060;rural
16061;rural
16062;rural
16063;rural
16064;rural
16065;rural
16066;rural
16067;rural
16068;rural
16069;rural
16070;rural
16071;rural
16072;rural
16073;rural
16074;rural
16075;rural
16076;rural
16077;rural
16078;rural
16079;rural
16081;rural
16082;rural
16083;rural
16084;rural
16085;rural
16086;rural
16087;rural
16088;rural
16089;urbain
16090;rural
16091;rural
16093;rural
16095;rural
16096;rural
16097;rural
16098;rural
16099;rural
16100;rural
16101;rural
16102;urbain
16103;rural
16104;rural
16105;rural
16106;rural
16107;rural
16108;rural
16109;rural
16110;rural
16111;rural
16112;rural
16113;urbain
16114;rural
16116;rural
16117;rural
16118;rural
16119;rural
16120;rural
16121;rural
16122;rural
16123;rural
16124;rural
16125;rural
16127;rural
16128;rural
16130;rural
16131;rural
16132;rural
16133;rural
16134;rural
16135;rural
16136;rural
16137;rural
16138;urbain
16139;rural
16141;rural
16142;rural
16143;rural
16144;rural
16145;rural
16146;rural
16148;rural
16150;rural
16151;rural
16152;rural
16153;rural
16154;urbain
16155;rural
16157;rural
16158;rural
16160;rural
16161;rural
16162;rural
16163;rural
16164;rural
16165;rural
16166;urbain
16167;rural
16168;rural
16169;rural
16170;rural
16171;rural
16173;rural
16174;rural
16175;rural
16176;rural
16177;rural
16178;rural
16180;rural
16181;rural
16182;rural
16183;rural
16184;rural
16185;rural
16186;rural
16187;urbain
16188;rural
16189;rural
16190;rural
16191;rural
16192;rural
16193;rural
16194;rural
16195;rural
16196;rural
16197;rural
16198;rural
16199;urbain
16200;rural
16203;rural
16204;rural
16205;rural
16206;rural
16207;rural
16208;rural
16209;rural
16210;rural
16211;rural
16212;rural
16213;rural
16215;rural
16216;rural
16217;rural
16218;rural
16220;rural
16221;rural
16222;rural
16223;rural
16224;rural
16225;rural
16227;rural
16229;rural
16230;rural
16231;rural
16232;rural
16233;rural
16234;rural
16236;rural
16237;rural
16239;rural
16240;rural
16241;rural
16242;rural
16243;rural
16244;urbain
16245;rural
16246;rural
16248;rural
16249;rural
16250;rural
16251;rural
16252;rural
16253;rural
16254;rural
16255;rural
16256;rural
16258;rural
16260;rural
16261;rural
16263;rural
16264;rural
16267;rural
16268;rural
16269;rural
16270;rural
16271;urbain
16272;rural
16273;rural
16275;rural
16276;rural
16277;rural
16279;rural
16280;rural
16281;rural
16282;rural
16283;rural
16284;rural
16285;rural
16286;rural
16287;rural
16289;rural
16290;rural
16291;urbain
16292;rural
16293;rural
16295;rural
16297;rural
16298;rural
16300;rural
16301;rural
16302;rural
16303;rural
16304;rural
16306;rural
16307;rural
16308;rural
16310;rural
16312;rural
16315;rural
16316;rural
16317;rural
16318;rural
16320;rural
16321;rural
16323;rural
16325;rural
16326;rural
16329;rural
16330;rural
16331;rural
16334;rural
16335;rural
16336;rural
16337;rural
16338;rural
16339;rural
16340;rural
16341;urbain
16342;rural
16343;rural
16345;rural
16346;rural
16347;rural
16348;rural
16349;rural
16350;rural
16352;rural
16353;rural
16354;rural
16356;rural
16357;rural
16358;urbain
16359;rural
16360;rural
16361;rural
16362;rural
16363;rural
16364;rural
16365;rural
16366;rural
16368;rural
16369;rural
16370;rural
16372;rural
16373;rural
16374;urbain
16375;rural
16377;rural
16378;rural
16379;rural
16380;rural
16381;rural
16382;rural
16383;rural
16384;rural
16385;urbain
16387;rural
16388;rural
16389;rural
16390;rural
16392;rural
16393;rural
16394;rural
16395;rural
16396;rural
16397;rural
16398;rural
16399;rural
16400;rural
16401;rural
16402;rural
16403;rural
16404;rural
16405;rural
16406;rural
16408;rural
16409;rural
16412;rural
16413;rural
16414;rural
16415;rural
16416;rural
16418;urbain
16419;rural
16420;rural
16421;rural
16422;rural
16423;rural
16424;rural
16425;rural
17002;rural
17003;rural
17004;rural
17005;rural
17006;rural
17007;rural
17008;rural
17009;rural
17010;urbain
17011;rural
17012;rural
17013;rural
17015;rural
17016;rural
17017;rural
17018;rural
17019;rural
17020;rural
17021;urbain
17022;rural
17023;rural
17024;rural
17025;rural
17026;rural
17027;rural
17028;urbain
17029;rural
17030;rural
17031;rural
17032;rural
17033;rural
17034;rural
17035;rural
17036;rural
17037;rural
17038;rural
17039;rural
17041;rural
17042;rural
17043;rural
17044;rural
17045;rural
17046;rural
17047;rural
17048;rural
17049;rural
17050;rural
17051;urbain
17052;rural
17053;rural
17054;rural
17055;rural
17056;rural
17057;rural
17058;rural
17059;urbain
17060;rural
17061;rural
17062;rural
17063;rural
17064;rural
17065;rural
17066;rural
17067;rural
17068;rural
17069;rural
17070;rural
17071;rural
17072;rural
17073;rural
17074;rural
17075;rural
17076;rural
17077;rural
17078;rural
17079;urbain
17080;rural
17081;rural
17082;rural
17083;rural
17084;rural
17085;rural
17086;rural
17087;rural
17089;rural
17091;rural
17092;rural
17093;rural
17094;urbain
17095;rural
17096;rural
17097;rural
17098;rural
17099;rural
17100;rural
17101;rural
17102;rural
17104;rural
17105;rural
17106;rural
17107;rural
17108;rural
17109;urbain
17110;rural
17111;rural
17112;rural
17113;rural
17114;rural
17115;rural
17116;rural
17117;rural
17118;rural
17119;rural
17120;rural
17121;rural
17122;rural
17124;rural
17125;rural
17126;rural
17127;rural
17128;rural
17129;rural
17130;rural
17131;rural
17132;rural
17133;rural
17134;rural
17135;rural
17136;rural
17137;rural
17138;rural
17139;rural
17140;rural
17141;rural
17142;urbain
17143;rural
17145;rural
17146;rural
17147;rural
17148;rural
17149;rural
17150;rural
17151;rural
17152;rural
17153;rural
17154;rural
17155;urbain
17156;rural
17157;rural
17158;rural
17159;rural
17160;rural
17161;urbain
17162;rural
17163;rural
17164;rural
17165;rural
17166;rural
17167;rural
17168;rural
17171;rural
17172;rural
17173;rural
17174;rural
17175;rural
17176;rural
17177;rural
17178;rural
17179;rural
17180;rural
17181;rural
17182;rural
17183;rural
17184;rural
17185;rural
17186;rural
17187;rural
17188;rural
17190;urbain
17191;rural
17192;rural
17193;urbain
17194;urbain
17195;rural
17196;rural
17197;rural
17198;rural
17199;rural
17200;urbain
17201;rural
17202;rural
17203;rural
17204;rural
17205;rural
17206;rural
17207;rural
17208;rural
17209;rural
17210;rural
17211;rural
17212;rural
17213;rural
17214;rural
17215;rural
17216;rural
17217;rural
17218;rural
17219;rural
17220;rural
17221;rural
17222;rural
17223;rural
17224;rural
17225;rural
17226;rural
17227;rural
17228;rural
17229;rural
17230;rural
17231;rural
17232;rural
17233;rural
17234;rural
17235;rural
17236;rural
17237;rural
17239;rural
17240;rural
17241;rural
17242;rural
17243;rural
17244;rural
17245;urbain
17246;rural
17247;rural
17248;rural
17249;rural
17250;rural
17252;rural
17253;rural
17254;rural
17255;rural
17256;rural
17257;rural
17258;rural
17259;rural
17260;rural
17261;rural
17262;rural
17263;rural
17264;urbain
17265;rural
17266;rural
17267;rural
17268;rural
17269;rural
17270;rural
17271;rural
17273;rural
17274;urbain
17275;rural
17276;rural
17277;rural
17278;rural
17279;rural
17280;rural
17281;rural
17282;rural
17283;rural
17284;rural
17285;rural
17286;rural
17287;rural
17288;rural
17289;rural
17290;rural
17291;urbain
17292;rural
17293;rural
17294;rural
17295;rural
17296;rural
17297;rural
17298;rural
17299;urbain
17300;urbain
17301;rural
17302;rural
17303;rural
17304;rural
17305;rural
17306;urbain
17307;rural
17308;rural
17309;rural
17310;rural
17311;urbain
17312;rural
17313;rural
17314;rural
17315;rural
17316;rural
17317;rural
17318;rural
17319;rural
17320;rural
17321;rural
17322;rural
17323;rural
17324;rural
17325;rural
17326;rural
17327;rural
17328;rural
17329;rural
17330;rural
17331;rural
17332;rural
17333;urbain
17335;rural
17336;rural
17337;rural
17338;rural
17339;rural
17340;rural
17341;rural
17342;rural
17343;rural
17344;rural
17345;rural
17346;rural
17347;urbain
17348;rural
17349;rural
17350;rural
17351;rural
17353;rural
17354;rural
17355;rural
17356;rural
17357;rural
17358;rural
17359;rural
17360;rural
17361;rural
17362;rural
17363;rural
17364;rural
17365;rural
17366;rural
17367;rural
17369;urbain
17372;rural
17373;rural
17374;rural
17375;rural
17376;rural
17377;rural
17378;rural
17379;rural
17380;urbain
17381;rural
17382;rural
17383;rural
17384;rural
17385;rural
17386;rural
17387;rural
17388;rural
17389;rural
17390;rural
17391;urbain
17393;rural
17394;rural
17395;rural
17396;rural
17397;rural
17398;rural
17400;rural
17401;rural
17402;rural
17403;rural
17404;rural
17405;rural
17406;rural
17407;rural
17408;rural
17409;urbain
17410;rural
17411;rural
17412;rural
17413;rural
17414;urbain
17415;urbain
17416;rural
17417;rural
17418;rural
17420;rural
17421;urbain
17422;rural
17423;rural
17424;rural
17425;rural
17426;rural
17427;rural
17428;rural
17429;rural
17430;rural
17431;rural
17432;rural
17433;rural
17434;urbain
17435;rural
17436;rural
17437;rural
17438;rural
17439;rural
17440;rural
17441;rural
17442;rural
17443;rural
17444;rural
17445;rural
17446;rural
17447;rural
17448;rural
17449;urbain
17450;rural
17451;rural
17452;rural
17453;rural
17454;rural
17455;rural
17457;rural
17458;rural
17459;rural
17460;rural
17461;urbain
17462;rural
17463;rural
17464;rural
17465;rural
17466;rural
17467;rural
17468;rural
17469;rural
17470;rural
17471;rural
17472;rural
17473;rural
17474;rural
17476;rural
17477;rural
17478;rural
17479;rural
17480;rural
17481;rural
17482;rural
17483;rural
17484;rural
17485;rural
17486;rural
18001;rural
18002;rural
18003;rural
18004;rural
18005;rural
18006;rural
18007;rural
18008;rural
18009;rural
18010;rural
18011;rural
18012;rural
18013;rural
18014;rural
18015;rural
18016;rural
18017;rural
18018;rural
18019;rural
18020;rural
18021;rural
18022;rural
18023;rural
18024;rural
18025;rural
18026;rural
18027;rural
18028;rural
18029;rural
18030;rural
18031;rural
18032;rural
18033;urbain
18034;rural
18035;rural
18036;rural
18037;rural
18038;rural
18039;rural
18040;rural
18041;rural
18042;rural
18043;rural
18044;rural
18045;rural
18046;rural
18047;rural
18048;rural
18049;rural
18050;rural
18051;rural
18052;rural
18053;rural
18054;rural
18055;rural
18056;rural
18057;rural
18058;rural
18059;rural
18060;rural
18061;rural
18062;rural
18063;rural
18064;rural
18065;rural
18066;rural
18067;rural
18068;rural
18069;rural
18070;rural
18071;rural
18072;rural
18073;rural
18074;rural
18075;rural
18076;rural
18077;rural
18078;rural
18079;rural
18080;rural
18081;rural
18082;rural
18083;rural
18084;rural
18085;rural
18086;rural
18087;rural
18088;rural
18089;rural
18090;rural
18091;rural
18092;rural
18093;rural
18094;rural
18095;rural
18096;rural
18097;rural
18098;rural
18099;rural
18100;rural
18101;rural
18102;rural
18103;rural
18104;rural
18105;rural
18106;rural
18107;rural
18108;rural
18109;rural
18110;rural
18111;rural
18112;rural
18113;rural
18114;rural
18115;rural
18116;rural
18117;rural
18118;rural
18119;rural
18120;rural
18121;rural
18122;rural
18124;rural
18125;rural
18126;rural
18127;rural
18128;rural
18129;rural
18130;rural
18132;rural
18133;rural
18134;rural
18135;rural
18136;rural
18137;rural
18138;rural
18139;rural
18140;rural
18141;urbain
18142;rural
18143;rural
18144;rural
18145;rural
18146;rural
18147;rural
18148;rural
18149;rural
18150;rural
18151;rural
18152;rural
18153;rural
18154;rural
18155;rural
18156;rural
18157;rural
18158;rural
18159;rural
18160;rural
18161;rural
18162;rural
18163;rural
18164;rural
18165;rural
18166;rural
18167;rural
18168;rural
18169;rural
18170;rural
18171;rural
18172;urbain
18173;rural
18174;rural
18175;rural
18176;rural
18177;rural
18178;rural
18179;rural
18180;rural
18181;rural
18182;rural
18183;rural
18184;rural
18185;rural
18186;rural
18187;rural
18188;rural
18189;rural
18190;rural
18191;rural
18192;rural
18193;rural
18194;rural
18195;rural
18196;rural
18197;urbain
18198;rural
18199;rural
18200;rural
18201;rural
18202;rural
18203;rural
18204;rural
18205;urbain
18206;rural
18207;urbain
18208;rural
18209;rural
18210;rural
18211;rural
18212;rural
18213;rural
18214;rural
18215;rural
18216;rural
18217;rural
18218;rural
18219;rural
18220;rural
18221;rural
18223;rural
18224;rural
18225;rural
18226;rural
18227;rural
18228;rural
18229;rural
18230;rural
18231;rural
18232;rural
18233;rural
18234;rural
18235;rural
18236;rural
18237;rural
18238;rural
18240;rural
18241;rural
18242;rural
18243;rural
18244;rural
18245;rural
18246;rural
18247;rural
18248;rural
18249;rural
18250;rural
18251;rural
18252;rural
18253;rural
18254;rural
18255;rural
18256;rural
18257;rural
18258;rural
18259;rural
18260;rural
18261;rural
18262;rural
18263;rural
18264;rural
18265;rural
18266;rural
18267;rural
18268;rural
18269;rural
18270;rural
18271;rural
18272;rural
18273;rural
18274;rural
18275;rural
18276;rural
18277;rural
18278;rural
18279;urbain
18280;rural
18281;rural
18282;rural
18283;rural
18284;rural
18285;rural
18286;rural
18287;rural
18288;rural
18289;rural
18290;rural
19001;rural
19002;rural
19003;rural
19004;rural
19005;rural
19006;rural
19007;rural
19008;rural
19009;rural
19010;rural
19011;rural
19012;rural
19013;rural
19014;rural
19015;rural
19016;rural
19017;rural
19018;rural
19019;rural
19020;rural
19021;rural
19022;rural
19023;rural
19024;rural
19025;rural
19026;rural
19027;rural
19028;rural
19029;rural
19030;rural
19031;urbain
19033;rural
19034;rural
19035;rural
19036;rural
19037;rural
19038;rural
19039;rural
19040;rural
19041;rural
19042;rural
19043;rural
19044;rural
19045;rural
19046;rural
19047;rural
19048;rural
19049;rural
19050;rural
19051;rural
19052;rural
19053;rural
19054;rural
19055;rural
19056;rural
19057;rural
19058;rural
19059;rural
19060;rural
19061;rural
19062;rural
19063;rural
19064;rural
19065;rural
19066;rural
19067;rural
19068;rural
19069;rural
19070;rural
19071;rural
19072;rural
19073;rural
19074;rural
19075;rural
19076;rural
19077;rural
19078;rural
19079;rural
19080;rural
19081;rural
19082;rural
19083;rural
19084;rural
19085;rural
19086;rural
19087;rural
19088;rural
19089;rural
19090;rural
19091;rural
19093;rural
19094;rural
19095;rural
19096;rural
19097;rural
19098;rural
19099;rural
19100;rural
19101;rural
19102;rural
19103;rural
19104;rural
19105;rural
19106;rural
19107;rural
19108;rural
19109;rural
19110;rural
19111;rural
19112;rural
19113;rural
19114;rural
19115;rural
19116;rural
19117;rural
19118;rural
19119;rural
19120;rural
19121;rural
19122;rural
19123;urbain
19124;rural
19125;rural
19126;rural
19128;rural
19129;rural
19130;rural
19131;rural
19132;rural
19133;rural
19134;rural
19135;rural
19136;rural
19137;rural
19138;rural
19139;rural
19140;rural
19141;rural
19142;rural
19143;rural
19144;rural
19145;rural
19146;rural
19147;rural
19148;rural
19149;rural
19150;rural
19151;rural
19152;rural
19153;rural
19154;rural
19155;rural
19156;rural
19157;rural
19158;rural
19159;rural
19160;rural
19161;rural
19162;rural
19163;rural
19164;rural
19165;rural
19166;rural
19167;rural
19168;rural
19169;rural
19170;rural
19171;rural
19172;rural
19173;rural
19174;rural
19175;rural
19176;rural
19177;rural
19178;rural
19179;rural
19180;rural
19181;rural
19182;rural
19184;rural
19186;rural
19187;rural
19188;rural
19189;rural
19190;rural
19191;rural
19192;rural
19193;rural
19194;rural
19195;rural
19196;rural
19198;rural
19199;rural
19200;rural
19201;rural
19202;rural
19203;rural
19204;rural
19205;rural
19206;rural
19207;rural
19208;rural
19209;rural
19210;rural
19211;rural
19212;rural
19213;rural
19214;rural
19215;rural
19216;rural
19217;rural
19219;rural
19220;rural
19221;rural
19222;rural
19225;rural
19226;rural
19227;rural
19228;rural
19229;rural
19231;rural
19232;rural
19233;rural
19234;rural
19235;rural
19236;rural
19237;rural
19238;rural
19239;rural
19240;rural
19241;rural
19242;rural
19243;rural
19244;rural
19245;rural
19246;rural
19247;rural
19248;rural
19249;rural
19250;rural
19251;rural
19252;rural
19253;rural
19254;rural
19255;rural
19256;rural
19257;rural
19258;rural
19259;rural
19260;rural
19261;rural
19262;rural
19263;rural
19264;rural
19265;rural
19266;rural
19268;rural
19269;rural
19270;rural
19271;rural
19272;urbain
19273;rural
19274;urbain
19275;urbain
19276;rural
19277;rural
19278;rural
19279;rural
19280;rural
19281;rural
19283;rural
19284;rural
19285;rural
19286;rural
19287;rural
19288;rural
19289;rural
21001;rural
21002;rural
21003;rural
21004;rural
21005;rural
21006;rural
21007;rural
21008;rural
21009;rural
21010;rural
21011;rural
21012;rural
21013;rural
21014;rural
21015;rural
21016;rural
21017;rural
21018;rural
21020;rural
21021;rural
21022;rural
21023;rural
21024;rural
21025;rural
21026;rural
21027;rural
21028;rural
21029;rural
21030;rural
21031;rural
21032;rural
21033;rural
21034;rural
21035;rural
21036;rural
21037;rural
21038;urbain
21039;rural
21040;rural
21041;rural
21042;rural
21043;rural
21044;rural
21045;rural
21046;rural
21047;rural
21048;rural
21049;rural
21050;rural
21051;rural
21052;rural
21053;rural
21054;urbain
21055;rural
21056;rural
21057;rural
21058;rural
21059;rural
21060;rural
21061;rural
21062;rural
21063;rural
21064;rural
21065;rural
21066;rural
21067;rural
21068;rural
21069;rural
21070;rural
21071;rural
21072;rural
21074;rural
21075;rural
21076;rural
21077;rural
21078;rural
21079;rural
21080;rural
21081;rural
21082;rural
21083;rural
21084;rural
21085;rural
21086;rural
21087;rural
21088;rural
21089;rural
21090;rural
21091;rural
21092;rural
21093;rural
21094;rural
21095;rural
21096;rural
21097;rural
21098;rural
21099;rural
21100;rural
21101;rural
21102;rural
21103;rural
21104;rural
21105;rural
21106;rural
21107;rural
21108;rural
21109;rural
21110;urbain
21111;rural
21112;rural
21113;rural
21114;rural
21115;rural
21116;rural
21117;rural
21118;rural
21119;rural
21120;rural
21121;rural
21122;rural
21123;rural
21124;rural
21125;rural
21126;rural
21127;rural
21128;rural
21129;rural
21130;rural
21131;rural
21132;rural
21133;rural
21134;rural
21135;rural
21136;rural
21137;rural
21138;rural
21139;rural
21140;rural
21141;rural
21142;rural
21143;rural
21144;rural
21145;rural
21146;rural
21147;rural
21148;rural
21149;rural
21150;rural
21151;rural
21152;rural
21153;rural
21154;rural
21155;rural
21156;rural
21157;rural
21158;rural
21159;rural
21160;rural
21161;rural
21162;rural
21163;rural
21164;rural
21165;rural
21166;urbain
21167;rural
21168;rural
21169;rural
21170;rural
21171;urbain
21172;rural
21173;rural
21175;rural
21176;rural
21177;rural
21178;rural
21179;rural
21180;rural
21181;rural
21182;rural
21183;rural
21184;rural
21185;rural
21186;rural
21187;rural
21189;rural
21190;rural
21191;rural
21192;rural
21193;rural
21194;rural
21195;rural
21196;urbain
21197;rural
21198;rural
21199;rural
21200;urbain
21201;rural
21202;rural
21203;rural
21204;rural
21205;rural
21207;rural
21208;rural
21209;rural
21210;rural
21211;rural
21212;rural
21214;rural
21215;rural
21216;rural
21217;rural
21218;rural
21219;rural
21220;rural
21221;rural
21222;rural
21223;urbain
21224;rural
21225;rural
21226;rural
21227;rural
21228;rural
21229;rural
21230;rural
21231;urbain
21232;rural
21233;rural
21234;rural
21235;rural
21236;rural
21237;rural
21238;rural
21239;rural
21240;rural
21241;rural
21242;rural
21243;rural
21244;rural
21245;rural
21246;rural
21247;rural
21248;rural
21249;rural
21250;rural
21251;rural
21252;rural
21253;rural
21254;rural
21255;rural
21256;rural
21257;rural
21258;rural
21259;rural
21260;rural
21261;rural
21262;rural
21263;rural
21264;rural
21265;urbain
21266;rural
21267;rural
21268;rural
21269;rural
21270;rural
21271;rural
21272;rural
21273;rural
21274;rural
21275;rural
21276;rural
21277;rural
21278;urbain
21279;rural
21280;rural
21281;rural
21282;rural
21283;rural
21284;rural
21285;rural
21286;rural
21287;rural
21288;rural
21289;rural
21290;rural
21291;rural
21292;urbain
21293;rural
21294;rural
21295;urbain
21296;rural
21297;rural
21298;rural
21299;rural
21300;rural
21301;rural
21302;rural
21303;rural
21304;rural
21305;rural
21306;rural
21307;rural
21308;rural
21309;rural
21310;rural
21311;rural
21312;rural
21313;rural
21314;rural
21315;rural
21316;rural
21317;urbain
21319;rural
21320;rural
21321;rural
21322;rural
21323;rural
21324;rural
21325;rural
21326;rural
21327;rural
21328;rural
21329;rural
21330;rural
21331;rural
21332;rural
21333;rural
21334;rural
21335;rural
21336;rural
21337;rural
21338;rural
21339;rural
21340;rural
21341;rural
21342;rural
21343;rural
21344;rural
21345;rural
21346;rural
21347;rural
21348;rural
21349;rural
21350;rural
21351;rural
21352;rural
21353;rural
21354;rural
21355;urbain
21356;rural
21357;rural
21358;rural
21359;rural
21360;rural
21361;rural
21362;rural
21363;rural
21364;rural
21365;rural
21366;rural
21367;rural
21368;rural
21369;rural
21370;rural
21371;rural
21372;rural
21373;rural
21374;rural
21375;rural
21376;rural
21377;rural
21378;rural
21379;rural
21380;rural
21381;rural
21382;rural
21383;urbain
21384;rural
21385;rural
21386;rural
21387;rural
21388;rural
21389;rural
21390;urbain
21391;rural
21392;rural
21393;rural
21394;rural
21395;rural
21396;rural
21397;rural
21398;rural
21399;rural
21400;rural
21401;rural
21402;rural
21403;rural
21404;rural
21405;rural
21406;rural
21407;rural
21408;rural
21409;rural
21410;rural
21411;rural
21412;rural
21413;rural
21414;rural
21415;rural
21416;rural
21417;rural
21418;rural
21419;rural
21420;rural
21421;rural
21422;rural
21423;rural
21424;rural
21425;rural
21426;rural
21427;rural
21428;rural
21429;rural
21430;rural
21431;rural
21432;rural
21433;rural
21434;rural
21435;rural
21436;rural
21437;rural
21438;rural
21439;rural
21440;rural
21441;rural
21442;rural
21444;rural
21445;rural
21446;rural
21447;rural
21448;rural
21449;rural
21450;rural
21451;rural
21452;urbain
21454;rural
21455;rural
21456;rural
21457;rural
21458;rural
21459;rural
21460;rural
21461;rural
21462;rural
21463;rural
21464;rural
21465;rural
21466;rural
21467;rural
21468;rural
21469;rural
21470;rural
21471;rural
21472;rural
21473;rural
21474;rural
21475;rural
21476;rural
21477;rural
21478;rural
21479;rural
21480;rural
21481;urbain
21482;rural
21483;rural
21484;rural
21485;urbain
21487;rural
21488;rural
21489;rural
21490;rural
21491;rural
21492;rural
21493;rural
21494;rural
21495;rural
21496;rural
21497;rural
21498;rural
21499;rural
21500;rural
21501;rural
21502;rural
21503;rural
21504;rural
21505;rural
21506;rural
21508;rural
21510;rural
21511;rural
21512;rural
21514;rural
21515;urbain
21516;rural
21517;rural
21518;rural
21519;rural
21520;rural
21521;rural
21522;rural
21523;rural
21524;rural
21525;rural
21526;rural
21527;rural
21528;rural
21529;rural
21530;rural
21531;rural
21532;rural
21533;rural
21534;rural
21535;rural
21536;rural
21537;rural
21538;rural
21539;rural
21540;urbain
21541;rural
21542;rural
21543;rural
21544;rural
21545;rural
21546;rural
21547;rural
21548;rural
21549;rural
21550;rural
21552;rural
21553;rural
21554;rural
21555;rural
21556;rural
21557;rural
21558;rural
21559;rural
21560;rural
21561;rural
21562;rural
21563;rural
21564;rural
21565;rural
21566;rural
21567;rural
21568;rural
21569;rural
21570;rural
21571;rural
21572;rural
21573;rural
21574;rural
21575;rural
21576;rural
21577;rural
21578;rural
21579;rural
21580;rural
21581;rural
21582;rural
21583;rural
21584;rural
21585;rural
21586;rural
21587;rural
21588;rural
21589;rural
21590;rural
21591;rural
21592;rural
21593;rural
21594;rural
21595;rural
21596;rural
21597;rural
21598;rural
21599;rural
21600;rural
21601;rural
21602;rural
21603;rural
21604;rural
21605;urbain
21606;rural
21607;rural
21608;rural
21609;rural
21610;rural
21611;rural
21612;rural
21613;rural
21614;rural
21615;rural
21616;rural
21617;urbain
21618;rural
21619;rural
21620;rural
21622;rural
21623;rural
21624;rural
21625;rural
21626;rural
21627;rural
21628;rural
21629;rural
21630;rural
21631;rural
21632;rural
21633;rural
21634;rural
21635;rural
21636;rural
21637;rural
21638;rural
21639;rural
21640;rural
21641;rural
21642;rural
21643;rural
21644;rural
21645;rural
21646;rural
21647;rural
21648;rural
21649;rural
21650;rural
21651;rural
21652;rural
21653;rural
21655;rural
21656;urbain
21657;rural
21659;rural
21660;rural
21661;rural
21662;rural
21663;rural
21664;rural
21665;rural
21666;rural
21667;rural
21669;rural
21670;rural
21671;rural
21672;rural
21673;rural
21674;rural
21675;rural
21676;rural
21677;rural
21678;rural
21679;rural
21680;rural
21681;rural
21682;rural
21683;rural
21684;rural
21685;rural
21686;rural
21687;rural
21688;rural
21689;rural
21690;rural
21691;rural
21692;rural
21693;rural
21694;rural
21695;rural
21696;rural
21698;rural
21699;rural
21700;rural
21701;rural
21702;rural
21703;rural
21704;rural
21705;rural
21706;rural
21707;rural
21708;rural
21709;rural
21710;rural
21711;rural
21712;rural
21713;rural
21714;rural
21715;rural
21716;rural
21717;rural
22001;rural
22002;rural
22003;rural
22004;rural
22005;rural
22006;rural
22008;rural
22009;rural
22011;rural
22012;rural
22013;rural
22014;rural
22015;rural
22016;rural
22018;rural
22019;rural
22020;rural
22021;rural
22023;rural
22024;rural
22025;rural
22026;rural
22028;rural
22029;rural
22030;rural
22031;rural
22032;rural
22033;rural
22034;rural
22035;rural
22036;rural
22037;rural
22039;rural
22040;rural
22041;rural
22042;rural
22044;rural
22045;rural
22046;rural
22047;rural
22048;rural
22049;rural
22050;urbain
22052;rural
22053;rural
22054;rural
22055;urbain
22056;rural
22057;rural
22059;rural
22060;rural
22061;rural
22062;rural
22063;rural
22064;rural
22065;rural
22067;urbain
22068;rural
22069;rural
22070;urbain
22071;rural
22072;rural
22073;rural
22074;rural
22075;rural
22076;rural
22077;rural
22079;rural
22081;rural
22082;rural
22083;rural
22084;rural
22085;rural
22086;rural
22087;rural
22088;rural
22090;rural
22091;rural
22092;rural
22093;rural
22094;urbain
22095;rural
22096;rural
22097;rural
22098;rural
22099;rural
22101;rural
22103;rural
22104;rural
22105;rural
22106;urbain
22107;rural
22108;rural
22109;rural
22110;rural
22111;rural
22112;rural
22113;urbain
22114;rural
22115;rural
22116;rural
22117;rural
22118;urbain
22119;rural
22121;rural
22122;rural
22124;rural
22126;rural
22127;rural
22128;rural
22129;rural
22131;rural
22132;rural
22133;rural
22134;urbain
22135;rural
22136;urbain
22137;rural
22138;rural
22139;rural
22140;rural
22141;rural
22143;rural
22144;rural
22145;rural
22146;rural
22147;rural
22148;rural
22149;rural
22150;rural
22152;rural
22153;rural
22155;rural
22156;rural
22157;rural
22158;rural
22160;rural
22161;urbain
22162;urbain
22163;rural
22164;rural
22165;rural
22166;rural
22168;urbain
22169;rural
22170;rural
22171;rural
22172;rural
22174;rural
22175;rural
22176;rural
22177;rural
22178;rural
22179;rural
22180;rural
22181;rural
22182;rural
22183;rural
22184;rural
22185;rural
22186;rural
22187;urbain
22188;rural
22189;rural
22190;rural
22193;rural
22194;rural
22195;rural
22196;rural
22197;rural
22198;rural
22199;rural
22201;rural
22202;rural
22203;rural
22204;rural
22205;rural
22206;rural
22207;rural
22208;rural
22209;urbain
22210;rural
22211;rural
22212;rural
22213;rural
22214;rural
22215;urbain
22216;rural
22217;rural
22218;rural
22219;rural
22220;rural
22221;rural
22222;rural
22223;rural
22224;rural
22225;urbain
22226;rural
22227;rural
22228;rural
22229;rural
22231;rural
22232;rural
22233;rural
22234;rural
22235;rural
22236;rural
22237;rural
22238;rural
22239;rural
22240;rural
22241;rural
22242;rural
22243;rural
22244;rural
22245;rural
22246;urbain
22248;rural
22249;rural
22250;rural
22251;rural
22254;rural
22255;rural
22256;rural
22257;rural
22258;rural
22259;urbain
22260;rural
22261;rural
22262;rural
22263;rural
22264;rural
22265;rural
22266;rural
22267;rural
22268;rural
22269;rural
22271;rural
22272;urbain
22273;rural
22274;rural
22275;rural
22276;rural
22277;rural
22278;urbain
22279;rural
22280;rural
22281;rural
22282;rural
22283;rural
22284;rural
22285;rural
22286;rural
22287;rural
22288;rural
22289;rural
22291;rural
22293;rural
22294;rural
22295;rural
22296;rural
22299;rural
22300;rural
22302;rural
22304;rural
22305;rural
22306;rural
22307;rural
22308;rural
22310;rural
22311;rural
22312;rural
22313;rural
22314;rural
22315;rural
22316;rural
22317;rural
22318;rural
22319;rural
22320;rural
22321;rural
22322;rural
22323;rural
22324;urbain
22325;urbain
22326;rural
22327;rural
22328;rural
22330;rural
22331;rural
22332;rural
22333;rural
22334;rural
22335;rural
22337;rural
22338;rural
22339;rural
22340;rural
22341;rural
22342;rural
22343;rural
22344;rural
22345;rural
22346;rural
22347;rural
22348;rural
22349;rural
22350;rural
22351;rural
22352;rural
22353;urbain
22354;rural
22356;rural
22358;rural
22359;rural
22360;urbain
22361;rural
22362;rural
22363;rural
22364;rural
22365;rural
22366;rural
22368;rural
22369;rural
22370;rural
22371;rural
22372;rural
22373;rural
22375;rural
22376;rural
22377;rural
22378;rural
22379;rural
22380;rural
22381;rural
22383;rural
22384;rural
22385;rural
22386;rural
22387;rural
22388;rural
22389;urbain
22390;rural
22391;rural
23001;rural
23002;rural
23003;rural
23004;rural
23005;rural
23006;rural
23007;rural
23008;rural
23009;rural
23010;rural
23011;rural
23012;rural
23013;rural
23014;rural
23015;rural
23016;rural
23017;rural
23018;rural
23019;rural
23020;rural
23021;rural
23022;rural
23024;rural
23025;rural
23026;rural
23027;rural
23028;rural
23029;rural
23030;rural
23031;rural
23032;rural
23033;rural
23034;rural
23035;rural
23036;rural
23037;rural
23038;rural
23039;rural
23040;rural
23041;rural
23042;rural
23043;rural
23044;rural
23045;rural
23046;rural
23047;rural
23048;rural
23049;rural
23050;rural
23051;rural
23052;rural
23053;rural
23054;rural
23055;rural
23056;rural
23057;rural
23058;rural
23059;rural
23060;rural
23061;rural
23062;rural
23063;rural
23064;rural
23065;rural
23066;rural
23067;rural
23068;rural
23069;rural
23070;rural
23071;rural
23072;rural
23073;rural
23074;rural
23075;rural
23076;rural
23077;rural
23078;rural
23079;rural
23080;rural
23081;rural
23082;rural
23083;rural
23084;rural
23086;rural
23087;rural
23088;rural
23089;rural
23090;rural
23091;rural
23092;rural
23093;rural
23095;rural
23096;urbain
23097;rural
23098;rural
23099;rural
23100;rural
23101;rural
23102;rural
23103;rural
23104;rural
23105;rural
23106;rural
23107;rural
23108;rural
23109;rural
23110;rural
23111;rural
23112;rural
23113;rural
23114;rural
23115;rural
23116;rural
23117;rural
23118;rural
23119;rural
23120;rural
23122;rural
23123;rural
23124;rural
23125;rural
23127;rural
23128;rural
23129;rural
23130;rural
23131;rural
23132;rural
23133;rural
23134;rural
23136;rural
23137;rural
23138;rural
23139;rural
23140;rural
23141;rural
23142;rural
23143;rural
23144;rural
23145;rural
23146;rural
23147;rural
23148;rural
23149;rural
23150;rural
23151;rural
23152;rural
23154;rural
23155;rural
23156;rural
23157;rural
23158;rural
23159;rural
23160;rural
23162;rural
23164;rural
23165;rural
23166;rural
23167;rural
23168;rural
23169;rural
23170;rural
23171;rural
23172;rural
23173;rural
23174;rural
23175;rural
23176;rural
23177;rural
23178;rural
23179;rural
23180;rural
23181;rural
23182;rural
23183;rural
23184;rural
23185;rural
23186;rural
23187;rural
23188;rural
23189;rural
23190;rural
23191;rural
23192;rural
23193;rural
23194;rural
23195;rural
23196;rural
23197;rural
23198;rural
23199;rural
23200;rural
23201;rural
23202;rural
23203;rural
23204;rural
23205;rural
23206;rural
23207;rural
23208;rural
23209;rural
23210;rural
23211;rural
23212;rural
23213;rural
23214;rural
23215;rural
23216;rural
23217;rural
23218;rural
23219;rural
23220;rural
23221;rural
23222;rural
23223;rural
23224;rural
23225;rural
23226;rural
23227;rural
23228;rural
23229;rural
23230;rural
23232;rural
23233;rural
23234;rural
23235;rural
23236;rural
23237;rural
23238;rural
23239;rural
23240;rural
23241;rural
23242;rural
23243;rural
23244;rural
23245;rural
23246;rural
23247;rural
23248;rural
23249;rural
23250;rural
23251;rural
23252;rural
23253;rural
23254;rural
23255;rural
23257;rural
23258;rural
23259;rural
23260;rural
23261;rural
23262;rural
23263;rural
23264;rural
23265;rural
23266;rural
24001;rural
24002;rural
24004;rural
24005;rural
24006;rural
24007;rural
24008;rural
24009;rural
24010;rural
24011;rural
24012;rural
24014;rural
24015;rural
24016;rural
24018;rural
24019;rural
24020;rural
24021;rural
24022;rural
24023;rural
24024;rural
24025;rural
24026;rural
24027;rural
24028;rural
24029;rural
24030;rural
24031;rural
24032;rural
24034;rural
24035;rural
24036;rural
24037;urbain
24038;rural
24039;rural
24040;rural
24042;rural
24043;rural
24045;rural
24046;rural
24048;rural
24050;rural
24051;rural
24052;rural
24053;urbain
24054;rural
24055;rural
24056;rural
24057;rural
24058;rural
24059;rural
24060;rural
24061;rural
24062;rural
24063;rural
24064;rural
24066;rural
24067;rural
24068;rural
24069;rural
24070;rural
24071;rural
24073;rural
24074;rural
24075;rural
24076;rural
24077;rural
24080;rural
24081;rural
24082;rural
24083;rural
24084;rural
24085;rural
24086;rural
24087;rural
24088;rural
24090;rural
24091;rural
24094;rural
24095;rural
24096;rural
24097;rural
24098;urbain
24100;rural
24101;rural
24102;urbain
24104;rural
24105;rural
24106;rural
24107;rural
24108;rural
24109;rural
24110;rural
24111;rural
24113;rural
24114;rural
24115;rural
24116;rural
24117;rural
24119;rural
24120;rural
24121;rural
24122;rural
24123;rural
24124;rural
24126;rural
24128;rural
24129;rural
24130;rural
24131;rural
24132;rural
24133;rural
24134;rural
24135;rural
24136;rural
24137;rural
24138;urbain
24139;rural
24140;rural
24141;rural
24142;rural
24143;rural
24144;rural
24145;rural
24146;rural
24147;rural
24148;rural
24150;rural
24151;rural
24152;rural
24153;rural
24154;rural
24155;rural
24156;rural
24157;rural
24158;rural
24159;rural
24160;rural
24161;rural
24162;rural
24163;rural
24164;rural
24165;rural
24167;rural
24168;rural
24171;rural
24172;rural
24174;rural
24175;rural
24176;rural
24177;rural
24179;rural
24180;rural
24182;rural
24183;rural
24184;rural
24186;rural
24188;rural
24189;rural
24190;rural
24191;rural
24192;rural
24193;rural
24194;rural
24195;rural
24196;rural
24197;rural
24199;rural
24200;rural
24202;rural
24205;rural
24206;rural
24207;rural
24208;rural
24209;rural
24210;rural
24211;rural
24212;rural
24213;rural
24214;rural
24215;rural
24216;rural
24217;rural
24218;rural
24220;rural
24221;rural
24222;rural
24223;rural
24224;rural
24225;rural
24226;rural
24227;rural
24228;rural
24229;rural
24230;rural
24231;rural
24232;rural
24234;rural
24236;rural
24237;rural
24238;rural
24240;rural
24241;rural
24242;rural
24243;rural
24244;rural
24245;rural
24246;rural
24247;rural
24248;rural
24251;rural
24252;rural
24253;rural
24254;rural
24255;rural
24256;urbain
24257;rural
24259;rural
24260;rural
24261;rural
24262;rural
24263;rural
24264;rural
24266;rural
24267;rural
24268;rural
24269;rural
24271;rural
24272;rural
24273;rural
24274;rural
24276;rural
24277;rural
24278;rural
24279;rural
24280;rural
24281;rural
24282;rural
24284;rural
24285;rural
24286;rural
24287;rural
24288;rural
24289;rural
24290;rural
24291;rural
24292;rural
24293;rural
24294;rural
24295;rural
24296;rural
24297;rural
24299;rural
24300;rural
24301;rural
24302;rural
24303;rural
24304;rural
24305;rural
24306;rural
24307;rural
24308;rural
24309;rural
24311;rural
24312;rural
24313;rural
24316;rural
24317;rural
24318;rural
24319;rural
24320;rural
24321;rural
24322;urbain
24323;rural
24324;rural
24325;rural
24326;rural
24327;rural
24328;rural
24329;rural
24330;rural
24331;rural
24334;rural
24335;urbain
24336;rural
24337;rural
24338;rural
24339;rural
24340;rural
24341;rural
24345;rural
24346;rural
24347;rural
24348;rural
24349;rural
24350;rural
24351;rural
24352;rural
24353;rural
24354;rural
24355;rural
24356;rural
24357;rural
24359;rural
24360;rural
24361;rural
24362;rural
24364;rural
24365;rural
24366;rural
24367;rural
24370;rural
24371;rural
24372;rural
24373;rural
24374;rural
24375;rural
24376;rural
24377;rural
24378;rural
24379;rural
24380;rural
24381;rural
24382;rural
24383;rural
24384;rural
24385;rural
24386;rural
24388;rural
24390;rural
24392;rural
24393;rural
24394;rural
24395;rural
24396;rural
24397;rural
24398;rural
24399;rural
24401;rural
24403;rural
24404;rural
24405;rural
24406;rural
24407;rural
24408;rural
24409;rural
24410;rural
24411;rural
24412;rural
24413;rural
24414;rural
24415;rural
24416;rural
24417;rural
24418;rural
24419;rural
24420;rural
24421;rural
24422;rural
24423;rural
24424;rural
24425;rural
24426;rural
24428;rural
24429;rural
24432;rural
24434;rural
24436;rural
24437;rural
24438;rural
24441;rural
24442;rural
24443;rural
24444;rural
24445;rural
24446;rural
24448;rural
24449;rural
24450;rural
24451;rural
24452;rural
24453;rural
24454;rural
24455;rural
24456;rural
24457;rural
24458;rural
24459;rural
24460;rural
24461;rural
24462;rural
24463;rural
24464;rural
24465;rural
24466;rural
24468;rural
24470;rural
24471;rural
24472;rural
24473;rural
24474;rural
24476;rural
24477;rural
24478;rural
24479;rural
24480;rural
24481;rural
24482;rural
24483;rural
24484;rural
24485;rural
24486;rural
24487;rural
24488;rural
24489;rural
24490;rural
24491;rural
24492;rural
24493;rural
24494;rural
24495;rural
24496;rural
24498;rural
24499;rural
24500;rural
24501;rural
24502;rural
24504;rural
24505;rural
24507;rural
24508;rural
24509;rural
24510;rural
24511;rural
24512;rural
24513;rural
24514;rural
24515;rural
24516;rural
24517;rural
24518;rural
24519;rural
24520;urbain
24521;rural
24522;rural
24523;rural
24524;rural
24525;rural
24526;rural
24527;rural
24528;rural
24529;rural
24531;rural
24532;rural
24533;rural
24534;rural
24535;rural
24536;rural
24537;rural
24538;rural
24540;rural
24541;rural
24542;rural
24543;rural
24544;rural
24545;rural
24546;rural
24547;rural
24548;rural
24549;rural
24550;rural
24551;rural
24552;rural
24553;rural
24554;rural
24555;rural
24557;urbain
24558;rural
24559;rural
24560;rural
24562;rural
24563;rural
24564;rural
24565;rural
24566;rural
24567;rural
24568;rural
24569;rural
24570;rural
24571;rural
24572;rural
24573;rural
24574;rural
24575;rural
24576;rural
24577;rural
24580;rural
24581;rural
24582;rural
24584;rural
24585;rural
24586;rural
24587;rural
25001;rural
25002;rural
25003;rural
25004;rural
25005;rural
25006;rural
25007;rural
25008;rural
25009;rural
25011;urbain
25012;rural
25013;rural
25014;rural
25015;rural
25016;rural
25017;rural
25018;rural
25019;rural
25020;urbain
25021;rural
25022;rural
25024;rural
25025;rural
25026;rural
25029;rural
25030;rural
25031;urbain
25032;rural
25033;rural
25035;urbain
25036;urbain
25038;rural
25039;rural
25040;urbain
25041;rural
25042;rural
25043;urbain
25044;rural
25045;rural
25046;rural
25047;rural
25048;urbain
25049;rural
25050;rural
25051;rural
25052;rural
25053;rural
25054;urbain
25055;rural
25056;urbain
25057;urbain
25058;urbain
25059;rural
25060;rural
25061;rural
25062;rural
25063;rural
25065;rural
25066;rural
25067;rural
25070;rural
25071;rural
25072;rural
25073;rural
25074;rural
25075;rural
25077;rural
25078;rural
25079;rural
25082;rural
25083;rural
25084;urbain
25085;rural
25086;rural
25087;rural
25088;rural
25089;rural
25090;rural
25091;rural
25092;rural
25093;rural
25094;rural
25095;rural
25096;rural
25097;rural
25098;rural
25099;rural
25100;rural
25101;rural
25102;rural
25103;rural
25104;rural
25105;rural
25106;rural
25107;rural
25108;rural
25109;rural
25110;rural
25111;rural
25112;urbain
25113;rural
25114;rural
25115;rural
25116;rural
25117;rural
25119;rural
25120;rural
25121;rural
25122;rural
25124;rural
25125;rural
25126;rural
25127;rural
25129;rural
25130;rural
25131;rural
25132;rural
25133;urbain
25136;rural
25138;rural
25139;rural
25141;rural
25142;rural
25143;rural
25145;rural
25147;rural
25148;rural
25149;rural
25150;rural
25151;rural
25152;rural
25153;rural
25154;rural
25155;rural
25156;rural
25157;rural
25159;rural
25160;rural
25161;rural
25162;rural
25163;rural
25164;rural
25166;rural
25170;urbain
25171;rural
25172;rural
25173;rural
25174;rural
25175;rural
25176;rural
25177;rural
25178;rural
25179;rural
25180;rural
25181;rural
25182;rural
25183;rural
25184;rural
25185;rural
25186;rural
25187;rural
25188;rural
25189;rural
25190;urbain
25191;urbain
25192;rural
25193;rural
25194;rural
25195;urbain
25196;urbain
25197;rural
25198;rural
25199;rural
25200;urbain
25201;rural
25202;rural
25203;rural
25204;urbain
25207;urbain
25208;rural
25209;rural
25210;rural
25211;rural
25212;urbain
25213;rural
25214;rural
25215;rural
25216;rural
25217;rural
25218;rural
25219;rural
25220;rural
25221;rural
25222;rural
25223;rural
25224;urbain
25225;rural
25226;rural
25227;rural
25228;urbain
25229;rural
25230;urbain
25231;rural
25232;rural
25233;rural
25234;rural
25235;rural
25236;rural
25237;urbain
25238;rural
25239;rural
25240;urbain
25241;rural
25242;rural
25243;rural
25244;rural
25245;rural
25246;rural
25247;rural
25248;rural
25249;rural
25251;rural
25252;rural
25253;rural
25254;rural
25255;rural
25256;rural
25257;rural
25258;urbain
25259;rural
25261;rural
25262;rural
25263;rural
25264;rural
25265;rural
25266;rural
25267;rural
25268;rural
25269;rural
25270;rural
25271;rural
25273;rural
25274;rural
25275;rural
25276;rural
25277;rural
25278;rural
25279;rural
25280;rural
25281;rural
25283;rural
25284;urbain
25285;rural
25286;rural
25287;urbain
25288;rural
25289;rural
25290;rural
25293;rural
25295;rural
25296;rural
25298;rural
25299;rural
25300;rural
25301;rural
25304;urbain
25305;rural
25306;rural
25307;rural
25308;rural
25309;rural
25310;rural
25311;rural
25312;rural
25313;rural
25314;rural
25315;rural
25316;rural
25317;rural
25318;rural
25320;rural
25321;urbain
25322;rural
25323;rural
25324;rural
25325;rural
25326;rural
25327;rural
25328;rural
25329;rural
25330;rural
25331;rural
25332;rural
25333;rural
25334;rural
25335;rural
25336;rural
25338;rural
25339;rural
25340;rural
25341;rural
25342;rural
25343;rural
25344;rural
25345;rural
25346;rural
25348;rural
25349;rural
25350;rural
25351;rural
25354;rural
25355;rural
25356;rural
25357;rural
25359;rural
25360;rural
25361;rural
25362;rural
25364;rural
25365;rural
25366;rural
25367;urbain
25368;rural
25369;rural
25370;urbain
25371;rural
25372;rural
25373;rural
25374;rural
25375;rural
25376;rural
25377;rural
25378;rural
25379;rural
25380;rural
25381;urbain
25382;rural
25383;rural
25384;rural
25385;rural
25386;rural
25387;rural
25388;urbain
25389;rural
25390;rural
25391;rural
25392;rural
25393;rural
25394;rural
25395;urbain
25397;urbain
25400;rural
25401;rural
25402;rural
25403;urbain
25404;rural
25405;rural
25406;rural
25408;rural
25410;urbain
25411;urbain
25413;rural
25414;rural
25415;rural
25416;rural
25417;rural
25418;rural
25419;rural
25420;rural
25421;rural
25422;rural
25424;rural
25425;rural
25426;rural
25427;rural
25428;urbain
25429;rural
25430;rural
25431;rural
25432;rural
25433;rural
25434;rural
25435;rural
25436;rural
25437;rural
25438;rural
25439;rural
25440;rural
25441;rural
25442;rural
25443;rural
25444;rural
25445;rural
25446;rural
25447;rural
25448;rural
25449;rural
25450;rural
25451;rural
25452;rural
25453;rural
25454;urbain
25455;rural
25456;rural
25457;rural
25458;rural
25459;rural
25460;rural
25461;rural
25462;urbain
25463;rural
25464;rural
25465;rural
25466;urbain
25467;urbain
25468;rural
25469;rural
25470;rural
25471;rural
25472;rural
25473;rural
25474;rural
25475;rural
25476;rural
25477;rural
25478;rural
25479;rural
25481;rural
25482;rural
25483;rural
25485;rural
25486;rural
25487;rural
25488;rural
25489;rural
25490;rural
25491;rural
25492;rural
25493;rural
25494;rural
25495;rural
25496;rural
25497;rural
25498;rural
25499;rural
25500;rural
25501;rural
25502;rural
25503;rural
25504;rural
25505;rural
25506;rural
25507;rural
25508;rural
25510;rural
25511;rural
25512;rural
25513;rural
25514;rural
25515;rural
25516;rural
25517;rural
25518;rural
25519;rural
25520;rural
25521;rural
25522;rural
25523;rural
25524;rural
25525;rural
25526;urbain
25527;rural
25528;rural
25529;rural
25532;rural
25534;rural
25535;rural
25536;rural
25537;rural
25538;rural
25539;urbain
25540;rural
25541;rural
25542;urbain
25544;rural
25545;rural
25546;rural
25547;urbain
25548;rural
25550;rural
25551;rural
25552;rural
25553;rural
25554;rural
25555;urbain
25556;rural
25557;rural
25558;rural
25559;rural
25560;rural
25561;rural
25562;rural
25563;rural
25564;urbain
25565;rural
25566;rural
25567;rural
25569;rural
25570;rural
25571;rural
25572;rural
25573;rural
25574;rural
25575;rural
25578;urbain
25579;rural
25580;urbain
25582;rural
25583;rural
25584;rural
25586;urbain
25588;rural
25589;rural
25590;rural
25591;rural
25592;rural
25594;rural
25595;rural
25596;rural
25597;rural
25598;rural
25599;rural
25600;rural
25601;rural
25602;rural
25604;rural
25605;rural
25607;rural
25608;rural
25609;rural
25611;rural
25612;rural
25613;rural
25614;urbain
25615;rural
25616;rural
25617;rural
25618;rural
25619;rural
25621;rural
25622;rural
25623;rural
25624;rural
25625;rural
25626;rural
25627;rural
25629;rural
25630;rural
25631;rural
25632;urbain
25633;rural
25634;rural
25635;rural
26001;rural
26002;rural
26003;rural
26004;rural
26005;rural
26006;rural
26007;rural
26008;urbain
26009;rural
26010;rural
26011;urbain
26012;rural
26013;rural
26014;rural
26015;rural
26016;rural
26017;rural
26018;rural
26019;rural
26020;rural
26021;rural
26022;rural
26023;rural
26024;rural
26025;rural
26026;rural
26027;rural
26028;rural
26030;rural
26031;rural
26032;rural
26033;rural
26034;rural
26035;rural
26036;rural
26037;rural
26038;rural
26039;rural
26040;rural
26041;rural
26042;urbain
26043;rural
26045;rural
26046;rural
26047;rural
26048;rural
26049;rural
26050;rural
26051;rural
26052;rural
26054;rural
26055;rural
26056;rural
26057;urbain
26058;urbain
26059;rural
26060;rural
26061;rural
26062;rural
26063;rural
26064;rural
26065;rural
26066;rural
26067;rural
26068;rural
26069;rural
26070;rural
26071;rural
26072;rural
26073;rural
26074;rural
26075;rural
26076;rural
26077;rural
26078;rural
26079;rural
26080;rural
26081;rural
26082;rural
26083;rural
26084;rural
26085;rural
26086;rural
26087;rural
26088;rural
26089;rural
26090;rural
26091;rural
26092;rural
26093;rural
26094;rural
26095;rural
26096;rural
26097;rural
26098;rural
26099;rural
26100;rural
26101;rural
26102;rural
26103;rural
26104;rural
26105;rural
26106;rural
26107;rural
26108;urbain
26110;rural
26111;rural
26112;rural
26113;rural
26114;rural
26115;rural
26116;urbain
26117;rural
26118;rural
26119;rural
26121;rural
26122;rural
26123;rural
26124;rural
26125;rural
26126;rural
26127;rural
26128;rural
26129;rural
26130;rural
26131;rural
26133;rural
26134;rural
26135;rural
26136;rural
26137;rural
26138;rural
26139;rural
26140;rural
26141;rural
26142;rural
26143;rural
26144;rural
26145;rural
26146;rural
26147;rural
26148;rural
26149;rural
26150;rural
26152;rural
26153;rural
26154;rural
26155;rural
26156;rural
26157;rural
26159;rural
26160;urbain
26161;rural
26162;rural
26163;rural
26164;rural
26165;urbain
26166;urbain
26167;rural
26168;rural
26169;rural
26170;urbain
26171;rural
26172;rural
26173;rural
26174;rural
26175;rural
26176;rural
26177;rural
26178;rural
26179;rural
26180;rural
26181;rural
26182;rural
26183;rural
26185;rural
26186;rural
26188;rural
26189;rural
26190;rural
26191;rural
26192;rural
26193;rural
26194;rural
26195;rural
26196;rural
26197;rural
26198;urbain
26199;rural
26200;rural
26201;rural
26202;rural
26203;rural
26204;rural
26205;rural
26206;rural
26207;rural
26208;rural
26209;rural
26210;rural
26211;rural
26212;rural
26213;rural
26214;rural
26215;rural
26216;rural
26217;rural
26218;urbain
26220;urbain
26221;rural
26222;rural
26223;rural
26224;rural
26225;rural
26226;rural
26227;rural
26228;rural
26229;rural
26231;urbain
26232;rural
26233;rural
26234;rural
26235;urbain
26236;rural
26238;rural
26239;rural
26240;rural
26241;rural
26242;rural
26243;rural
26244;rural
26245;rural
26246;rural
26247;rural
26248;rural
26249;rural
26250;urbain
26251;rural
26252;urbain
26253;rural
26254;rural
26255;rural
26256;rural
26257;rural
26258;rural
26259;rural
26261;rural
26262;rural
26263;rural
26264;rural
26266;rural
26267;rural
26268;rural
26269;rural
26270;rural
26271;urbain
26272;rural
26273;rural
26274;rural
26275;rural
26276;rural
26277;rural
26278;rural
26279;rural
26281;urbain
26282;rural
26283;rural
26284;rural
26285;rural
26286;rural
26287;rural
26288;rural
26289;rural
26290;rural
26291;rural
26292;rural
26293;rural
26294;rural
26295;rural
26296;rural
26298;rural
26299;rural
26300;rural
26301;rural
26302;rural
26303;rural
26304;rural
26305;rural
26306;rural
26307;rural
26308;rural
26309;rural
26310;rural
26311;rural
26312;rural
26313;urbain
26314;rural
26315;rural
26316;rural
26317;rural
26318;rural
26319;rural
26320;rural
26321;rural
26322;rural
26323;rural
26324;urbain
26325;urbain
26326;urbain
26327;rural
26328;rural
26329;rural
26330;rural
26331;rural
26332;rural
26333;urbain
26334;rural
26335;rural
26336;rural
26337;rural
26338;rural
26339;rural
26340;rural
26341;rural
26342;rural
26343;rural
26344;rural
26345;rural
26346;rural
26347;urbain
26348;rural
26349;rural
26350;rural
26351;rural
26352;rural
26353;rural
26355;rural
26356;rural
26357;rural
26358;rural
26359;rural
26360;rural
26361;rural
26362;urbain
26363;rural
26364;rural
26365;rural
26367;rural
26368;rural
26369;rural
26370;rural
26372;rural
26373;rural
26374;rural
26375;rural
26376;rural
26377;rural
26378;rural
26379;rural
26380;rural
26381;rural
26382;rural
27001;rural
27002;rural
27003;rural
27004;rural
27005;rural
27006;rural
27008;urbain
27009;rural
27010;rural
27011;rural
27012;rural
27013;rural
27014;rural
27015;urbain
27016;urbain
27017;urbain
27018;rural
27019;rural
27020;urbain
27021;rural
27022;urbain
27023;rural
27025;rural
27026;rural
27027;rural
27028;rural
27031;urbain
27032;rural
27033;rural
27034;rural
27035;rural
27036;rural
27037;rural
27038;rural
27039;rural
27040;rural
27042;rural
27043;rural
27044;rural
27045;rural
27046;rural
27047;rural
27048;rural
27049;rural
27050;rural
27051;rural
27052;rural
27053;rural
27054;rural
27055;rural
27056;urbain
27057;rural
27059;rural
27061;rural
27062;rural
27063;rural
27064;rural
27065;rural
27066;rural
27067;rural
27068;rural
27069;rural
27070;rural
27071;rural
27072;rural
27073;rural
27074;rural
27075;rural
27076;rural
27077;rural
27078;rural
27079;rural
27081;rural
27082;rural
27083;rural
27085;rural
27089;rural
27090;urbain
27091;rural
27094;rural
27095;rural
27096;rural
27097;rural
27098;rural
27099;rural
27100;rural
27101;rural
27102;rural
27103;rural
27104;rural
27105;rural
27106;rural
27107;rural
27108;rural
27109;rural
27110;rural
27111;rural
27112;rural
27113;rural
27114;rural
27115;rural
27116;rural
27117;rural
27118;rural
27119;rural
27120;rural
27123;rural
27124;rural
27125;rural
27126;rural
27127;rural
27129;rural
27130;rural
27132;rural
27133;rural
27134;rural
27135;rural
27136;rural
27137;rural
27138;rural
27139;rural
27140;rural
27141;rural
27142;rural
27144;rural
27146;rural
27147;rural
27148;rural
27149;rural
27151;rural
27152;rural
27153;rural
27154;rural
27155;rural
27156;rural
27157;rural
27158;rural
27161;rural
27162;rural
27163;rural
27164;rural
27165;rural
27167;rural
27168;rural
27169;rural
27170;rural
27171;rural
27173;rural
27174;rural
27176;rural
27177;rural
27179;rural
27180;urbain
27181;rural
27182;rural
27183;rural
27184;rural
27185;rural
27187;rural
27188;rural
27189;rural
27190;rural
27191;rural
27192;rural
27193;rural
27194;rural
27196;urbain
27198;rural
27199;rural
27200;rural
27201;rural
27202;rural
27203;rural
27204;rural
27205;rural
27206;rural
27207;rural
27208;rural
27209;rural
27210;rural
27212;rural
27213;rural
27214;rural
27215;rural
27216;rural
27217;rural
27218;rural
27219;rural
27220;rural
27222;rural
27224;rural
27226;rural
27227;rural
27228;rural
27229;urbain
27230;urbain
27231;rural
27232;rural
27233;rural
27234;rural
27235;rural
27237;rural
27238;rural
27239;rural
27240;rural
27241;rural
27242;rural
27243;rural
27245;rural
27246;rural
27247;rural
27248;rural
27249;rural
27251;rural
27252;rural
27254;rural
27256;rural
27258;rural
27259;rural
27260;rural
27261;rural
27263;rural
27266;rural
27267;rural
27269;rural
27271;rural
27273;rural
27275;urbain
27276;rural
27277;rural
27278;rural
27279;rural
27280;rural
27281;rural
27282;rural
27284;urbain
27285;rural
27286;rural
27287;rural
27288;rural
27289;rural
27290;rural
27291;rural
27294;rural
27295;rural
27298;rural
27299;urbain
27300;rural
27301;rural
27302;rural
27304;rural
27306;rural
27307;rural
27309;rural
27310;rural
27311;rural
27312;rural
27313;rural
27315;rural
27316;rural
27317;rural
27318;rural
27319;rural
27320;rural
27321;rural
27322;rural
27323;rural
27324;rural
27325;rural
27326;rural
27327;rural
27329;rural
27330;rural
27331;rural
27332;rural
27333;rural
27334;rural
27335;rural
27336;rural
27337;rural
27338;rural
27339;rural
27340;rural
27341;rural
27342;rural
27343;rural
27345;rural
27346;rural
27347;rural
27348;urbain
27349;rural
27350;rural
27351;urbain
27353;rural
27354;rural
27355;rural
27358;rural
27359;rural
27360;rural
27361;rural
27363;rural
27364;rural
27365;urbain
27366;rural
27367;rural
27368;rural
27369;rural
27370;rural
27371;rural
27372;rural
27373;rural
27374;rural
27375;urbain
27376;rural
27377;rural
27378;rural
27379;rural
27380;rural
27381;rural
27382;rural
27383;rural
27384;rural
27385;rural
27386;urbain
27388;rural
27389;rural
27390;rural
27391;rural
27392;rural
27393;rural
27394;rural
27395;rural
27396;rural
27397;urbain
27398;urbain
27399;rural
27400;rural
27401;rural
27403;rural
27404;rural
27405;rural
27406;rural
27407;rural
27408;rural
27410;rural
27411;rural
27412;rural
27413;rural
27414;rural
27415;rural
27417;rural
27418;rural
27419;rural
27420;rural
27421;rural
27422;rural
27423;rural
27424;rural
27425;rural
27426;rural
27427;rural
27428;rural
27429;rural
27430;rural
27431;rural
27432;rural
27433;rural
27434;rural
27435;rural
27436;rural
27437;rural
27438;urbain
27439;urbain
27440;rural
27441;rural
27442;rural
27444;rural
27445;rural
27446;rural
27447;rural
27448;urbain
27451;rural
27453;rural
27454;rural
27455;rural
27456;urbain
27457;rural
27458;urbain
27459;rural
27460;rural
27462;rural
27463;rural
27464;rural
27465;rural
27466;rural
27467;urbain
27468;rural
27469;urbain
27470;urbain
27471;rural
27472;rural
27473;rural
27474;urbain
27475;rural
27476;rural
27477;rural
27478;rural
27480;rural
27481;rural
27482;rural
27483;rural
27485;rural
27486;rural
27487;rural
27488;rural
27489;rural
27490;rural
27492;rural
27493;urbain
27495;rural
27496;rural
27497;rural
27498;rural
27500;rural
27501;rural
27502;rural
27504;rural
27505;rural
27507;rural
27508;rural
27511;rural
27512;rural
27514;rural
27516;rural
27517;rural
27518;rural
27520;rural
27521;rural
27522;rural
27524;rural
27525;rural
27527;rural
27528;urbain
27529;rural
27530;rural
27531;rural
27533;rural
27534;rural
27535;rural
27536;rural
27537;urbain
27538;rural
27539;rural
27540;rural
27541;rural
27542;rural
27543;rural
27544;rural
27545;rural
27546;rural
27547;rural
27548;urbain
27550;rural
27552;rural
27553;rural
27554;urbain
27555;rural
27556;rural
27557;rural
27558;rural
27560;rural
27561;rural
27562;urbain
27563;rural
27564;rural
27565;rural
27567;rural
27568;rural
27569;rural
27570;rural
27571;rural
27572;rural
27576;rural
27577;rural
27578;rural
27579;rural
27580;rural
27582;urbain
27584;rural
27586;rural
27587;rural
27589;rural
27590;rural
27591;rural
27592;rural
27593;rural
27594;rural
27595;rural
27597;rural
27598;urbain
27599;rural
27601;rural
27602;urbain
27603;rural
27604;rural
27605;rural
27606;rural
27608;rural
27609;rural
27610;rural
27611;rural
27612;rural
27613;rural
27614;rural
27615;rural
27616;rural
27617;rural
27618;rural
27620;rural
27621;rural
27622;rural
27623;rural
27624;rural
27625;rural
27627;rural
27629;rural
27630;rural
27631;rural
27632;rural
27633;rural
27635;rural
27638;rural
27640;rural
27641;rural
27643;rural
27644;rural
27645;rural
27646;rural
27649;rural
27650;rural
27652;rural
27654;rural
27655;rural
27656;rural
27658;rural
27659;rural
27660;rural
27661;rural
27662;rural
27663;rural
27664;rural
27665;rural
27666;rural
27667;rural
27668;rural
27669;rural
27670;rural
27671;rural
27672;rural
27673;rural
27674;rural
27676;rural
27677;rural
27678;rural
27679;rural
27680;rural
27681;urbain
27682;rural
27683;rural
27684;rural
27685;rural
27686;rural
27689;rural
27690;rural
27691;urbain
27692;rural
27693;rural
27694;rural
27695;rural
27696;rural
27697;rural
27698;rural
27699;rural
27700;rural
27701;urbain
28001;rural
28003;rural
28004;rural
28005;rural
28006;rural
28007;urbain
28008;rural
28009;rural
28010;rural
28012;rural
28013;rural
28014;rural
28015;rural
28016;rural
28018;rural
28019;rural
28021;rural
28022;rural
28023;rural
28024;urbain
28026;rural
28027;rural
28028;rural
28029;rural
28030;rural
28031;rural
28032;rural
28033;rural
28034;rural
28035;rural
28036;rural
28037;rural
28038;rural
28039;rural
28040;rural
28041;rural
28045;rural
28046;rural
28047;rural
28048;rural
28049;rural
28050;rural
28051;rural
28052;rural
28053;rural
28054;rural
28055;rural
28056;rural
28057;rural
28058;rural
28059;rural
28060;rural
28061;rural
28062;rural
28064;rural
28065;rural
28067;rural
28068;rural
28070;urbain
28071;rural
28072;rural
28073;rural
28074;rural
28075;urbain
28076;rural
28077;rural
28078;rural
28079;rural
28080;rural
28081;rural
28082;rural
28084;rural
28085;urbain
28086;rural
28087;rural
28088;urbain
28089;rural
28090;rural
28091;rural
28092;rural
28094;urbain
28095;rural
28096;rural
28098;rural
28099;rural
28100;rural
28102;rural
28103;rural
28104;rural
28105;rural
28106;rural
28107;rural
28108;rural
28109;rural
28110;urbain
28111;rural
28113;urbain
28114;rural
28116;rural
28117;rural
28118;rural
28119;rural
28120;rural
28121;rural
28122;rural
28123;rural
28124;rural
28126;rural
28127;rural
28128;rural
28129;rural
28130;rural
28132;rural
28134;urbain
28135;urbain
28136;rural
28137;rural
28139;rural
28140;urbain
28141;rural
28142;rural
28143;rural
28144;rural
28146;rural
28147;rural
28148;rural
28149;rural
28151;rural
28153;rural
28154;rural
28155;rural
28156;rural
28157;rural
28158;rural
28159;rural
28160;rural
28161;rural
28162;rural
28163;rural
28164;rural
28166;rural
28167;rural
28168;rural
28169;rural
28170;rural
28171;rural
28172;rural
28173;urbain
28175;rural
28176;rural
28177;rural
28178;rural
28180;rural
28182;rural
28183;rural
28184;rural
28185;rural
28187;rural
28188;rural
28189;rural
28190;rural
28191;urbain
28192;rural
28193;rural
28194;rural
28195;rural
28196;rural
28197;rural
28198;rural
28199;rural
28200;rural
28201;urbain
28202;rural
28203;rural
28206;rural
28207;rural
28208;rural
28209;urbain
28210;rural
28211;rural
28212;rural
28213;urbain
28214;rural
28215;rural
28216;rural
28217;rural
28218;urbain
28219;rural
28220;urbain
28221;rural
28222;rural
28223;urbain
28225;rural
28226;rural
28227;urbain
28229;urbain
28230;rural
28231;rural
28232;rural
28233;rural
28234;rural
28235;rural
28236;rural
28237;rural
28239;rural
28240;rural
28242;rural
28243;rural
28245;rural
28246;rural
28247;rural
28248;rural
28249;rural
28251;rural
28252;rural
28253;rural
28254;rural
28255;rural
28256;rural
28257;rural
28259;rural
28260;rural
28261;rural
28263;rural
28264;rural
28265;rural
28267;rural
28268;rural
28269;urbain
28270;rural
28271;rural
28272;rural
28273;rural
28274;rural
28275;rural
28277;rural
28278;rural
28279;urbain
28280;urbain
28281;rural
28282;rural
28283;rural
28284;rural
28285;rural
28286;rural
28287;rural
28289;rural
28290;rural
28291;rural
28292;rural
28293;rural
28294;rural
28296;rural
28298;urbain
28299;rural
28300;rural
28301;rural
28302;rural
28303;rural
28304;rural
28305;rural
28306;rural
28308;rural
28309;rural
28310;rural
28312;rural
28313;rural
28314;rural
28315;rural
28316;rural
28317;rural
28319;rural
28321;rural
28322;rural
28323;rural
28324;rural
28325;rural
28326;rural
28327;rural
28329;rural
28330;rural
28331;rural
28332;rural
28333;rural
28334;urbain
28335;rural
28336;rural
28337;rural
28339;rural
28341;rural
28342;rural
28343;rural
28344;rural
28346;rural
28347;rural
28348;urbain
28349;rural
28350;rural
28351;rural
28352;rural
28353;rural
28354;rural
28355;rural
28357;rural
28358;urbain
28359;urbain
28360;rural
28362;rural
28363;rural
28364;rural
28365;rural
28366;rural
28367;rural
28368;rural
28369;rural
28370;rural
28371;urbain
28372;rural
28373;rural
28374;rural
28375;rural
28377;rural
28378;rural
28379;rural
28380;rural
28382;rural
28383;rural
28385;rural
28386;rural
28387;rural
28388;rural
28389;rural
28390;rural
28391;rural
28392;rural
28393;rural
28394;rural
28395;rural
28396;rural
28397;rural
28398;rural
28400;rural
28401;rural
28403;urbain
28404;urbain
28405;rural
28406;rural
28407;rural
28408;rural
28409;rural
28410;rural
28411;rural
28414;rural
28415;rural
28417;rural
28418;rural
28419;rural
28421;rural
28422;rural
28423;rural
28424;rural
28425;rural
28426;rural
29001;rural
29002;rural
29003;rural
29004;rural
29005;rural
29006;urbain
29007;rural
29008;rural
29010;rural
29011;urbain
29012;rural
29013;rural
29014;rural
29015;rural
29016;rural
29017;rural
29018;rural
29019;urbain
29020;rural
29021;rural
29022;rural
29023;rural
29024;urbain
29025;rural
29026;rural
29027;rural
29028;rural
29029;rural
29030;rural
29031;rural
29032;urbain
29033;rural
29034;rural
29035;rural
29036;rural
29037;rural
29038;rural
29039;urbain
29040;rural
29041;rural
29042;rural
29043;rural
29044;rural
29045;rural
29046;urbain
29047;rural
29048;rural
29049;rural
29051;rural
29053;rural
29054;rural
29055;urbain
29056;rural
29057;rural
29058;urbain
29059;rural
29060;urbain
29061;urbain
29062;rural
29063;rural
29064;rural
29065;rural
29066;rural
29067;rural
29068;rural
29069;urbain
29070;rural
29071;rural
29072;urbain
29073;rural
29074;rural
29075;urbain
29076;rural
29077;rural
29078;rural
29079;rural
29080;rural
29081;rural
29082;rural
29083;rural
29084;rural
29085;rural
29086;rural
29087;rural
29089;rural
29090;rural
29091;rural
29093;rural
29094;rural
29095;rural
29097;urbain
29098;rural
29099;rural
29100;rural
29101;rural
29102;rural
29103;urbain
29104;rural
29105;urbain
29106;rural
29107;rural
29108;rural
29109;rural
29110;rural
29111;rural
29112;rural
29113;rural
29114;rural
29115;rural
29116;rural
29117;rural
29119;rural
29120;rural
29122;rural
29123;rural
29124;urbain
29125;rural
29126;rural
29128;rural
29130;rural
29131;rural
29132;rural
29133;rural
29134;rural
29135;rural
29136;rural
29137;rural
29139;rural
29140;rural
29141;rural
29142;rural
29143;rural
29144;rural
29145;rural
29146;rural
29147;rural
29148;rural
29150;rural
29151;urbain
29152;rural
29153;rural
29155;rural
29156;urbain
29158;rural
29159;rural
29160;urbain
29161;urbain
29162;rural
29163;rural
29165;rural
29166;rural
29167;rural
29168;rural
29169;rural
29170;rural
29171;rural
29172;rural
29173;rural
29174;rural
29175;rural
29176;rural
29177;rural
29178;rural
29179;rural
29180;rural
29181;rural
29182;rural
29183;rural
29184;rural
29185;rural
29186;rural
29187;rural
29188;rural
29189;urbain
29190;rural
29191;rural
29192;rural
29193;rural
29195;rural
29196;rural
29197;rural
29198;rural
29199;rural
29201;rural
29202;rural
29204;rural
29205;rural
29206;rural
29207;rural
29208;rural
29209;rural
29210;rural
29211;rural
29212;urbain
29213;rural
29214;rural
29215;rural
29216;rural
29217;rural
29218;rural
29220;urbain
29221;rural
29222;rural
29224;rural
29225;rural
29226;rural
29227;rural
29228;rural
29229;rural
29230;rural
29232;urbain
29233;urbain
29234;rural
29235;urbain
29236;rural
29237;rural
29238;rural
29239;urbain
29240;rural
29241;rural
29243;rural
29244;rural
29245;rural
29246;rural
29247;rural
29248;rural
29249;rural
29250;rural
29251;rural
29252;rural
29254;urbain
29255;rural
29256;rural
29257;rural
29259;urbain
29260;urbain
29261;rural
29262;rural
29263;rural
29264;rural
29265;rural
29266;rural
29267;rural
29268;rural
29269;rural
29270;rural
29271;rural
29272;rural
29273;rural
29274;rural
29275;rural
29276;rural
29277;rural
29278;rural
29279;rural
29280;rural
29281;rural
29282;rural
29284;urbain
29285;rural
29286;rural
29287;rural
29288;rural
29289;rural
29290;rural
29291;rural
29292;rural
29293;rural
29294;rural
29295;rural
29296;rural
29297;urbain
29298;rural
29299;rural
29300;rural
29301;rural
29302;rural
2A001;urbain
2A004;urbain
2A006;urbain
2A008;urbain
2A011;rural
2A014;rural
2A017;rural
2A018;rural
2A019;rural
2A021;rural
2A022;rural
2A024;rural
2A026;rural
2A027;rural
2A028;rural
2A031;rural
2A032;urbain
2A035;rural
2A038;rural
2A040;rural
2A041;rural
2A048;rural
2A056;rural
2A060;rural
2A061;rural
2A062;rural
2A064;rural
2A065;rural
2A066;rural
2A070;rural
2A071;rural
2A085;urbain
2A089;rural
2A090;rural
2A091;rural
2A092;rural
2A094;rural
2A098;rural
2A099;rural
2A100;rural
2A103;rural
2A104;rural
2A108;rural
2A114;rural
2A115;rural
2A117;rural
2A118;rural
2A119;rural
2A127;rural
2A128;rural
2A129;rural
2A130;urbain
2A131;rural
2A132;rural
2A133;rural
2A139;rural
2A141;rural
2A142;rural
2A144;rural
2A146;rural
2A154;rural
2A158;rural
2A160;rural
2A163;rural
2A174;rural
2A181;rural
2A186;rural
2A189;rural
2A191;rural
2A196;rural
2A197;rural
2A198;rural
2A200;rural
2A203;rural
2A204;rural
2A209;rural
2A211;rural
2A212;rural
2A215;rural
2A228;urbain
2A232;rural
2A240;rural
2A247;urbain
2A249;rural
2A253;rural
2A254;rural
2A258;rural
2A259;rural
2A262;rural
2A266;rural
2A268;rural
2A269;rural
2A270;rural
2A271;rural
2A272;rural
2A276;rural
2A278;rural
2A279;rural
2A282;rural
2A284;rural
2A285;rural
2A288;rural
2A295;rural
2A300;rural
2A308;rural
2A310;rural
2A312;rural
2A322;rural
2A323;rural
2A324;rural
2A326;rural
2A330;rural
2A331;rural
2A336;rural
2A345;rural
2A348;rural
2A349;rural
2A351;rural
2A357;rural
2A358;rural
2A359;rural
2A360;rural
2A362;rural
2A363;rural
2B002;rural
2B003;rural
2B005;rural
2B007;rural
2B009;rural
2B010;rural
2B012;rural
2B013;rural
2B015;rural
2B016;rural
2B020;rural
2B023;rural
2B025;rural
2B029;rural
2B030;rural
2B033;urbain
2B034;rural
2B036;rural
2B037;urbain
2B039;rural
2B042;urbain
2B043;urbain
2B045;rural
2B046;rural
2B047;rural
2B049;rural
2B050;rural
2B051;rural
2B052;rural
2B053;rural
2B054;rural
2B055;rural
2B057;rural
2B058;rural
2B059;rural
2B063;rural
2B067;rural
2B068;rural
2B069;rural
2B072;rural
2B073;rural
2B074;rural
2B075;rural
2B077;rural
2B078;rural
2B079;rural
2B080;rural
2B081;rural
2B082;rural
2B083;rural
2B084;rural
2B086;rural
2B087;rural
2B088;rural
2B093;rural
2B095;rural
2B096;urbain
2B097;rural
2B101;rural
2B102;rural
2B105;rural
2B106;rural
2B107;rural
2B109;rural
2B110;rural
2B111;rural
2B112;rural
2B113;rural
2B116;rural
2B120;urbain
2B121;rural
2B122;rural
2B123;rural
2B124;rural
2B125;rural
2B126;rural
2B134;rural
2B135;rural
2B136;rural
2B137;rural
2B138;rural
2B140;rural
2B143;rural
2B145;rural
2B147;rural
2B148;urbain
2B149;rural
2B150;rural
2B152;rural
2B153;rural
2B155;rural
2B156;rural
2B157;rural
2B159;rural
2B161;rural
2B162;rural
2B164;rural
2B165;rural
2B166;rural
2B167;rural
2B168;rural
2B169;rural
2B170;rural
2B171;rural
2B172;rural
2B173;rural
2B175;rural
2B176;rural
2B177;rural
2B178;rural
2B179;rural
2B180;rural
2B182;rural
2B183;rural
2B184;rural
2B185;rural
2B187;rural
2B188;rural
2B190;rural
2B192;rural
2B193;rural
2B194;rural
2B195;rural
2B199;rural
2B201;rural
2B202;rural
2B205;rural
2B206;rural
2B207;rural
2B208;rural
2B210;rural
2B213;rural
2B214;rural
2B216;rural
2B217;rural
2B218;rural
2B219;rural
2B220;rural
2B221;rural
2B222;rural
2B223;rural
2B224;rural
2B225;rural
2B226;rural
2B227;rural
2B229;rural
2B230;rural
2B231;rural
2B233;rural
2B234;rural
2B235;rural
2B236;rural
2B238;rural
2B239;rural
2B241;rural
2B242;rural
2B243;rural
2B244;rural
2B245;rural
2B246;rural
2B248;rural
2B250;rural
2B251;rural
2B252;rural
2B255;rural
2B256;rural
2B257;rural
2B260;rural
2B261;rural
2B263;rural
2B264;rural
2B265;rural
2B267;rural
2B273;rural
2B274;rural
2B275;rural
2B277;rural
2B280;rural
2B281;rural
2B283;rural
2B286;rural
2B287;rural
2B289;rural
2B290;rural
2B291;rural
2B292;rural
2B293;rural
2B296;rural
2B297;rural
2B298;rural
2B299;rural
2B301;rural
2B302;rural
2B303;rural
2B304;rural
2B305;urbain
2B306;rural
2B307;rural
2B309;urbain
2B311;rural
2B313;rural
2B314;rural
2B315;rural
2B316;rural
2B317;rural
2B318;rural
2B319;rural
2B320;rural
2B321;rural
2B327;rural
2B328;rural
2B329;rural
2B332;rural
2B333;rural
2B334;rural
2B335;rural
2B337;rural
2B338;rural
2B339;rural
2B340;rural
2B341;rural
2B342;rural
2B343;rural
2B344;rural
2B346;rural
2B347;rural
2B350;rural
2B352;rural
2B353;urbain
2B354;rural
2B355;rural
2B356;rural
2B361;rural
2B364;rural
2B365;rural
2B366;rural
30001;rural
30002;rural
30003;urbain
30004;urbain
30005;rural
30006;urbain
30007;urbain
30008;rural
30009;rural
30010;rural
30011;urbain
30012;rural
30013;rural
30014;rural
30015;rural
30016;rural
30017;rural
30018;rural
30019;urbain
30020;rural
30021;rural
30022;rural
30023;rural
30024;rural
30025;rural
30026;rural
30027;rural
30028;urbain
30029;rural
30030;rural
30031;rural
30032;urbain
30033;urbain
30034;urbain
30035;rural
30036;urbain
30037;rural
30038;rural
30039;urbain
30040;rural
30041;rural
30042;rural
30043;rural
30044;rural
30045;rural
30046;rural
30047;urbain
30048;rural
30049;rural
30050;rural
30051;urbain
30052;rural
30053;rural
30054;rural
30055;rural
30056;rural
30057;rural
30058;rural
30059;rural
30060;rural
30061;rural
30062;urbain
30064;rural
30065;rural
30066;rural
30067;rural
30068;rural
30069;rural
30070;rural
30071;rural
30072;rural
30073;rural
30074;rural
30075;rural
30076;rural
30077;rural
30079;rural
30080;rural
30081;rural
30082;urbain
30083;urbain
30084;rural
30085;rural
30086;rural
30087;rural
30088;rural
30089;rural
30090;rural
30091;rural
30092;rural
30093;rural
30095;rural
30096;rural
30097;rural
30098;rural
30099;rural
30100;rural
30101;rural
30102;rural
30103;rural
30104;rural
30105;rural
30106;rural
30107;rural
30108;rural
30109;rural
30110;rural
30111;rural
30112;urbain
30113;rural
30114;rural
30115;rural
30116;rural
30117;urbain
30119;rural
30120;rural
30121;rural
30122;urbain
30123;rural
30124;rural
30125;urbain
30126;rural
30127;rural
30128;urbain
30129;rural
30130;rural
30131;rural
30132;urbain
30133;urbain
30134;rural
30135;rural
30136;rural
30137;rural
30138;urbain
30139;rural
30140;rural
30141;urbain
30142;rural
30143;rural
30144;rural
30145;rural
30146;rural
30147;rural
30148;rural
30149;urbain
30150;rural
30151;rural
30152;rural
30153;rural
30154;rural
30155;urbain
30156;urbain
30158;rural
30159;rural
30160;rural
30161;rural
30162;rural
30163;rural
30164;rural
30165;rural
30166;rural
30167;rural
30168;rural
30169;urbain
30170;rural
30171;rural
30172;rural
30173;rural
30174;rural
30175;rural
30176;rural
30177;rural
30178;urbain
30179;rural
30180;urbain
30181;rural
30182;rural
30183;rural
30184;rural
30185;urbain
30186;urbain
30187;rural
30188;rural
30189;urbain
30191;urbain
30192;rural
30193;urbain
30194;rural
30195;rural
30196;rural
30197;rural
30198;rural
30199;rural
30200;rural
30201;rural
30202;urbain
30203;rural
30204;rural
30205;rural
30206;rural
30207;rural
30208;rural
30209;rural
30210;rural
30211;urbain
30212;rural
30213;rural
30214;rural
30215;rural
30216;rural
30217;urbain
30218;rural
30219;rural
30220;rural
30221;rural
30222;rural
30223;urbain
30224;urbain
30225;rural
30226;rural
30227;rural
30228;rural
30229;rural
30230;rural
30231;rural
30232;rural
30233;urbain
30234;rural
30235;rural
30236;rural
30237;rural
30238;rural
30239;rural
30240;rural
30241;rural
30242;rural
30243;urbain
30244;rural
30245;urbain
30246;rural
30247;rural
30248;rural
30249;urbain
30250;rural
30251;rural
30252;rural
30253;rural
30254;urbain
30255;urbain
30256;rural
30257;urbain
30258;urbain
30259;urbain
30260;rural
30261;rural
30262;rural
30263;rural
30264;rural
30265;rural
30266;rural
30267;rural
30268;rural
30269;rural
30270;rural
30271;rural
30272;rural
30273;rural
30274;urbain
30275;rural
30276;rural
30277;rural
30278;urbain
30279;rural
30280;rural
30281;urbain
30282;rural
30283;rural
30284;urbain
30285;rural
30286;rural
30287;rural
30288;rural
30289;rural
30290;rural
30291;rural
30292;rural
30293;rural
30294;urbain
30295;rural
30296;rural
30297;rural
30298;rural
30299;rural
30300;rural
30301;rural
30302;rural
30303;rural
30304;rural
30305;urbain
30306;rural
30307;urbain
30308;rural
30309;rural
30310;rural
30311;rural
30312;rural
30313;rural
30314;rural
30315;rural
30316;rural
30317;rural
30318;rural
30319;rural
30320;rural
30321;urbain
30322;rural
30323;rural
30324;rural
30325;rural
30326;rural
30327;rural
30328;rural
30329;rural
30330;rural
30331;rural
30332;rural
30333;urbain
30334;urbain
30335;rural
30336;rural
30337;rural
30338;rural
30339;rural
30340;rural
30341;urbain
30342;rural
30343;rural
30344;urbain
30345;rural
30346;rural
30347;urbain
30348;rural
30349;rural
30350;rural
30351;urbain
30352;urbain
30353;rural
30354;rural
30355;rural
30356;urbain
31001;rural
31002;rural
31003;urbain
31004;rural
31005;rural
31006;rural
31007;rural
31008;rural
31009;rural
31010;rural
31011;rural
31012;rural
31013;rural
31014;rural
31015;rural
31017;rural
31018;rural
31019;rural
31020;rural
31021;rural
31022;urbain
31023;rural
31024;rural
31025;rural
31026;rural
31027;rural
31028;rural
31029;rural
31030;rural
31031;rural
31032;urbain
31033;urbain
31034;rural
31035;urbain
31036;urbain
31037;rural
31038;rural
31039;rural
31040;rural
31041;rural
31042;rural
31043;rural
31044;urbain
31045;rural
31046;rural
31047;rural
31048;rural
31049;rural
31050;rural
31051;rural
31052;rural
31053;urbain
31054;rural
31055;rural
31056;urbain
31057;urbain
31058;rural
31059;rural
31060;rural
31061;rural
31062;rural
31063;rural
31064;rural
31065;rural
31066;rural
31067;rural
31068;rural
31069;urbain
31070;rural
31071;rural
31072;rural
31073;rural
31074;rural
31075;rural
31076;rural
31077;rural
31078;rural
31079;rural
31080;rural
31081;rural
31082;rural
31083;rural
31084;rural
31085;rural
31086;rural
31087;rural
31088;urbain
31089;rural
31090;rural
31091;urbain
31092;rural
31093;rural
31094;rural
31095;rural
31096;rural
31097;rural
31098;rural
31099;rural
31100;rural
31101;rural
31102;rural
31103;rural
31104;rural
31105;rural
31106;rural
31107;rural
31108;rural
31109;rural
31110;rural
31111;rural
31112;rural
31113;urbain
31114;rural
31115;rural
31116;urbain
31117;urbain
31118;urbain
31119;rural
31120;rural
31121;rural
31122;rural
31123;rural
31124;rural
31125;rural
31126;rural
31127;rural
31128;rural
31129;rural
31130;rural
31131;rural
31132;rural
31133;rural
31134;rural
31135;rural
31136;urbain
31137;rural
31138;rural
31139;rural
31140;rural
31141;rural
31142;rural
31143;rural
31144;rural
31145;rural
31146;rural
31147;rural
31148;rural
31149;urbain
31150;urbain
31151;rural
31152;rural
31153;rural
31155;rural
31156;rural
31157;urbain
31158;rural
31159;rural
31160;urbain
31161;urbain
31162;rural
31163;rural
31164;rural
31165;urbain
31166;rural
31167;rural
31168;rural
31169;urbain
31170;rural
31171;rural
31172;rural
31173;rural
31174;rural
31175;rural
31176;rural
31177;rural
31178;rural
31179;rural
31180;rural
31181;rural
31182;urbain
31183;rural
31184;rural
31185;rural
31186;urbain
31187;urbain
31188;urbain
31189;rural
31190;rural
31191;rural
31192;rural
31193;rural
31194;rural
31195;rural
31196;rural
31197;rural
31198;rural
31199;rural
31200;rural
31201;rural
31202;rural
31203;urbain
31204;rural
31205;urbain
31206;rural
31207;rural
31208;rural
31209;rural
31210;rural
31211;rural
31212;rural
31213;rural
31215;rural
31216;rural
31217;rural
31218;rural
31219;rural
31220;rural
31221;rural
31222;rural
31223;rural
31224;rural
31225;rural
31226;rural
31227;rural
31228;rural
31229;rural
31230;urbain
31231;rural
31232;urbain
31233;rural
31234;rural
31235;rural
31236;rural
31237;rural
31238;rural
31239;rural
31240;rural
31241;rural
31242;rural
31243;rural
31244;rural
31245;rural
31246;rural
31247;rural
31248;urbain
31249;rural
31250;rural
31251;rural
31252;urbain
31253;rural
31254;urbain
31255;rural
31256;rural
31258;rural
31259;urbain
31260;rural
31261;rural
31262;rural
31263;urbain
31264;rural
31265;rural
31266;rural
31267;rural
31268;rural
31269;rural
31270;rural
31271;rural
31272;rural
31273;urbain
31274;rural
31275;rural
31276;rural
31277;rural
31278;rural
31279;rural
31280;rural
31281;rural
31282;urbain
31283;rural
31284;urbain
31285;rural
31286;rural
31287;rural
31288;rural
31289;rural
31290;rural
31291;urbain
31292;rural
31293;urbain
31294;rural
31295;rural
31296;rural
31297;rural
31299;rural
31300;rural
31301;rural
31302;rural
31303;urbain
31304;rural
31305;rural
31306;rural
31308;rural
31309;rural
31310;rural
31311;rural
31312;rural
31313;rural
31314;rural
31315;rural
31316;rural
31317;rural
31318;rural
31319;rural
31320;rural
31321;rural
31322;rural
31323;rural
31324;rural
31325;rural
31326;rural
31327;rural
31328;rural
31329;rural
31330;rural
31331;rural
31332;rural
31333;rural
31334;rural
31335;rural
31336;rural
31337;rural
31338;rural
31339;rural
31340;rural
31341;rural
31342;rural
31343;rural
31344;urbain
31345;rural
31346;rural
31347;rural
31348;rural
31349;rural
31350;rural
31351;urbain
31352;rural
31353;rural
31354;rural
31355;rural
31356;rural
31357;rural
31358;rural
31359;rural
31360;rural
31361;rural
31362;rural
31363;rural
31364;urbain
31365;rural
31366;rural
31367;rural
31368;rural
31369;rural
31370;rural
31371;rural
31372;rural
31373;rural
31374;rural
31375;rural
31376;rural
31377;rural
31378;rural
31379;rural
31380;rural
31381;rural
31382;rural
31383;rural
31384;rural
31385;rural
31386;rural
31387;rural
31388;rural
31389;urbain
31390;rural
31391;rural
31392;rural
31393;rural
31394;rural
31395;urbain
31396;rural
31397;rural
31398;rural
31399;urbain
31400;rural
31401;rural
31402;urbain
31403;urbain
31404;rural
31405;rural
31406;rural
31407;rural
31408;rural
31409;urbain
31410;urbain
31411;urbain
31412;rural
31413;rural
31414;rural
31415;rural
31416;rural
31417;urbain
31418;urbain
31419;rural
31420;urbain
31421;urbain
31422;rural
31423;rural
31424;urbain
31425;rural
31426;rural
31427;rural
31428;rural
31429;urbain
31430;rural
31431;rural
31432;rural
31433;urbain
31434;rural
31435;rural
31436;rural
31437;rural
31439;rural
31440;rural
31441;rural
31442;rural
31443;rural
31444;rural
31445;urbain
31446;urbain
31447;rural
31448;rural
31449;rural
31450;rural
31451;urbain
31452;rural
31453;rural
31454;rural
31455;rural
31456;rural
31457;rural
31458;urbain
31459;rural
31460;urbain
31461;rural
31462;urbain
31463;rural
31464;rural
31465;rural
31466;rural
31467;urbain
31468;rural
31469;rural
31470;rural
31471;rural
31472;rural
31473;rural
31474;rural
31475;rural
31476;rural
31477;rural
31478;rural
31479;rural
31480;rural
31481;rural
31482;rural
31483;urbain
31484;urbain
31485;rural
31486;rural
31487;rural
31488;urbain
31489;rural
31490;urbain
31491;rural
31492;rural
31493;rural
31494;rural
31495;rural
31496;rural
31497;urbain
31498;rural
31499;urbain
31500;rural
31501;rural
31502;rural
31503;rural
31504;rural
31505;rural
31506;urbain
31507;rural
31508;rural
31509;rural
31510;rural
31511;rural
31512;rural
31513;rural
31514;rural
31515;rural
31516;urbain
31517;rural
31518;rural
31519;rural
31520;rural
31521;rural
31522;rural
31523;rural
31524;rural
31525;rural
31526;urbain
31527;rural
31528;rural
31529;rural
31530;rural
31531;rural
31532;rural
31533;urbain
31534;rural
31535;rural
31536;rural
31537;rural
31538;rural
31539;rural
31540;rural
31541;urbain
31542;rural
31543;rural
31544;rural
31545;rural
31546;rural
31547;urbain
31548;rural
31549;rural
31550;rural
31551;rural
31552;rural
31553;rural
31554;rural
31555;urbain
31556;rural
31557;urbain
31558;rural
31559;rural
31560;rural
31561;urbain
31562;rural
31563;rural
31564;rural
31565;urbain
31566;rural
31567;rural
31568;rural
31569;rural
31570;rural
31571;rural
31572;urbain
31573;rural
31574;urbain
31575;urbain
31576;rural
31577;rural
31578;rural
31579;rural
31580;urbain
31581;rural
31582;rural
31583;rural
31584;rural
31585;rural
31586;rural
31587;rural
31588;urbain
31589;rural
31590;rural
31591;rural
31592;rural
31593;rural
32001;rural
32002;rural
32003;rural
32004;rural
32005;rural
32007;rural
32008;rural
32009;rural
32010;rural
32012;rural
32013;urbain
32014;rural
32015;rural
32016;rural
32017;rural
32018;rural
32019;rural
32020;rural
32021;rural
32022;rural
32023;rural
32024;rural
32025;rural
32026;rural
32027;rural
32028;rural
32029;rural
32030;rural
32031;rural
32032;rural
32033;rural
32034;rural
32035;rural
32036;rural
32037;rural
32038;rural
32039;rural
32040;rural
32041;rural
32042;rural
32043;rural
32044;rural
32045;rural
32046;rural
32047;rural
32048;rural
32049;rural
32050;rural
32051;rural
32052;rural
32053;rural
32054;rural
32055;rural
32056;rural
32057;rural
32058;rural
32059;rural
32060;rural
32061;rural
32062;rural
32063;rural
32064;rural
32065;rural
32066;rural
32068;rural
32069;rural
32070;rural
32071;rural
32072;rural
32073;rural
32075;rural
32076;rural
32077;rural
32078;rural
32079;rural
32080;rural
32081;rural
32082;rural
32083;rural
32084;rural
32085;rural
32086;rural
32087;rural
32088;rural
32089;rural
32090;rural
32091;rural
32092;rural
32093;rural
32094;rural
32095;rural
32096;rural
32097;rural
32098;rural
32099;rural
32100;rural
32101;rural
32102;rural
32103;rural
32104;rural
32105;rural
32106;rural
32107;rural
32108;rural
32109;rural
32110;rural
32111;rural
32112;rural
32113;rural
32114;rural
32115;rural
32116;rural
32117;rural
32118;rural
32119;rural
32120;rural
32121;rural
32122;rural
32123;rural
32124;rural
32125;rural
32126;rural
32127;rural
32128;rural
32129;rural
32130;rural
32131;rural
32132;rural
32133;rural
32134;rural
32135;rural
32136;rural
32138;rural
32139;rural
32140;rural
32141;rural
32142;rural
32143;rural
32144;rural
32145;rural
32146;rural
32147;rural
32148;rural
32149;rural
32150;rural
32151;rural
32152;rural
32153;rural
32154;rural
32155;rural
32156;rural
32157;rural
32158;rural
32159;rural
32160;urbain
32161;rural
32162;rural
32163;rural
32164;rural
32165;rural
32166;rural
32167;rural
32169;rural
32170;rural
32171;rural
32172;rural
32173;rural
32174;rural
32175;rural
32176;rural
32177;rural
32178;rural
32180;rural
32181;rural
32182;rural
32183;rural
32184;rural
32185;rural
32186;rural
32187;rural
32188;rural
32189;rural
32190;rural
32191;rural
32192;rural
32193;rural
32194;rural
32195;rural
32196;rural
32197;rural
32198;rural
32199;rural
32200;rural
32201;rural
32202;rural
32203;rural
32204;rural
32205;rural
32206;rural
32207;rural
32208;rural
32209;rural
32210;rural
32211;rural
32212;rural
32213;rural
32214;rural
32215;rural
32216;rural
32217;rural
32218;rural
32219;rural
32220;rural
32221;rural
32222;rural
32223;rural
32224;rural
32225;rural
32226;rural
32227;rural
32228;rural
32229;rural
32230;rural
32231;rural
32232;rural
32233;rural
32234;rural
32235;rural
32236;rural
32237;rural
32238;rural
32239;rural
32240;rural
32241;rural
32242;rural
32243;rural
32244;rural
32245;rural
32246;rural
32247;rural
32248;rural
32249;rural
32250;rural
32251;rural
32252;rural
32253;rural
32254;rural
32255;rural
32256;rural
32257;rural
32258;rural
32261;rural
32262;rural
32263;rural
32264;rural
32265;rural
32266;rural
32267;rural
32268;rural
32269;rural
32270;rural
32271;rural
32272;rural
32273;rural
32274;rural
32275;rural
32276;rural
32277;rural
32278;rural
32279;rural
32280;rural
32281;rural
32282;rural
32283;rural
32284;rural
32285;rural
32286;rural
32287;rural
32288;rural
32289;rural
32290;rural
32291;rural
32292;rural
32293;rural
32294;rural
32295;rural
32296;rural
32297;rural
32298;rural
32299;rural
32300;rural
32301;rural
32302;rural
32303;rural
32304;rural
32305;rural
32306;rural
32307;rural
32308;rural
32309;rural
32310;rural
32311;rural
32312;rural
32313;rural
32314;rural
32315;rural
32316;rural
32317;rural
32318;rural
32319;rural
32320;rural
32321;rural
32322;rural
32323;rural
32324;rural
32325;rural
32326;rural
32327;rural
32328;rural
32329;rural
32330;rural
32331;rural
32332;rural
32333;rural
32334;rural
32335;rural
32336;rural
32337;rural
32338;rural
32339;rural
32340;rural
32341;rural
32342;rural
32343;rural
32344;rural
32345;rural
32346;rural
32347;rural
32348;rural
32349;rural
32350;rural
32351;rural
32352;rural
32353;rural
32354;rural
32355;rural
32356;rural
32357;rural
32358;rural
32359;rural
32360;rural
32361;rural
32362;rural
32363;rural
32364;rural
32365;rural
32366;rural
32367;rural
32368;rural
32369;rural
32370;rural
32371;rural
32372;rural
32373;rural
32374;rural
32375;rural
32376;rural
32377;rural
32378;rural
32379;rural
32380;rural
32381;rural
32382;rural
32383;rural
32384;rural
32385;rural
32386;rural
32387;rural
32388;rural
32389;rural
32390;rural
32391;rural
32392;rural
32393;rural
32394;rural
32395;rural
32396;rural
32397;rural
32398;rural
32399;rural
32400;rural
32401;rural
32402;rural
32403;rural
32404;rural
32405;rural
32406;rural
32407;rural
32408;rural
32409;rural
32410;rural
32411;rural
32412;rural
32414;rural
32415;rural
32416;rural
32417;rural
32418;rural
32419;rural
32420;rural
32421;rural
32422;rural
32423;rural
32424;rural
32425;rural
32426;rural
32427;rural
32428;rural
32429;rural
32430;rural
32431;rural
32432;rural
32433;rural
32434;rural
32435;rural
32436;rural
32437;rural
32438;rural
32439;rural
32440;rural
32441;rural
32442;rural
32443;rural
32444;rural
32445;rural
32446;rural
32447;rural
32448;rural
32449;rural
32450;rural
32451;rural
32452;rural
32453;rural
32454;rural
32455;rural
32456;rural
32457;rural
32458;rural
32459;rural
32460;rural
32461;rural
32462;rural
32463;rural
32464;rural
32465;rural
32466;rural
32467;rural
32468;rural
33001;rural
33002;rural
33003;urbain
33004;rural
33005;urbain
33006;rural
33007;urbain
33008;rural
33009;urbain
33010;rural
33011;urbain
33012;rural
33013;urbain
33014;rural
33015;urbain
33016;rural
33017;rural
33018;rural
33019;urbain
33020;rural
33021;rural
33022;rural
33023;urbain
33024;rural
33025;rural
33026;rural
33027;rural
33028;rural
33029;rural
33030;rural
33031;rural
33032;urbain
33033;rural
33034;rural
33035;rural
33036;rural
33037;urbain
33038;rural
33039;urbain
33040;rural
33042;rural
33043;rural
33044;rural
33045;rural
33046;rural
33047;rural
33048;rural
33049;rural
33050;rural
33051;urbain
33052;urbain
33053;rural
33054;rural
33055;rural
33056;urbain
33057;rural
33058;urbain
33059;rural
33060;rural
33061;rural
33062;rural
33063;urbain
33064;rural
33065;urbain
33066;rural
33067;rural
33068;rural
33069;urbain
33070;rural
33071;rural
33072;rural
33073;rural
33074;rural
33075;urbain
33076;rural
33077;rural
33078;rural
33079;rural
33080;urbain
33081;rural
33082;urbain
33083;rural
33084;urbain
33085;urbain
33086;rural
33087;rural
33088;rural
33089;rural
33090;urbain
33093;rural
33094;rural
33095;rural
33096;urbain
33097;rural
33098;rural
33099;urbain
33100;rural
33101;rural
33102;rural
33103;rural
33104;rural
33105;rural
33106;rural
33108;rural
33109;urbain
33111;rural
33112;rural
33113;rural
33114;rural
33115;rural
33116;rural
33117;rural
33118;urbain
33119;urbain
33120;urbain
33121;rural
33122;urbain
33123;rural
33124;rural
33125;rural
33126;rural
33127;rural
33128;rural
33129;rural
33130;rural
33131;rural
33132;rural
33133;rural
33134;rural
33135;rural
33136;rural
33137;rural
33138;urbain
33139;rural
33140;rural
33141;rural
33142;rural
33143;urbain
33144;rural
33145;rural
33146;rural
33147;rural
33148;rural
33149;rural
33150;rural
33151;rural
33152;rural
33153;rural
33154;rural
33155;rural
33156;rural
33157;rural
33158;rural
33159;rural
33160;rural
33161;rural
33162;urbain
33163;rural
33164;urbain
33165;urbain
33166;rural
33167;urbain
33168;rural
33169;rural
33170;rural
33171;rural
33172;rural
33173;rural
33174;rural
33175;rural
33176;rural
33177;rural
33178;rural
33179;rural
33180;rural
33181;rural
33182;rural
33183;rural
33184;rural
33185;rural
33186;rural
33187;rural
33188;rural
33189;rural
33190;rural
33191;rural
33192;urbain
33193;rural
33194;rural
33195;rural
33196;rural
33197;rural
33198;rural
33199;urbain
33200;urbain
33201;rural
33202;rural
33203;rural
33204;rural
33205;rural
33206;urbain
33207;urbain
33208;rural
33209;rural
33210;rural
33211;rural
33212;rural
33213;rural
33214;rural
33215;rural
33216;rural
33218;rural
33219;urbain
33220;rural
33221;rural
33222;urbain
33223;rural
33224;rural
33225;rural
33226;rural
33227;urbain
33228;rural
33229;urbain
33230;rural
33231;rural
33232;rural
33233;rural
33234;urbain
33235;rural
33236;rural
33237;rural
33238;urbain
33239;rural
33240;rural
33241;rural
33242;rural
33243;urbain
33244;rural
33245;rural
33246;rural
33247;rural
33248;rural
33249;urbain
33250;rural
33251;rural
33252;rural
33253;rural
33254;rural
33255;rural
33256;urbain
33257;rural
33258;rural
33259;rural
33260;rural
33261;rural
33262;urbain
33263;rural
33264;rural
33266;rural
33268;rural
33269;rural
33270;rural
33271;rural
33272;rural
33273;urbain
33274;urbain
33275;rural
33276;rural
33277;rural
33278;rural
33279;rural
33280;rural
33281;urbain
33282;rural
33283;rural
33284;rural
33285;rural
33287;rural
33288;rural
33289;rural
33290;rural
33291;rural
33292;rural
33293;rural
33294;rural
33295;rural
33296;rural
33297;rural
33298;rural
33299;rural
33300;rural
33301;rural
33302;rural
33303;rural
33304;rural
33305;rural
33306;rural
33307;rural
33308;rural
33309;rural
33310;rural
33311;rural
33312;urbain
33314;rural
33315;rural
33316;rural
33317;rural
33318;urbain
33319;rural
33320;rural
33321;rural
33322;urbain
33323;rural
33324;urbain
33325;rural
33326;rural
33327;urbain
33328;rural
33329;rural
33330;urbain
33331;rural
33332;rural
33333;rural
33334;urbain
33335;rural
33336;rural
33337;rural
33339;rural
33341;rural
33342;rural
33343;rural
33344;rural
33345;rural
33346;rural
33347;rural
33348;rural
33349;urbain
33350;rural
33351;rural
33352;rural
33353;rural
33354;rural
33355;rural
33356;rural
33357;rural
33358;rural
33359;rural
33360;rural
33361;rural
33362;rural
33363;rural
33364;rural
33365;rural
33366;urbain
33367;rural
33369;rural
33370;rural
33372;rural
33373;rural
33374;rural
33375;rural
33376;urbain
33377;rural
33378;rural
33379;rural
33380;rural
33381;urbain
33382;rural
33383;rural
33384;rural
33385;rural
33386;rural
33387;rural
33388;rural
33389;rural
33390;rural
33391;rural
33392;rural
33393;urbain
33394;rural
33395;rural
33396;rural
33397;urbain
33398;rural
33399;rural
33400;rural
33401;rural
33402;urbain
33403;rural
33404;rural
33405;rural
33406;rural
33407;rural
33408;rural
33411;rural
33412;rural
33413;rural
33414;rural
33415;urbain
33416;rural
33417;rural
33418;rural
33419;rural
33420;rural
33421;rural
33422;urbain
33423;rural
33424;rural
33425;rural
33426;rural
33427;rural
33428;rural
33429;rural
33431;rural
33432;rural
33433;urbain
33434;urbain
33435;urbain
33436;rural
33437;rural
33438;urbain
33439;rural
33440;rural
33441;urbain
33442;rural
33443;rural
33444;rural
33445;rural
33446;rural
33447;rural
33448;rural
33449;urbain
33450;rural
33451;rural
33452;rural
33453;rural
33454;rural
33456;rural
33457;rural
33458;rural
33459;rural
33460;rural
33461;rural
33462;rural
33463;rural
33464;rural
33465;rural
33466;rural
33467;rural
33468;rural
33470;rural
33471;rural
33472;rural
33473;rural
33474;rural
33475;rural
33476;rural
33477;rural
33478;rural
33479;rural
33480;rural
33481;rural
33482;rural
33483;urbain
33484;rural
33485;rural
33486;rural
33487;rural
33488;rural
33489;rural
33490;rural
33491;rural
33492;rural
33493;rural
33494;rural
33496;rural
33498;rural
33499;rural
33500;rural
33501;rural
33502;rural
33503;rural
33504;rural
33505;rural
33506;rural
33507;rural
33508;rural
33509;rural
33510;rural
33511;rural
33512;rural
33513;rural
33514;rural
33515;rural
33516;rural
33517;rural
33518;rural
33519;urbain
33520;rural
33521;rural
33522;urbain
33523;rural
33524;rural
33525;rural
33526;rural
33527;urbain
33528;rural
33529;urbain
33530;rural
33531;rural
33532;rural
33533;urbain
33534;rural
33535;urbain
33536;rural
33537;rural
33538;rural
33539;urbain
33540;rural
33541;rural
33542;rural
33543;urbain
33544;rural
33545;rural
33546;rural
33547;rural
33548;rural
33549;rural
33550;urbain
33551;rural
33552;urbain
33553;urbain
33554;urbain
33555;rural
34001;rural
34002;rural
34003;urbain
34004;rural
34005;rural
34006;rural
34007;rural
34008;rural
34009;rural
34010;rural
34011;rural
34012;rural
34013;rural
34014;urbain
34015;rural
34016;rural
34017;rural
34018;rural
34019;rural
34020;rural
34021;rural
34022;urbain
34023;urbain
34024;urbain
34025;rural
34026;rural
34027;urbain
34028;rural
34029;rural
34030;rural
34031;urbain
34032;urbain
34033;rural
34034;rural
34035;rural
34036;rural
34037;urbain
34038;rural
34039;urbain
34040;rural
34041;rural
34042;rural
34043;rural
34044;rural
34045;rural
34046;rural
34047;rural
34048;rural
34049;rural
34050;rural
34051;rural
34052;rural
34053;rural
34054;rural
34055;rural
34056;rural
34057;urbain
34058;urbain
34059;rural
34060;rural
34061;rural
34062;rural
34063;rural
34064;rural
34065;rural
34066;rural
34067;urbain
34068;rural
34069;rural
34070;rural
34071;rural
34072;rural
34073;urbain
34074;rural
34075;rural
34076;rural
34077;urbain
34078;rural
34079;urbain
34080;rural
34081;rural
34082;rural
34083;rural
34084;rural
34085;rural
34086;rural
34087;urbain
34088;urbain
34089;rural
34090;urbain
34091;rural
34092;rural
34094;rural
34095;urbain
34096;rural
34097;rural
34098;rural
34099;rural
34100;rural
34101;rural
34102;rural
34103;rural
34104;rural
34105;rural
34106;rural
34107;rural
34108;urbain
34109;rural
34110;rural
34111;urbain
34112;rural
34113;urbain
34114;urbain
34115;rural
34116;urbain
34117;rural
34118;rural
34119;rural
34120;urbain
34121;rural
34122;rural
34123;urbain
34124;rural
34125;rural
34126;rural
34127;rural
34128;urbain
34129;urbain
34130;rural
34131;rural
34132;rural
34133;rural
34134;urbain
34135;rural
34136;rural
34137;rural
34138;rural
34139;rural
34140;urbain
34141;rural
34142;urbain
34143;rural
34144;rural
34145;urbain
34146;urbain
34147;rural
34148;urbain
34149;rural
34150;urbain
34151;urbain
34152;rural
34153;rural
34154;urbain
34155;rural
34156;rural
34157;urbain
34158;rural
34159;urbain
34160;rural
34161;rural
34162;rural
34163;urbain
34164;rural
34165;urbain
34166;rural
34167;rural
34168;rural
34169;urbain
34170;rural
34171;rural
34172;urbain
34173;rural
34174;urbain
34175;rural
34176;urbain
34177;rural
34178;urbain
34179;rural
34180;rural
34181;rural
34182;rural
34183;rural
34184;rural
34185;rural
34186;rural
34187;rural
34188;rural
34189;rural
34190;rural
34191;urbain
34192;urbain
34193;rural
34194;rural
34195;rural
34196;rural
34197;rural
34198;urbain
34199;urbain
34200;rural
34201;rural
34202;urbain
34203;rural
34204;rural
34205;rural
34206;rural
34207;rural
34208;rural
34209;rural
34210;rural
34211;rural
34212;rural
34213;urbain
34214;rural
34215;rural
34216;rural
34217;urbain
34218;rural
34219;rural
34220;rural
34221;rural
34222;rural
34223;rural
34224;rural
34225;rural
34226;rural
34227;urbain
34228;rural
34229;rural
34230;rural
34231;rural
34232;rural
34233;rural
34234;rural
34235;rural
34236;rural
34237;rural
34238;rural
34239;urbain
34240;urbain
34241;rural
34242;rural
34243;rural
34244;urbain
34245;rural
34246;urbain
34247;urbain
34248;rural
34249;rural
34250;rural
34251;rural
34252;rural
34253;rural
34254;rural
34255;urbain
34256;rural
34257;rural
34258;rural
34259;urbain
34260;rural
34261;rural
34262;rural
34263;rural
34264;rural
34265;rural
34266;rural
34267;rural
34268;rural
34269;rural
34270;urbain
34271;rural
34272;urbain
34273;rural
34274;rural
34276;rural
34277;rural
34278;rural
34279;rural
34280;urbain
34281;rural
34282;urbain
34283;rural
34284;rural
34285;rural
34286;rural
34287;rural
34288;urbain
34289;rural
34290;urbain
34291;rural
34292;rural
34293;rural
34294;urbain
34295;urbain
34296;rural
34297;rural
34298;urbain
34299;urbain
34300;rural
34301;urbain
34302;rural
34303;rural
34304;rural
34305;rural
34306;rural
34307;urbain
34308;rural
34309;urbain
34310;urbain
34311;rural
34312;rural
34313;rural
34314;rural
34315;rural
34316;rural
34317;rural
34318;rural
34319;rural
34320;rural
34321;rural
34322;rural
34323;rural
34324;urbain
34325;rural
34326;rural
34327;urbain
34328;rural
34329;rural
34331;rural
34332;rural
34333;urbain
34334;rural
34335;rural
34336;urbain
34337;urbain
34338;rural
34339;rural
34340;urbain
34341;rural
34342;rural
34343;rural
34344;urbain
35001;urbain
35002;rural
35003;rural
35004;rural
35005;rural
35006;rural
35007;rural
35008;rural
35009;rural
35010;rural
35012;urbain
35013;rural
35014;rural
35015;rural
35016;rural
35017;rural
35018;rural
35019;rural
35021;urbain
35022;rural
35023;urbain
35024;urbain
35025;rural
35026;rural
35027;rural
35028;rural
35029;rural
35030;rural
35031;rural
35032;urbain
35033;rural
35034;rural
35035;rural
35037;urbain
35038;rural
35039;rural
35040;rural
35041;rural
35042;rural
35044;rural
35045;rural
35046;rural
35047;urbain
35049;rural
35050;rural
35051;urbain
35052;rural
35054;rural
35055;urbain
35056;rural
35057;rural
35058;rural
35059;rural
35060;rural
35061;rural
35062;rural
35063;rural
35064;rural
35065;rural
35066;urbain
35067;rural
35068;urbain
35069;urbain
35070;rural
35071;rural
35072;rural
35075;rural
35076;urbain
35077;rural
35078;rural
35079;rural
35080;rural
35081;rural
35082;rural
35084;rural
35085;rural
35086;rural
35087;rural
35088;urbain
35089;rural
35090;rural
35091;rural
35092;rural
35093;urbain
35094;rural
35095;rural
35096;rural
35097;rural
35098;rural
35099;urbain
35101;rural
35102;rural
35103;rural
35104;rural
35105;rural
35106;rural
35107;rural
35108;rural
35109;rural
35110;rural
35111;rural
35114;rural
35115;urbain
35116;rural
35117;rural
35118;rural
35119;rural
35120;rural
35121;rural
35122;rural
35123;rural
35124;rural
35125;rural
35126;rural
35127;rural
35128;rural
35130;rural
35131;rural
35132;rural
35133;rural
35134;rural
35135;rural
35136;urbain
35137;urbain
35138;rural
35139;rural
35140;rural
35141;rural
35142;rural
35143;rural
35144;rural
35145;rural
35146;rural
35148;rural
35149;rural
35150;urbain
35151;rural
35152;urbain
35153;rural
35154;rural
35155;rural
35156;rural
35157;rural
35159;rural
35160;rural
35161;rural
35162;rural
35163;rural
35164;rural
35165;rural
35166;rural
35167;rural
35168;rural
35169;rural
35170;rural
35171;rural
35172;rural
35173;urbain
35174;rural
35175;rural
35176;rural
35177;rural
35178;rural
35179;rural
35180;rural
35181;rural
35183;rural
35184;rural
35185;rural
35186;rural
35187;rural
35188;urbain
35189;urbain
35190;rural
35191;rural
35192;rural
35193;rural
35194;rural
35195;rural
35196;urbain
35197;rural
35198;rural
35199;rural
35200;rural
35201;rural
35202;rural
35203;rural
35204;rural
35205;rural
35206;urbain
35207;urbain
35208;urbain
35210;urbain
35211;rural
35212;rural
35214;rural
35215;rural
35216;rural
35217;rural
35218;rural
35219;rural
35220;rural
35221;rural
35222;rural
35223;rural
35224;rural
35225;rural
35226;rural
35227;urbain
35228;rural
35229;rural
35230;rural
35231;rural
35232;rural
35233;rural
35234;rural
35235;rural
35236;urbain
35237;rural
35238;urbain
35239;rural
35240;urbain
35241;urbain
35242;rural
35243;rural
35244;rural
35245;rural
35246;rural
35247;rural
35248;rural
35249;rural
35250;rural
35251;rural
35252;rural
35253;rural
35255;rural
35256;urbain
35257;rural
35258;rural
35259;rural
35260;rural
35261;rural
35262;rural
35263;rural
35264;urbain
35265;rural
35266;urbain
35268;rural
35270;rural
35271;rural
35272;rural
35273;rural
35274;rural
35275;rural
35276;rural
35277;rural
35278;urbain
35279;rural
35280;rural
35281;urbain
35282;rural
35283;rural
35284;rural
35285;rural
35286;rural
35287;urbain
35288;urbain
35289;rural
35290;rural
35291;rural
35292;rural
35294;rural
35295;rural
35296;rural
35297;rural
35299;rural
35300;rural
35302;rural
35304;rural
35305;rural
35306;rural
35307;rural
35308;rural
35309;rural
35310;rural
35311;rural
35312;rural
35314;rural
35315;rural
35316;rural
35317;rural
35318;rural
35319;rural
35320;rural
35321;rural
35322;rural
35324;rural
35325;rural
35326;rural
35327;rural
35328;rural
35329;rural
35330;rural
35331;rural
35332;rural
35333;rural
35334;urbain
35335;rural
35336;rural
35337;rural
35338;rural
35339;rural
35340;rural
35342;rural
35343;rural
35345;rural
35346;rural
35347;rural
35350;rural
35351;rural
35352;urbain
35353;urbain
35354;rural
35355;rural
35356;rural
35357;rural
35358;rural
35359;rural
35360;urbain
35361;rural
35362;rural
35363;urbain
36001;rural
36002;rural
36003;rural
36004;rural
36005;rural
36006;urbain
36007;rural
36008;rural
36009;rural
36010;rural
36011;rural
36012;rural
36013;rural
36014;rural
36015;rural
36016;rural
36017;rural
36018;rural
36019;rural
36020;rural
36021;rural
36022;rural
36023;rural
36024;rural
36025;rural
36026;rural
36027;rural
36028;rural
36029;rural
36030;rural
36031;rural
36032;rural
36033;rural
36034;rural
36035;rural
36036;rural
36037;rural
36038;rural
36040;rural
36041;rural
36042;rural
36043;rural
36044;urbain
36045;rural
36046;rural
36047;rural
36048;rural
36049;rural
36050;rural
36051;rural
36052;rural
36053;rural
36054;rural
36055;rural
36056;rural
36057;rural
36058;rural
36059;rural
36060;rural
36061;rural
36062;rural
36063;urbain
36064;rural
36065;rural
36066;rural
36067;rural
36068;rural
36069;rural
36070;rural
36071;rural
36073;rural
36074;rural
36075;rural
36076;rural
36077;rural
36078;rural
36079;rural
36080;rural
36081;rural
36082;rural
36083;rural
36084;rural
36085;rural
36086;rural
36087;rural
36088;urbain
36089;rural
36090;rural
36091;rural
36092;rural
36093;rural
36094;rural
36095;rural
36096;rural
36097;rural
36098;rural
36099;rural
36100;rural
36101;rural
36102;rural
36103;rural
36104;rural
36105;rural
36106;rural
36107;rural
36108;rural
36109;rural
36110;rural
36111;rural
36112;rural
36113;rural
36114;rural
36115;rural
36116;rural
36117;rural
36118;rural
36119;rural
36120;rural
36121;rural
36122;rural
36123;rural
36124;rural
36125;rural
36126;rural
36127;rural
36128;rural
36129;rural
36130;rural
36131;rural
36132;rural
36133;rural
36134;rural
36135;rural
36136;rural
36137;rural
36138;rural
36139;rural
36140;rural
36141;rural
36142;rural
36143;rural
36144;rural
36145;rural
36146;rural
36147;rural
36148;rural
36149;rural
36150;rural
36152;rural
36153;rural
36154;urbain
36155;rural
36156;rural
36157;rural
36158;rural
36159;urbain
36160;rural
36161;rural
36162;rural
36163;rural
36164;rural
36165;rural
36166;rural
36167;rural
36168;rural
36169;rural
36170;rural
36171;rural
36172;rural
36173;rural
36174;rural
36175;rural
36176;rural
36177;rural
36178;rural
36179;rural
36180;rural
36181;rural
36182;rural
36184;rural
36185;rural
36186;rural
36187;rural
36188;rural
36189;rural
36190;rural
36191;rural
36192;rural
36193;rural
36194;rural
36195;rural
36196;rural
36197;rural
36198;rural
36199;rural
36200;urbain
36202;urbain
36203;rural
36204;rural
36205;rural
36207;rural
36208;rural
36209;rural
36210;rural
36211;rural
36212;rural
36213;rural
36214;rural
36215;rural
36216;rural
36217;rural
36218;rural
36219;rural
36220;rural
36221;rural
36222;rural
36223;rural
36224;rural
36225;rural
36226;rural
36227;rural
36228;rural
36229;rural
36230;rural
36231;rural
36232;rural
36233;rural
36234;rural
36235;rural
36236;rural
36237;rural
36238;rural
36239;rural
36240;rural
36241;rural
36242;rural
36243;rural
36244;rural
36246;rural
36247;rural
36248;rural
37001;rural
37002;rural
37003;urbain
37004;rural
37005;rural
37006;urbain
37007;rural
37008;rural
37009;rural
37010;urbain
37011;rural
37012;rural
37013;rural
37014;rural
37015;urbain
37016;rural
37018;urbain
37019;rural
37020;urbain
37021;rural
37022;rural
37023;rural
37024;rural
37025;rural
37026;rural
37027;urbain
37028;rural
37029;rural
37030;rural
37031;rural
37032;rural
37033;rural
37034;rural
37035;rural
37036;rural
37037;rural
37038;rural
37039;rural
37040;rural
37041;rural
37042;rural
37043;rural
37044;rural
37045;rural
37046;rural
37047;rural
37048;rural
37049;rural
37050;urbain
37051;rural
37052;rural
37053;rural
37054;urbain
37055;rural
37056;rural
37057;rural
37058;rural
37059;rural
37060;rural
37061;rural
37062;rural
37063;urbain
37064;rural
37065;rural
37066;rural
37067;rural
37068;rural
37069;rural
37070;rural
37071;rural
37072;urbain
37073;rural
37074;rural
37075;rural
37076;rural
37077;rural
37078;rural
37079;rural
37080;rural
37081;rural
37082;rural
37083;rural
37084;rural
37085;rural
37086;rural
37087;rural
37088;rural
37089;rural
37090;rural
37091;urbain
37092;rural
37093;rural
37094;rural
37095;rural
37096;rural
37097;rural
37098;rural
37099;rural
37100;rural
37101;rural
37103;rural
37104;rural
37105;rural
37106;rural
37107;rural
37108;rural
37109;urbain
37110;rural
37111;rural
37112;rural
37113;rural
37114;rural
37115;rural
37116;rural
37117;rural
37118;rural
37119;rural
37121;rural
37122;urbain
37123;rural
37124;urbain
37125;rural
37126;rural
37127;rural
37128;rural
37129;rural
37130;rural
37131;rural
37132;urbain
37133;rural
37134;rural
37136;rural
37137;rural
37138;rural
37139;rural
37140;rural
37141;rural
37142;rural
37143;rural
37144;rural
37145;rural
37146;rural
37147;rural
37148;rural
37149;rural
37150;rural
37151;urbain
37152;urbain
37153;rural
37154;urbain
37155;rural
37156;urbain
37157;rural
37158;rural
37159;urbain
37160;rural
37161;rural
37162;rural
37163;urbain
37165;rural
37166;rural
37167;rural
37168;rural
37169;rural
37170;rural
37171;rural
37172;urbain
37173;rural
37174;rural
37175;rural
37176;rural
37177;rural
37178;rural
37179;urbain
37180;rural
37181;rural
37182;rural
37183;rural
37184;rural
37185;urbain
37186;urbain
37187;rural
37188;rural
37189;rural
37190;rural
37191;rural
37192;rural
37193;rural
37194;rural
37195;urbain
37196;rural
37197;rural
37198;rural
37199;rural
37200;rural
37201;rural
37202;rural
37203;urbain
37204;rural
37205;rural
37206;rural
37207;rural
37208;urbain
37210;rural
37211;rural
37212;rural
37213;rural
37214;urbain
37216;rural
37217;rural
37218;rural
37219;rural
37220;rural
37221;rural
37222;rural
37223;rural
37224;rural
37225;rural
37226;rural
37228;rural
37229;rural
37230;rural
37231;rural
37232;rural
37233;urbain
37234;rural
37236;rural
37237;rural
37238;rural
37240;rural
37241;rural
37242;rural
37243;rural
37244;rural
37245;rural
37246;rural
37247;rural
37248;rural
37249;rural
37250;rural
37251;rural
37252;rural
37253;rural
37254;rural
37255;rural
37256;rural
37257;rural
37258;rural
37259;rural
37260;rural
37261;urbain
37262;rural
37263;rural
37264;rural
37265;rural
37266;urbain
37267;urbain
37268;rural
37269;rural
37270;rural
37271;rural
37272;rural
37273;urbain
37274;rural
37275;rural
37276;rural
37277;rural
37278;rural
37279;rural
37280;rural
37281;rural
37282;rural
38001;rural
38002;rural
38003;rural
38004;rural
38005;rural
38006;urbain
38008;rural
38009;rural
38010;rural
38011;urbain
38012;rural
38013;rural
38015;rural
38017;rural
38018;rural
38019;urbain
38020;rural
38022;rural
38023;rural
38026;rural
38027;urbain
38029;rural
38030;urbain
38031;rural
38032;rural
38033;rural
38034;rural
38035;rural
38036;rural
38037;rural
38038;rural
38039;urbain
38040;rural
38041;rural
38042;rural
38043;rural
38044;rural
38045;urbain
38046;rural
38047;rural
38048;rural
38049;rural
38050;rural
38051;rural
38052;rural
38053;urbain
38054;rural
38055;rural
38056;rural
38057;rural
38058;rural
38059;urbain
38060;rural
38061;urbain
38062;rural
38063;rural
38064;rural
38065;rural
38066;rural
38067;rural
38068;urbain
38069;rural
38070;urbain
38071;urbain
38072;urbain
38073;rural
38074;rural
38075;rural
38076;rural
38077;rural
38078;rural
38080;rural
38081;rural
38082;rural
38083;rural
38084;urbain
38085;urbain
38086;rural
38087;urbain
38089;rural
38090;rural
38091;rural
38092;rural
38093;rural
38094;rural
38095;rural
38097;urbain
38098;rural
38099;rural
38100;rural
38101;rural
38102;rural
38103;rural
38104;rural
38105;rural
38106;rural
38107;urbain
38108;rural
38109;rural
38110;rural
38111;urbain
38112;rural
38113;rural
38114;urbain
38115;rural
38116;rural
38117;rural
38118;rural
38120;rural
38124;rural
38126;urbain
38127;rural
38128;rural
38129;rural
38130;rural
38131;rural
38132;rural
38133;urbain
38134;rural
38135;rural
38136;rural
38137;rural
38138;rural
38139;rural
38140;urbain
38141;rural
38144;rural
38146;rural
38147;rural
38148;rural
38149;urbain
38150;urbain
38151;urbain
38152;rural
38153;rural
38154;rural
38155;rural
38156;rural
38157;rural
38158;urbain
38159;rural
38160;rural
38161;rural
38162;rural
38163;rural
38166;urbain
38167;rural
38169;urbain
38170;urbain
38171;rural
38172;rural
38173;rural
38174;rural
38175;urbain
38176;rural
38177;rural
38179;urbain
38180;rural
38181;rural
38182;rural
38183;rural
38184;rural
38185;urbain
38186;rural
38187;urbain
38188;urbain
38189;rural
38190;rural
38191;rural
38192;rural
38193;urbain
38194;rural
38195;rural
38197;rural
38198;rural
38199;urbain
38200;urbain
38203;rural
38204;rural
38205;rural
38206;rural
38207;rural
38208;rural
38209;rural
38210;rural
38211;rural
38212;rural
38213;rural
38214;urbain
38215;rural
38216;rural
38217;rural
38218;rural
38219;rural
38221;rural
38222;rural
38223;urbain
38224;rural
38225;rural
38226;rural
38228;rural
38229;urbain
38230;urbain
38231;rural
38232;rural
38235;rural
38236;rural
38237;rural
38238;rural
38239;urbain
38240;rural
38241;rural
38242;rural
38243;rural
38244;rural
38245;rural
38246;rural
38247;rural
38248;rural
38249;urbain
38250;rural
38252;rural
38253;rural
38254;rural
38255;rural
38256;rural
38257;rural
38258;rural
38259;rural
38260;rural
38261;rural
38263;rural
38264;rural
38265;rural
38266;rural
38267;rural
38268;rural
38269;urbain
38270;urbain
38271;urbain
38272;rural
38273;rural
38275;rural
38276;urbain
38277;rural
38278;rural
38279;urbain
38280;rural
38281;urbain
38282;rural
38283;rural
38284;rural
38285;rural
38286;rural
38287;rural
38288;rural
38289;rural
38290;rural
38291;rural
38292;rural
38294;rural
38295;rural
38296;rural
38297;rural
38298;urbain
38299;rural
38300;rural
38301;rural
38303;rural
38304;rural
38307;rural
38308;rural
38309;urbain
38310;rural
38311;rural
38313;urbain
38314;urbain
38315;urbain
38316;urbain
38317;urbain
38318;urbain
38319;rural
38320;rural
38321;rural
38322;rural
38323;rural
38324;rural
38325;rural
38326;rural
38328;rural
38329;rural
38330;rural
38331;urbain
38332;urbain
38333;rural
38334;rural
38335;rural
38336;rural
38337;urbain
38338;rural
38339;rural
38340;urbain
38341;rural
38342;rural
38343;rural
38344;urbain
38345;rural
38346;rural
38347;rural
38348;urbain
38349;rural
38350;rural
38351;rural
38352;urbain
38353;urbain
38354;rural
38355;rural
38356;rural
38357;rural
38358;rural
38359;rural
38360;rural
38361;rural
38362;rural
38363;rural
38364;rural
38365;rural
38366;rural
38368;urbain
38369;rural
38370;rural
38372;rural
38373;rural
38374;rural
38375;rural
38376;rural
38377;urbain
38378;urbain
38379;rural
38380;rural
38381;rural
38382;urbain
38383;rural
38384;rural
38386;rural
38387;rural
38388;rural
38389;rural
38390;rural
38391;rural
38392;rural
38393;rural
38394;rural
38395;rural
38396;rural
38397;urbain
38398;rural
38399;rural
38400;urbain
38401;urbain
38402;rural
38403;rural
38404;rural
38405;rural
38406;rural
38407;rural
38408;rural
38409;rural
38410;rural
38412;rural
38413;rural
38414;rural
38415;rural
38416;urbain
38417;rural
38418;rural
38419;rural
38420;rural
38421;urbain
38422;urbain
38423;urbain
38424;rural
38425;urbain
38426;rural
38427;rural
38428;rural
38429;rural
38430;rural
38431;urbain
38432;rural
38433;rural
38434;rural
38436;urbain
38437;rural
38438;rural
38439;urbain
38440;rural
38442;rural
38443;rural
38444;rural
38445;urbain
38446;rural
38448;urbain
38449;urbain
38450;rural
38451;urbain
38452;rural
38453;rural
38454;urbain
38455;rural
38456;rural
38457;rural
38458;rural
38459;rural
38460;rural
38462;rural
38463;rural
38464;rural
38465;rural
38466;urbain
38467;rural
38468;urbain
38469;rural
38470;rural
38471;rural
38472;rural
38473;rural
38474;urbain
38475;rural
38476;rural
38478;rural
38479;rural
38480;rural
38481;rural
38483;rural
38484;rural
38485;urbain
38486;urbain
38487;urbain
38488;rural
38489;rural
38490;rural
38492;rural
38494;rural
38495;rural
38496;rural
38497;rural
38498;rural
38499;rural
38500;rural
38501;rural
38503;urbain
38504;rural
38505;rural
38507;urbain
38508;rural
38509;urbain
38511;urbain
38512;rural
38513;rural
38514;rural
38515;rural
38516;urbain
38517;urbain
38518;rural
38519;rural
38520;rural
38521;rural
38522;rural
38523;rural
38524;urbain
38525;rural
38526;rural
38527;rural
38528;urbain
38529;urbain
38530;urbain
38531;rural
38532;rural
38533;urbain
38535;rural
38536;rural
38537;urbain
38538;urbain
38539;urbain
38540;rural
38542;rural
38543;rural
38544;urbain
38545;urbain
38546;rural
38547;urbain
38548;rural
38549;rural
38550;rural
38551;rural
38552;rural
38553;urbain
38554;rural
38555;rural
38556;rural
38557;rural
38558;rural
38559;rural
38560;rural
38561;rural
38562;urbain
38563;urbain
38564;rural
38565;urbain
38566;urbain
38567;rural
39001;rural
39002;rural
39003;rural
39004;rural
39006;rural
39007;rural
39008;rural
39009;rural
39010;rural
39011;rural
39013;rural
39014;rural
39015;rural
39016;rural
39017;rural
39018;rural
39019;rural
39020;rural
39021;rural
39022;rural
39024;rural
39025;rural
39026;rural
39027;rural
39028;rural
39029;rural
39030;rural
39031;rural
39032;urbain
39034;rural
39035;rural
39037;rural
39038;rural
39039;rural
39040;rural
39041;rural
39042;urbain
39043;rural
39045;rural
39046;rural
39047;rural
39048;rural
39049;rural
39050;rural
39051;rural
39052;rural
39053;rural
39054;rural
39055;rural
39056;rural
39057;rural
39058;rural
39059;rural
39060;rural
39061;rural
39062;rural
39063;rural
39065;rural
39066;rural
39068;rural
39070;rural
39072;rural
39073;rural
39074;rural
39076;rural
39077;rural
39078;urbain
39079;rural
39080;rural
39081;rural
39083;rural
39084;rural
39085;rural
39086;rural
39088;rural
39090;rural
39091;rural
39092;rural
39093;rural
39094;rural
39095;rural
39096;rural
39097;urbain
39099;rural
39100;rural
39101;rural
39102;rural
39103;rural
39104;rural
39105;rural
39106;rural
39107;rural
39108;rural
39109;rural
39110;rural
39111;rural
39112;rural
39114;rural
39116;rural
39117;rural
39118;rural
39119;rural
39120;rural
39121;rural
39122;rural
39124;rural
39126;rural
39127;rural
39128;rural
39129;rural
39130;rural
39131;rural
39132;rural
39133;rural
39134;rural
39136;rural
39137;rural
39138;rural
39139;rural
39140;rural
39141;rural
39142;rural
39143;rural
39145;rural
39146;urbain
39147;rural
39149;rural
39150;urbain
39151;rural
39153;urbain
39154;rural
39155;rural
39156;rural
39157;rural
39159;rural
39160;rural
39162;rural
39163;rural
39164;urbain
39165;rural
39166;rural
39167;rural
39168;rural
39169;urbain
39170;rural
39171;rural
39172;rural
39173;rural
39174;rural
39175;rural
39176;rural
39177;rural
39178;rural
39179;rural
39180;rural
39182;urbain
39183;rural
39184;rural
39185;rural
39187;rural
39188;rural
39189;urbain
39190;rural
39191;rural
39192;rural
39193;rural
39194;rural
39196;rural
39197;rural
39198;urbain
39199;rural
39200;rural
39201;rural
39202;rural
39203;rural
39204;rural
39205;rural
39206;rural
39207;rural
39208;rural
39209;rural
39210;rural
39211;rural
39214;rural
39216;rural
39217;rural
39218;rural
39219;rural
39220;rural
39221;rural
39222;rural
39223;rural
39225;rural
39227;rural
39228;rural
39229;rural
39230;rural
39232;rural
39233;urbain
39234;rural
39235;rural
39236;rural
39237;rural
39238;rural
39239;rural
39240;rural
39241;rural
39244;rural
39245;rural
39246;rural
39247;rural
39248;rural
39249;rural
39250;rural
39251;rural
39252;rural
39253;rural
39254;rural
39255;rural
39258;rural
39259;rural
39261;rural
39262;rural
39263;rural
39265;rural
39266;rural
39267;rural
39268;rural
39269;rural
39270;rural
39271;rural
39272;rural
39273;rural
39274;rural
39275;rural
39277;rural
39278;rural
39279;rural
39280;rural
39281;rural
39282;rural
39283;rural
39284;rural
39285;rural
39286;rural
39288;rural
39289;rural
39290;rural
39291;rural
39292;rural
39293;rural
39295;rural
39296;rural
39297;rural
39298;rural
39299;rural
39300;urbain
39301;rural
39302;rural
39304;rural
39305;rural
39306;urbain
39307;rural
39308;rural
39310;rural
39312;rural
39313;rural
39314;rural
39315;rural
39317;rural
39318;rural
39319;rural
39320;rural
39321;rural
39322;rural
39323;rural
39324;rural
39325;rural
39326;rural
39327;urbain
39328;rural
39329;rural
39330;rural
39331;rural
39333;rural
39334;rural
39335;rural
39336;rural
39337;rural
39338;rural
39339;rural
39342;rural
39343;rural
39344;rural
39345;rural
39346;rural
39348;rural
39349;rural
39350;rural
39351;rural
39352;rural
39353;rural
39354;rural
39355;rural
39356;rural
39359;rural
39360;rural
39361;rural
39362;urbain
39363;rural
39364;rural
39365;rural
39366;rural
39367;rural
39368;urbain
39370;rural
39372;rural
39373;rural
39375;rural
39376;rural
39377;rural
39378;rural
39379;rural
39380;rural
39381;rural
39385;rural
39386;rural
39387;rural
39388;rural
39389;rural
39390;rural
39391;rural
39392;rural
39393;rural
39394;rural
39396;rural
39397;rural
39398;rural
39399;rural
39400;rural
39401;rural
39402;rural
39403;rural
39404;rural
39405;rural
39406;rural
39407;rural
39408;rural
39409;rural
39411;urbain
39412;rural
39413;rural
39415;rural
39418;rural
39419;rural
39420;rural
39421;rural
39422;rural
39423;rural
39424;rural
39425;rural
39426;rural
39427;rural
39428;rural
39429;rural
39430;rural
39431;rural
39432;rural
39434;rural
39435;rural
39436;rural
39437;rural
39439;rural
39441;rural
39443;rural
39444;rural
39445;rural
39446;rural
39447;rural
39448;rural
39449;rural
39451;rural
39452;rural
39453;rural
39454;rural
39455;rural
39456;rural
39457;rural
39458;rural
39460;rural
39461;rural
39462;rural
39463;rural
39464;rural
39465;rural
39466;rural
39467;rural
39468;rural
39469;rural
39470;rural
39471;rural
39472;rural
39473;rural
39475;rural
39476;rural
39477;rural
39478;urbain
39479;rural
39480;rural
39481;rural
39485;rural
39486;rural
39487;rural
39489;rural
39490;rural
39491;rural
39492;rural
39493;rural
39494;rural
39495;rural
39497;rural
39498;rural
39499;rural
39500;rural
39501;rural
39502;rural
39503;rural
39504;rural
39505;rural
39507;rural
39508;rural
39510;rural
39511;rural
39512;rural
39513;rural
39514;rural
39517;rural
39518;rural
39519;rural
39520;rural
39522;rural
39523;rural
39525;rural
39526;urbain
39527;rural
39528;rural
39529;rural
39530;rural
39531;rural
39532;rural
39533;rural
39534;rural
39535;rural
39537;rural
39538;rural
39539;rural
39540;rural
39543;rural
39545;rural
39546;rural
39547;rural
39550;rural
39551;rural
39552;rural
39553;rural
39554;rural
39555;rural
39556;rural
39557;rural
39558;rural
39559;rural
39560;rural
39561;rural
39565;rural
39567;rural
39568;rural
39569;rural
39570;rural
39571;rural
39572;rural
39573;urbain
39574;rural
39575;rural
39576;rural
39577;rural
39579;rural
39581;rural
39582;rural
39583;rural
39584;rural
39585;rural
39586;rural
40001;rural
40002;rural
40003;rural
40004;urbain
40005;rural
40006;rural
40007;rural
40008;rural
40011;rural
40012;rural
40013;rural
40014;rural
40015;rural
40016;rural
40017;rural
40018;rural
40019;rural
40020;rural
40021;rural
40022;rural
40023;rural
40024;rural
40025;rural
40026;rural
40027;rural
40028;rural
40029;rural
40030;rural
40031;rural
40032;rural
40033;rural
40034;rural
40035;rural
40036;rural
40037;rural
40038;rural
40039;rural
40040;rural
40041;rural
40042;rural
40043;rural
40044;rural
40046;urbain
40047;rural
40049;rural
40050;rural
40051;rural
40052;rural
40053;rural
40054;rural
40055;rural
40056;rural
40057;rural
40058;rural
40059;rural
40060;rural
40061;rural
40062;rural
40063;rural
40064;rural
40065;urbain
40066;rural
40067;rural
40068;rural
40069;rural
40070;rural
40071;rural
40072;rural
40073;rural
40074;rural
40075;rural
40076;rural
40077;rural
40078;rural
40079;rural
40080;rural
40081;rural
40082;rural
40083;rural
40084;rural
40085;rural
40086;rural
40087;rural
40088;urbain
40089;rural
40090;rural
40091;rural
40092;rural
40093;rural
40094;rural
40095;rural
40096;rural
40097;rural
40098;rural
40099;rural
40100;rural
40101;rural
40102;rural
40103;rural
40104;rural
40105;rural
40106;rural
40108;rural
40109;rural
40110;rural
40111;rural
40112;rural
40113;rural
40114;rural
40115;rural
40116;rural
40117;rural
40118;rural
40119;rural
40120;rural
40121;rural
40122;rural
40123;rural
40124;rural
40125;rural
40126;rural
40127;rural
40128;rural
40129;rural
40130;rural
40131;rural
40132;rural
40133;rural
40134;rural
40135;rural
40136;rural
40137;rural
40138;rural
40139;rural
40140;rural
40141;rural
40142;rural
40143;rural
40144;rural
40145;rural
40146;rural
40147;rural
40148;rural
40149;rural
40150;rural
40151;rural
40152;rural
40153;rural
40154;rural
40155;rural
40156;rural
40157;rural
40158;rural
40159;rural
40160;rural
40161;rural
40162;rural
40163;rural
40164;rural
40165;rural
40166;rural
40167;rural
40168;rural
40169;rural
40170;rural
40171;rural
40172;rural
40173;rural
40174;rural
40175;rural
40176;rural
40177;rural
40178;urbain
40179;rural
40180;rural
40181;rural
40182;rural
40183;rural
40184;rural
40185;rural
40186;rural
40187;rural
40188;rural
40189;rural
40190;rural
40191;rural
40192;urbain
40193;rural
40194;rural
40195;rural
40196;rural
40197;rural
40198;rural
40199;rural
40200;rural
40201;rural
40202;urbain
40203;rural
40204;rural
40205;rural
40206;rural
40207;urbain
40208;rural
40209;urbain
40210;rural
40211;rural
40212;rural
40213;rural
40214;rural
40215;rural
40216;rural
40217;urbain
40218;rural
40219;rural
40220;rural
40221;rural
40222;rural
40223;rural
40224;rural
40225;rural
40226;rural
40227;rural
40228;rural
40229;rural
40230;rural
40231;rural
40232;rural
40233;rural
40234;rural
40235;rural
40236;rural
40237;rural
40238;rural
40239;rural
40240;rural
40242;rural
40243;rural
40244;rural
40245;rural
40246;rural
40247;rural
40248;rural
40249;rural
40250;rural
40251;rural
40252;rural
40253;rural
40254;rural
40255;rural
40256;rural
40257;rural
40258;rural
40259;rural
40260;rural
40261;rural
40262;rural
40263;rural
40264;rural
40265;rural
40266;rural
40267;rural
40268;rural
40269;rural
40270;rural
40271;rural
40272;rural
40273;rural
40274;rural
40275;rural
40276;rural
40277;rural
40278;rural
40279;urbain
40280;rural
40281;urbain
40282;rural
40283;rural
40284;urbain
40285;rural
40286;rural
40287;rural
40288;rural
40289;rural
40290;rural
40291;urbain
40292;rural
40293;rural
40294;urbain
40295;rural
40296;urbain
40297;rural
40298;rural
40299;rural
40300;urbain
40301;rural
40303;rural
40304;urbain
40305;rural
40306;rural
40307;rural
40308;rural
40309;rural
40310;urbain
40311;rural
40312;urbain
40313;rural
40314;urbain
40315;rural
40316;rural
40317;urbain
40318;rural
40319;rural
40320;rural
40321;rural
40322;rural
40323;rural
40324;rural
40325;rural
40326;rural
40327;rural
40328;rural
40329;rural
40330;rural
40331;rural
40332;rural
40333;rural
40334;rural
41001;rural
41002;rural
41003;urbain
41004;rural
41006;rural
41007;rural
41008;rural
41009;rural
41010;rural
41012;rural
41013;rural
41014;rural
41016;rural
41017;rural
41018;urbain
41019;rural
41020;rural
41022;rural
41024;rural
41025;rural
41026;rural
41027;rural
41028;rural
41029;rural
41030;rural
41031;rural
41032;rural
41034;rural
41035;rural
41036;rural
41037;rural
41038;rural
41039;rural
41040;rural
41041;rural
41042;rural
41043;rural
41044;rural
41045;rural
41046;rural
41047;urbain
41048;rural
41049;rural
41050;rural
41051;rural
41052;rural
41053;rural
41054;rural
41055;rural
41057;rural
41058;rural
41059;rural
41060;rural
41061;rural
41062;rural
41063;rural
41065;rural
41066;rural
41067;rural
41068;rural
41069;rural
41070;rural
41071;rural
41072;rural
41073;rural
41074;rural
41075;rural
41077;rural
41078;rural
41079;rural
41080;rural
41081;rural
41083;rural
41084;rural
41085;rural
41086;rural
41087;rural
41088;rural
41089;rural
41090;rural
41091;rural
41093;rural
41094;rural
41095;rural
41096;rural
41097;rural
41098;rural
41099;rural
41100;rural
41101;rural
41102;rural
41103;rural
41104;rural
41105;rural
41106;rural
41107;rural
41108;rural
41109;rural
41110;rural
41112;rural
41113;rural
41114;rural
41115;rural
41116;rural
41118;rural
41119;rural
41120;rural
41121;rural
41122;rural
41123;rural
41124;rural
41125;rural
41126;rural
41127;rural
41128;rural
41129;rural
41130;rural
41131;rural
41132;rural
41134;rural
41135;rural
41136;urbain
41137;rural
41138;rural
41139;rural
41140;rural
41141;rural
41142;rural
41143;rural
41144;rural
41145;rural
41146;rural
41147;rural
41148;rural
41149;rural
41150;rural
41151;rural
41152;rural
41153;rural
41154;rural
41155;rural
41156;rural
41157;rural
41158;urbain
41159;rural
41160;rural
41161;rural
41163;rural
41164;rural
41166;rural
41167;rural
41168;rural
41171;rural
41172;rural
41173;rural
41174;rural
41175;rural
41176;rural
41177;rural
41178;rural
41179;rural
41180;rural
41181;rural
41182;rural
41184;rural
41185;rural
41186;rural
41187;rural
41188;rural
41189;rural
41190;rural
41191;rural
41192;rural
41193;rural
41194;urbain
41195;rural
41196;rural
41198;rural
41199;rural
41200;rural
41201;rural
41203;rural
41204;urbain
41205;rural
41206;rural
41207;rural
41208;rural
41209;rural
41211;rural
41212;urbain
41213;rural
41214;rural
41215;rural
41216;rural
41217;rural
41218;rural
41219;rural
41220;rural
41221;rural
41222;rural
41223;rural
41224;rural
41225;rural
41226;urbain
41228;rural
41229;rural
41230;rural
41231;rural
41232;rural
41233;rural
41234;rural
41235;rural
41236;rural
41237;rural
41238;rural
41239;rural
41241;rural
41242;rural
41243;rural
41245;rural
41246;rural
41247;rural
41248;rural
41249;rural
41250;rural
41251;rural
41252;rural
41253;rural
41254;rural
41255;rural
41256;rural
41258;rural
41259;rural
41260;rural
41261;rural
41262;rural
41265;rural
41266;rural
41267;rural
41268;rural
41269;urbain
41271;rural
41273;rural
41274;rural
41275;rural
41276;urbain
41277;rural
41278;rural
41279;rural
41280;rural
41281;rural
41282;rural
41283;rural
41284;rural
41285;rural
41286;rural
41287;rural
41288;rural
41289;rural
41290;rural
41291;rural
41292;rural
41293;rural
41294;rural
41295;urbain
41296;rural
41297;rural
42001;rural
42002;rural
42003;rural
42005;urbain
42006;rural
42007;rural
42008;rural
42009;rural
42010;rural
42011;rural
42012;rural
42013;rural
42014;rural
42015;rural
42016;rural
42017;rural
42018;rural
42019;rural
42020;urbain
42021;rural
42022;urbain
42023;rural
42025;rural
42026;rural
42027;rural
42028;rural
42029;rural
42030;rural
42031;rural
42032;urbain
42033;rural
42034;rural
42035;rural
42036;urbain
42037;rural
42038;rural
42039;rural
42040;rural
42041;rural
42042;rural
42043;urbain
42044;urbain
42045;rural
42046;rural
42047;rural
42048;rural
42049;rural
42050;rural
42051;rural
42052;rural
42053;urbain
42054;rural
42055;rural
42056;rural
42058;rural
42059;rural
42060;rural
42061;rural
42062;rural
42063;rural
42064;rural
42065;rural
42066;rural
42067;rural
42068;rural
42069;urbain
42070;rural
42071;urbain
42073;rural
42074;rural
42075;rural
42076;rural
42077;rural
42078;rural
42079;rural
42081;rural
42083;rural
42084;rural
42085;rural
42086;rural
42087;urbain
42088;rural
42089;rural
42090;rural
42091;rural
42092;urbain
42093;urbain
42094;urbain
42095;urbain
42096;rural
42097;rural
42098;rural
42099;urbain
42100;rural
42101;rural
42102;rural
42103;urbain
42104;rural
42105;rural
42106;rural
42107;rural
42108;rural
42110;urbain
42112;rural
42113;rural
42115;rural
42116;rural
42117;rural
42118;rural
42119;rural
42120;rural
42121;rural
42122;rural
42123;urbain
42124;rural
42125;rural
42126;rural
42127;urbain
42128;rural
42129;rural
42130;rural
42131;rural
42132;rural
42133;rural
42134;rural
42135;rural
42136;rural
42137;rural
42138;rural
42139;rural
42140;rural
42141;rural
42142;rural
42143;rural
42145;rural
42146;rural
42147;urbain
42148;rural
42149;urbain
42150;rural
42151;rural
42152;rural
42153;rural
42154;rural
42155;rural
42156;rural
42157;rural
42158;rural
42159;rural
42160;rural
42161;rural
42162;rural
42163;rural
42164;rural
42165;rural
42166;rural
42167;rural
42168;rural
42169;rural
42170;rural
42171;rural
42172;rural
42173;rural
42174;rural
42175;rural
42176;rural
42177;rural
42178;rural
42179;rural
42180;rural
42181;rural
42182;rural
42183;urbain
42184;urbain
42185;rural
42186;urbain
42187;urbain
42188;rural
42189;urbain
42191;rural
42192;rural
42193;rural
42194;rural
42195;rural
42196;rural
42197;rural
42198;rural
42199;rural
42200;urbain
42201;rural
42202;rural
42203;rural
42204;rural
42205;rural
42206;urbain
42207;urbain
42208;rural
42209;rural
42210;rural
42211;urbain
42212;rural
42213;rural
42214;rural
42215;rural
42216;rural
42217;rural
42218;urbain
42219;rural
42220;rural
42221;rural
42222;urbain
42223;urbain
42224;rural
42225;urbain
42226;rural
42227;rural
42228;rural
42229;rural
42230;rural
42231;rural
42232;rural
42233;rural
42234;rural
42235;rural
42236;rural
42237;urbain
42238;rural
42239;rural
42240;rural
42241;rural
42242;urbain
42243;rural
42245;rural
42246;rural
42247;rural
42248;rural
42249;rural
42251;rural
42253;rural
42254;rural
42255;rural
42256;rural
42257;rural
42259;urbain
42260;rural
42261;rural
42262;rural
42264;rural
42265;rural
42266;rural
42267;rural
42268;rural
42269;rural
42270;urbain
42271;urbain
42272;rural
42273;rural
42274;rural
42275;urbain
42276;rural
42277;rural
42278;rural
42279;urbain
42280;rural
42281;rural
42282;rural
42283;rural
42284;rural
42285;rural
42286;rural
42287;rural
42288;rural
42289;rural
42290;rural
42293;rural
42294;rural
42295;rural
42296;rural
42297;rural
42298;rural
42299;urbain
42300;rural
42301;rural
42302;urbain
42303;rural
42304;urbain
42305;urbain
42306;rural
42307;rural
42308;rural
42310;rural
42311;urbain
42312;rural
42313;rural
42314;rural
42315;rural
42316;urbain
42317;rural
42318;rural
42319;rural
42320;rural
42321;rural
42322;rural
42323;urbain
42324;urbain
42325;rural
42326;rural
42327;rural
42328;rural
42329;rural
42330;urbain
42331;rural
42332;urbain
42333;rural
42334;rural
42335;rural
42336;rural
42337;rural
42338;rural
42339;rural
43001;rural
43002;urbain
43003;rural
43004;rural
43005;rural
43006;rural
43007;rural
43008;rural
43009;rural
43010;rural
43011;rural
43012;urbain
43013;rural
43014;rural
43015;rural
43016;rural
43017;rural
43018;rural
43019;rural
43020;rural
43021;rural
43022;rural
43023;rural
43024;rural
43025;rural
43026;rural
43027;rural
43028;rural
43029;rural
43030;rural
43031;rural
43032;rural
43033;rural
43034;rural
43035;rural
43036;rural
43037;rural
43038;rural
43039;rural
43040;urbain
43041;urbain
43042;rural
43043;rural
43044;rural
43045;rural
43046;urbain
43047;rural
43048;rural
43049;rural
43050;rural
43051;rural
43052;rural
43053;rural
43054;rural
43055;rural
43056;rural
43057;rural
43058;rural
43059;rural
43060;rural
43061;rural
43062;rural
43063;rural
43064;rural
43065;rural
43066;rural
43067;rural
43068;rural
43069;rural
43070;rural
43071;rural
43072;rural
43073;rural
43074;rural
43075;rural
43076;rural
43077;rural
43078;urbain
43079;rural
43080;rural
43082;rural
43083;rural
43084;rural
43085;rural
43086;rural
43087;rural
43088;rural
43089;urbain
43090;rural
43091;rural
43092;rural
43093;rural
43094;rural
43095;rural
43096;rural
43097;rural
43098;rural
43099;rural
43100;rural
43101;rural
43102;rural
43103;rural
43104;rural
43105;rural
43106;rural
43107;rural
43108;rural
43109;rural
43110;rural
43111;rural
43112;rural
43113;rural
43114;rural
43115;rural
43116;rural
43117;rural
43118;rural
43119;rural
43120;rural
43121;rural
43122;rural
43123;rural
43124;rural
43125;rural
43126;rural
43127;rural
43128;rural
43129;rural
43130;rural
43131;rural
43132;rural
43133;rural
43134;rural
43135;rural
43136;rural
43137;urbain
43138;rural
43139;rural
43140;urbain
43141;rural
43142;rural
43143;rural
43144;rural
43145;rural
43147;urbain
43148;rural
43149;rural
43150;rural
43151;rural
43152;rural
43153;urbain
43154;rural
43155;rural
43156;rural
43157;urbain
43158;rural
43159;rural
43160;rural
43162;rural
43163;rural
43164;rural
43165;rural
43166;rural
43167;rural
43168;rural
43169;rural
43170;rural
43171;rural
43172;rural
43173;rural
43174;rural
43175;rural
43177;rural
43178;rural
43180;rural
43181;rural
43182;rural
43183;rural
43184;urbain
43185;urbain
43186;rural
43187;rural
43188;rural
43189;rural
43190;urbain
43191;rural
43192;rural
43193;rural
43194;rural
43195;rural
43196;rural
43197;rural
43198;rural
43199;rural
43200;rural
43201;rural
43202;rural
43203;rural
43204;rural
43205;rural
43206;rural
43207;rural
43208;rural
43210;rural
43211;rural
43212;rural
43213;rural
43214;rural
43215;rural
43216;rural
43217;rural
43218;rural
43219;rural
43220;rural
43221;rural
43222;rural
43223;rural
43224;rural
43225;rural
43226;rural
43227;rural
43228;rural
43229;rural
43230;rural
43231;rural
43232;rural
43233;rural
43234;rural
43236;rural
43237;rural
43238;rural
43239;rural
43240;rural
43241;rural
43242;rural
43244;rural
43245;rural
43246;rural
43247;rural
43249;rural
43250;rural
43251;urbain
43252;rural
43253;rural
43254;rural
43256;rural
43257;rural
43258;rural
43259;rural
43260;rural
43261;rural
43262;rural
43263;rural
43264;rural
43265;rural
43267;rural
43268;rural
44001;rural
44002;rural
44003;urbain
44005;rural
44006;rural
44007;rural
44009;urbain
44010;urbain
44012;urbain
44013;rural
44014;rural
44015;urbain
44016;rural
44018;urbain
44019;rural
44020;urbain
44021;rural
44022;rural
44023;rural
44024;rural
44025;rural
44026;urbain
44027;rural
44028;rural
44029;rural
44030;rural
44031;rural
44032;rural
44033;rural
44035;urbain
44036;urbain
44037;rural
44038;rural
44039;rural
44041;urbain
44043;urbain
44044;rural
44045;rural
44046;rural
44047;urbain
44048;rural
44049;urbain
44050;rural
44051;rural
44052;rural
44053;rural
44054;rural
44055;urbain
44056;rural
44057;rural
44058;rural
44061;rural
44062;rural
44063;urbain
44064;urbain
44065;rural
44066;rural
44067;rural
44068;rural
44069;urbain
44070;urbain
44071;urbain
44072;rural
44073;rural
44074;urbain
44075;rural
44076;rural
44077;rural
44078;rural
44079;rural
44080;rural
44081;rural
44082;rural
44083;rural
44084;urbain
44085;rural
44086;rural
44087;rural
44088;rural
44089;rural
44090;rural
44091;rural
44092;rural
44094;rural
44095;rural
44096;rural
44097;rural
44098;rural
44099;rural
44100;rural
44101;urbain
44102;rural
44103;urbain
44104;rural
44105;rural
44106;urbain
44107;rural
44108;rural
44109;urbain
44110;rural
44111;rural
44112;rural
44113;rural
44114;urbain
44115;rural
44116;rural
44117;rural
44118;rural
44119;rural
44120;urbain
44121;rural
44122;rural
44123;rural
44124;rural
44125;rural
44126;rural
44127;rural
44128;rural
44129;urbain
44130;urbain
44131;urbain
44132;urbain
44133;rural
44134;rural
44135;urbain
44136;rural
44137;rural
44138;rural
44139;rural
44140;rural
44141;rural
44142;rural
44143;urbain
44144;rural
44145;rural
44146;rural
44148;rural
44149;rural
44150;urbain
44151;rural
44152;rural
44153;rural
44154;urbain
44155;rural
44156;rural
44157;rural
44158;urbain
44159;rural
44161;rural
44162;urbain
44163;rural
44164;rural
44165;rural
44166;urbain
44168;urbain
44169;urbain
44170;rural
44171;urbain
44172;urbain
44173;rural
44174;rural
44175;rural
44176;urbain
44178;rural
44179;rural
44180;rural
44182;urbain
44183;rural
44184;urbain
44185;urbain
44186;urbain
44187;rural
44188;rural
44189;rural
44190;urbain
44192;rural
44193;rural
44194;urbain
44195;urbain
44196;rural
44197;rural
44198;urbain
44199;rural
44200;rural
44201;urbain
44202;rural
44203;rural
44204;urbain
44205;rural
44206;rural
44207;rural
44208;rural
44209;urbain
44210;urbain
44211;rural
44212;rural
44213;rural
44214;rural
44215;urbain
44216;rural
44217;rural
44218;rural
44220;rural
44221;rural
44222;rural
44223;rural
44224;rural
45001;rural
45002;rural
45004;urbain
45005;rural
45006;rural
45008;rural
45009;rural
45010;rural
45011;rural
45012;rural
45013;rural
45014;rural
45015;rural
45016;rural
45017;rural
45018;rural
45019;rural
45020;rural
45021;rural
45022;rural
45023;rural
45024;urbain
45025;rural
45026;rural
45027;rural
45028;urbain
45029;rural
45030;rural
45031;rural
45032;rural
45033;rural
45034;urbain
45035;rural
45036;rural
45037;rural
45038;urbain
45039;rural
45040;rural
45041;rural
45042;rural
45043;rural
45044;rural
45045;rural
45046;rural
45047;rural
45049;rural
45050;rural
45051;rural
45052;rural
45053;rural
45054;rural
45055;rural
45056;rural
45058;rural
45059;rural
45060;rural
45061;urbain
45062;rural
45063;rural
45064;rural
45065;rural
45066;rural
45067;urbain
45068;urbain
45069;rural
45070;rural
45072;rural
45073;rural
45074;rural
45075;urbain
45076;rural
45077;rural
45078;rural
45079;rural
45080;rural
45081;rural
45082;urbain
45083;rural
45084;rural
45085;rural
45086;rural
45087;rural
45088;rural
45089;urbain
45091;rural
45092;rural
45093;rural
45094;rural
45095;rural
45096;rural
45097;rural
45098;rural
45099;rural
45100;urbain
45101;rural
45102;rural
45103;rural
45104;urbain
45105;rural
45107;rural
45108;rural
45109;rural
45110;rural
45111;rural
45112;rural
45113;rural
45114;rural
45115;rural
45116;rural
45118;rural
45119;rural
45120;rural
45121;rural
45122;rural
45123;urbain
45124;rural
45125;rural
45126;rural
45127;rural
45129;rural
45130;rural
45131;rural
45132;rural
45133;rural
45134;rural
45135;rural
45136;rural
45137;rural
45138;rural
45139;rural
45141;rural
45142;rural
45143;rural
45144;rural
45145;rural
45146;urbain
45147;urbain
45148;rural
45149;rural
45150;rural
45151;rural
45152;rural
45153;rural
45154;rural
45155;urbain
45156;rural
45157;rural
45158;rural
45159;rural
45160;rural
45161;rural
45162;rural
45164;rural
45165;rural
45166;rural
45167;rural
45168;rural
45169;urbain
45170;rural
45171;rural
45173;urbain
45174;rural
45175;rural
45176;rural
45177;rural
45178;rural
45179;rural
45180;rural
45181;rural
45182;rural
45183;rural
45184;rural
45185;rural
45186;rural
45187;rural
45188;rural
45189;rural
45191;urbain
45193;rural
45194;urbain
45195;rural
45196;rural
45197;rural
45198;rural
45199;rural
45200;rural
45201;rural
45202;urbain
45203;urbain
45204;rural
45205;rural
45206;rural
45207;rural
45208;urbain
45209;rural
45210;rural
45212;rural
45213;rural
45214;rural
45215;rural
45216;rural
45217;rural
45218;rural
45219;rural
45220;rural
45222;rural
45223;rural
45224;rural
45225;rural
45226;rural
45227;rural
45228;rural
45229;rural
45230;rural
45231;rural
45232;urbain
45233;rural
45234;urbain
45235;urbain
45237;rural
45238;rural
45239;rural
45240;rural
45241;rural
45242;rural
45243;rural
45244;rural
45245;rural
45246;rural
45247;urbain
45248;rural
45249;rural
45250;rural
45251;rural
45252;urbain
45253;rural
45254;rural
45255;rural
45256;rural
45257;rural
45258;rural
45259;rural
45260;rural
45261;rural
45262;rural
45263;rural
45264;rural
45265;rural
45266;rural
45268;rural
45269;urbain
45270;rural
45271;rural
45272;urbain
45273;urbain
45274;urbain
45275;rural
45276;rural
45277;rural
45278;rural
45279;rural
45280;rural
45281;rural
45282;urbain
45283;rural
45284;urbain
45285;urbain
45286;urbain
45288;rural
45289;rural
45290;urbain
45291;rural
45292;rural
45293;rural
45294;rural
45296;rural
45297;rural
45298;urbain
45299;rural
45300;rural
45301;rural
45302;urbain
45303;rural
45305;rural
45306;rural
45307;rural
45308;urbain
45309;rural
45310;rural
45311;rural
45312;rural
45313;rural
45314;rural
45315;urbain
45316;rural
45317;urbain
45320;rural
45321;rural
45322;rural
45323;rural
45324;rural
45325;rural
45326;rural
45327;rural
45328;rural
45329;rural
45330;rural
45331;rural
45332;rural
45333;rural
45334;rural
45335;rural
45336;rural
45337;rural
45338;urbain
45339;rural
45340;rural
45341;rural
45342;rural
45343;rural
45344;rural
45345;rural
45346;rural
45347;rural
45348;rural
46001;rural
46002;rural
46003;rural
46004;rural
46005;rural
46006;rural
46007;rural
46008;rural
46009;rural
46010;rural
46011;rural
46012;rural
46013;rural
46015;rural
46016;rural
46017;rural
46018;rural
46020;rural
46021;rural
46022;rural
46023;rural
46024;rural
46026;rural
46027;rural
46028;rural
46029;rural
46030;rural
46031;rural
46032;rural
46033;rural
46034;rural
46035;rural
46036;rural
46037;rural
46038;rural
46039;rural
46040;rural
46041;rural
46042;urbain
46043;rural
46044;rural
46045;rural
46046;rural
46047;rural
46049;rural
46050;rural
46051;rural
46052;rural
46053;rural
46054;rural
46055;rural
46056;rural
46057;rural
46058;rural
46059;rural
46060;rural
46061;rural
46062;rural
46063;rural
46064;rural
46065;rural
46066;rural
46068;rural
46069;rural
46070;rural
46072;rural
46073;rural
46074;rural
46075;rural
46076;rural
46078;rural
46079;rural
46080;rural
46081;rural
46082;rural
46083;rural
46084;rural
46085;rural
46086;rural
46087;rural
46088;rural
46089;rural
46090;rural
46091;rural
46092;rural
46093;rural
46094;rural
46095;rural
46096;rural
46097;rural
46098;rural
46100;rural
46101;rural
46102;urbain
46103;rural
46104;rural
46105;rural
46106;rural
46107;rural
46108;rural
46109;rural
46111;rural
46112;rural
46113;rural
46114;rural
46115;rural
46116;rural
46117;rural
46118;rural
46119;rural
46120;rural
46121;rural
46122;rural
46123;rural
46124;rural
46125;rural
46126;rural
46127;rural
46128;rural
46129;rural
46130;rural
46131;rural
46132;rural
46133;rural
46134;rural
46135;rural
46136;rural
46137;rural
46138;rural
46139;rural
46140;rural
46142;rural
46143;rural
46144;rural
46145;rural
46146;rural
46147;rural
46148;rural
46149;rural
46151;rural
46152;rural
46153;rural
46154;rural
46155;rural
46156;rural
46157;rural
46159;rural
46160;rural
46161;rural
46162;rural
46163;rural
46164;rural
46165;rural
46167;rural
46168;rural
46169;rural
46170;rural
46171;rural
46172;rural
46173;rural
46174;rural
46175;rural
46176;rural
46177;rural
46178;rural
46179;rural
46180;rural
46181;rural
46182;rural
46183;rural
46184;rural
46185;rural
46186;rural
46187;rural
46188;rural
46189;rural
46190;rural
46191;rural
46192;rural
46193;rural
46194;rural
46195;rural
46196;rural
46197;rural
46198;rural
46199;rural
46200;rural
46201;rural
46202;rural
46203;rural
46204;rural
46205;rural
46206;rural
46207;rural
46208;rural
46209;rural
46210;rural
46211;rural
46212;rural
46213;rural
46214;rural
46215;rural
46216;rural
46218;rural
46219;rural
46220;rural
46221;rural
46222;rural
46223;rural
46224;urbain
46225;rural
46226;rural
46227;rural
46228;rural
46229;rural
46230;rural
46231;rural
46232;rural
46233;rural
46234;rural
46235;rural
46236;rural
46237;rural
46238;rural
46239;rural
46240;rural
46241;rural
46242;rural
46243;rural
46244;rural
46245;rural
46246;rural
46247;rural
46249;rural
46250;rural
46251;rural
46252;rural
46253;rural
46254;rural
46255;rural
46256;rural
46257;rural
46258;rural
46259;rural
46260;rural
46262;rural
46263;rural
46264;rural
46265;rural
46266;rural
46267;rural
46268;rural
46269;rural
46270;rural
46271;rural
46272;rural
46273;rural
46276;rural
46277;rural
46279;rural
46280;rural
46281;rural
46282;rural
46283;rural
46284;rural
46286;rural
46288;rural
46289;rural
46290;rural
46292;rural
46293;rural
46294;rural
46295;rural
46296;rural
46297;rural
46299;rural
46301;rural
46302;rural
46303;rural
46304;rural
46305;rural
46306;rural
46307;rural
46308;rural
46309;rural
46310;rural
46311;rural
46312;rural
46313;rural
46314;rural
46315;rural
46316;rural
46317;rural
46318;rural
46319;rural
46320;rural
46321;rural
46322;rural
46323;rural
46324;rural
46328;rural
46329;rural
46330;rural
46332;rural
46333;rural
46334;rural
46335;rural
46336;rural
46337;rural
46338;rural
46339;rural
46340;rural
47001;urbain
47002;rural
47003;rural
47004;rural
47005;rural
47006;rural
47007;rural
47008;rural
47009;rural
47010;rural
47011;rural
47012;rural
47013;rural
47014;rural
47015;rural
47016;rural
47017;rural
47018;rural
47019;rural
47020;rural
47021;rural
47022;rural
47023;rural
47024;rural
47025;rural
47026;rural
47027;urbain
47028;rural
47029;rural
47030;rural
47031;urbain
47032;urbain
47033;rural
47034;rural
47035;rural
47036;rural
47037;rural
47038;rural
47039;rural
47040;urbain
47041;rural
47042;rural
47043;rural
47044;rural
47045;rural
47046;rural
47047;rural
47048;rural
47049;rural
47050;rural
47051;rural
47052;rural
47053;rural
47054;rural
47055;rural
47056;rural
47057;rural
47058;rural
47059;rural
47060;rural
47061;rural
47062;rural
47063;rural
47064;rural
47065;rural
47066;rural
47067;rural
47068;rural
47069;rural
47070;rural
47071;rural
47072;rural
47073;rural
47074;rural
47075;rural
47076;rural
47077;rural
47078;rural
47079;rural
47080;rural
47081;rural
47082;rural
47083;rural
47084;rural
47085;rural
47086;rural
47087;rural
47088;rural
47089;rural
47090;rural
47091;urbain
47092;rural
47093;rural
47094;rural
47095;rural
47096;rural
47097;rural
47098;rural
47099;rural
47100;urbain
47101;rural
47102;rural
47103;rural
47104;rural
47105;rural
47106;urbain
47107;rural
47108;rural
47109;rural
47110;rural
47111;rural
47112;rural
47113;rural
47114;rural
47115;rural
47117;rural
47118;rural
47119;rural
47120;rural
47121;rural
47122;rural
47123;rural
47124;rural
47125;rural
47126;rural
47127;rural
47128;urbain
47129;rural
47130;rural
47131;rural
47132;rural
47133;rural
47134;rural
47135;rural
47136;rural
47137;rural
47138;rural
47139;rural
47140;rural
47141;rural
47142;rural
47143;rural
47144;rural
47145;rural
47146;rural
47147;rural
47148;rural
47150;rural
47151;rural
47152;rural
47154;rural
47155;rural
47156;rural
47157;urbain
47158;rural
47159;rural
47160;rural
47161;rural
47162;rural
47163;rural
47164;rural
47165;rural
47167;rural
47168;rural
47169;rural
47170;rural
47171;rural
47172;rural
47173;rural
47174;rural
47175;rural
47176;rural
47177;rural
47178;rural
47179;urbain
47180;rural
47181;rural
47182;rural
47183;rural
47184;rural
47185;rural
47186;rural
47187;rural
47188;rural
47189;rural
47190;rural
47191;rural
47192;rural
47193;rural
47194;rural
47195;rural
47196;rural
47197;rural
47198;rural
47199;rural
47200;rural
47201;urbain
47202;rural
47203;rural
47204;rural
47205;rural
47206;rural
47207;rural
47208;rural
47209;urbain
47210;rural
47211;rural
47212;rural
47213;rural
47214;rural
47215;urbain
47216;rural
47217;rural
47218;rural
47219;rural
47220;rural
47221;rural
47222;rural
47223;rural
47224;rural
47225;urbain
47226;rural
47227;rural
47228;rural
47229;rural
47230;rural
47231;rural
47232;rural
47233;rural
47234;rural
47235;rural
47236;rural
47237;rural
47238;rural
47239;rural
47240;rural
47241;rural
47242;rural
47244;rural
47245;rural
47246;rural
47247;rural
47248;rural
47249;rural
47250;rural
47251;rural
47252;rural
47253;rural
47254;rural
47255;rural
47256;rural
47257;rural
47258;rural
47259;rural
47260;rural
47262;rural
47263;rural
47264;rural
47265;rural
47266;rural
47267;rural
47269;rural
47271;rural
47272;rural
47273;rural
47274;rural
47275;rural
47276;rural
47277;rural
47278;rural
47279;rural
47280;rural
47281;rural
47282;rural
47283;rural
47284;rural
47285;rural
47286;rural
47287;rural
47288;rural
47289;rural
47290;rural
47291;rural
47292;rural
47293;rural
47294;rural
47295;rural
47296;rural
47297;rural
47298;rural
47299;rural
47300;rural
47301;rural
47302;rural
47303;rural
47304;rural
47305;rural
47306;rural
47307;rural
47308;rural
47309;rural
47310;urbain
47311;rural
47312;rural
47313;rural
47314;rural
47315;rural
47316;rural
47317;rural
47318;rural
47319;rural
47320;rural
47321;rural
47323;urbain
47324;rural
47325;rural
47326;rural
47327;rural
47328;rural
48001;rural
48002;rural
48003;rural
48004;rural
48005;rural
48007;rural
48008;rural
48009;rural
48010;rural
48012;rural
48013;rural
48015;rural
48016;rural
48017;rural
48018;rural
48019;rural
48020;rural
48021;rural
48025;rural
48026;rural
48027;rural
48028;rural
48029;rural
48030;rural
48031;rural
48032;rural
48034;rural
48036;rural
48037;rural
48038;rural
48039;rural
48041;rural
48042;rural
48043;rural
48044;rural
48045;rural
48046;rural
48048;rural
48050;rural
48051;rural
48053;rural
48054;rural
48055;rural
48056;rural
48058;rural
48059;rural
48061;rural
48063;rural
48064;rural
48065;rural
48067;rural
48068;rural
48069;rural
48070;rural
48071;rural
48072;rural
48073;rural
48074;rural
48075;rural
48077;rural
48079;rural
48080;rural
48081;rural
48082;rural
48083;rural
48085;rural
48086;rural
48087;rural
48088;rural
48089;rural
48090;rural
48091;rural
48092;rural
48094;rural
48095;urbain
48096;rural
48097;rural
48098;rural
48099;rural
48100;rural
48103;rural
48104;rural
48105;rural
48106;rural
48107;rural
48108;rural
48110;rural
48111;rural
48112;rural
48115;rural
48116;rural
48117;rural
48119;rural
48121;rural
48123;rural
48124;rural
48126;rural
48127;rural
48128;rural
48129;rural
48130;rural
48131;rural
48132;rural
48135;rural
48136;rural
48137;rural
48138;rural
48139;rural
48140;rural
48141;rural
48144;rural
48145;rural
48146;rural
48147;rural
48148;rural
48149;rural
48150;rural
48151;rural
48152;rural
48153;rural
48155;rural
48156;rural
48157;rural
48158;rural
48160;rural
48161;rural
48163;rural
48165;rural
48166;rural
48167;rural
48168;rural
48169;rural
48170;rural
48171;rural
48173;rural
48174;rural
48175;rural
48176;rural
48177;rural
48178;rural
48179;rural
48181;rural
48182;rural
48185;rural
48187;rural
48188;rural
48190;rural
48191;rural
48192;rural
48193;rural
48194;rural
48198;rural
49002;rural
49003;rural
49007;urbain
49008;rural
49009;rural
49010;rural
49011;rural
49012;rural
49015;urbain
49017;rural
49018;rural
49020;urbain
49021;urbain
49022;rural
49023;rural
49026;rural
49027;rural
49028;rural
49029;rural
49030;rural
49035;urbain
49036;rural
49038;rural
49041;rural
49045;rural
49048;rural
49050;rural
49053;rural
49054;rural
49055;urbain
49056;rural
49057;rural
49058;rural
49060;rural
49061;rural
49063;rural
49064;rural
49067;rural
49068;rural
49070;rural
49076;rural
49080;rural
49082;rural
49086;rural
49089;rural
49090;rural
49092;rural
49099;urbain
49100;rural
49102;rural
49107;rural
49109;rural
49110;rural
49112;rural
49113;rural
49114;rural
49120;rural
49121;rural
49123;rural
49125;urbain
49126;rural
49127;rural
49129;rural
49130;rural
49131;rural
49132;rural
49135;rural
49138;rural
49140;rural
49155;rural
49160;rural
49161;rural
49163;rural
49167;urbain
49170;rural
49171;rural
49174;rural
49176;rural
49178;rural
49180;rural
49182;rural
49183;rural
49188;rural
49192;rural
49193;rural
49194;rural
49195;urbain
49200;rural
49201;rural
49205;rural
49209;rural
49211;rural
49214;urbain
49215;rural
49216;rural
49217;rural
49218;rural
49219;rural
49220;rural
49221;rural
49222;rural
49223;urbain
49224;rural
49228;rural
49231;rural
49235;rural
49236;rural
49237;rural
49240;rural
49241;rural
49244;rural
49246;urbain
49247;rural
49248;rural
49253;rural
49257;rural
49259;rural
49260;rural
49261;rural
49262;rural
49266;rural
49267;urbain
49269;rural
49271;rural
49272;rural
49278;urbain
49283;rural
49284;rural
49288;rural
49291;rural
49292;rural
49294;rural
49298;rural
49299;rural
49301;rural
49302;rural
49306;rural
49307;rural
49308;rural
49310;rural
49311;rural
49323;urbain
49326;rural
49328;urbain
49329;rural
49330;rural
49331;rural
49332;rural
49333;rural
49334;rural
49336;rural
49338;rural
49339;rural
49341;rural
49343;rural
49344;rural
49345;rural
49347;rural
49352;rural
49353;urbain
49355;rural
49358;rural
49359;rural
49361;rural
49362;rural
49364;rural
49367;rural
49368;rural
49369;rural
49370;rural
49371;rural
49373;rural
49374;rural
49377;rural
49378;rural
49381;rural
50002;urbain
50003;rural
50004;rural
50006;rural
50008;urbain
50013;rural
50016;rural
50019;rural
50021;rural
50022;rural
50023;rural
50024;rural
50025;urbain
50026;rural
50027;rural
50028;rural
50029;rural
50030;rural
50031;rural
50032;rural
50033;rural
50034;rural
50036;rural
50038;rural
50039;rural
50040;rural
50041;rural
50042;rural
50044;rural
50045;rural
50046;rural
50048;rural
50049;rural
50050;rural
50052;rural
50054;rural
50055;rural
50058;rural
50059;rural
50060;rural
50062;rural
50064;rural
50066;rural
50069;rural
50070;rural
50072;rural
50074;rural
50076;rural
50077;urbain
50078;rural
50079;rural
50081;rural
50082;rural
50083;rural
50084;rural
50085;rural
50086;rural
50087;rural
50088;rural
50090;rural
50092;rural
50093;rural
50094;rural
50095;rural
50096;rural
50097;rural
50098;rural
50099;urbain
50101;rural
50102;rural
50105;rural
50106;rural
50108;rural
50109;rural
50110;rural
50111;rural
50112;rural
50115;rural
50117;rural
50118;rural
50120;rural
50121;rural
50124;rural
50126;rural
50129;urbain
50130;rural
50135;rural
50137;rural
50138;rural
50139;rural
50142;rural
50143;rural
50144;rural
50145;rural
50146;rural
50147;urbain
50148;rural
50149;rural
50150;rural
50151;rural
50152;rural
50155;rural
50156;rural
50158;rural
50159;rural
50161;rural
50162;rural
50164;rural
50165;urbain
50166;rural
50167;rural
50168;rural
50169;rural
50172;rural
50174;rural
50175;rural
50176;rural
50177;rural
50178;rural
50181;rural
50182;rural
50183;rural
50184;rural
50185;rural
50186;rural
50188;rural
50190;rural
50192;rural
50193;rural
50194;rural
50195;rural
50196;rural
50197;rural
50198;rural
50199;rural
50200;rural
50205;rural
50207;rural
50208;rural
50209;rural
50210;rural
50214;rural
50215;rural
50216;rural
50217;rural
50218;urbain
50219;rural
50221;rural
50222;rural
50225;rural
50227;rural
50228;rural
50229;rural
50230;rural
50231;rural
50232;rural
50233;rural
50234;rural
50235;rural
50236;rural
50237;rural
50238;rural
50239;rural
50240;rural
50241;rural
50243;rural
50246;rural
50247;rural
50251;rural
50252;rural
50253;rural
50256;rural
50258;rural
50259;rural
50260;rural
50261;rural
50262;rural
50263;rural
50265;rural
50266;rural
50267;rural
50268;rural
50269;rural
50270;rural
50271;rural
50272;rural
50273;rural
50274;rural
50275;rural
50276;rural
50277;rural
50278;rural
50279;rural
50281;rural
50282;rural
50283;rural
50285;rural
50288;rural
50289;rural
50290;rural
50291;rural
50292;rural
50294;rural
50295;rural
50296;rural
50297;rural
50298;rural
50299;rural
50300;rural
50302;rural
50304;rural
50305;rural
50310;rural
50311;rural
50312;rural
50315;rural
50317;rural
50321;rural
50324;rural
50326;rural
50327;rural
50328;rural
50332;rural
50334;rural
50335;rural
50336;rural
50338;rural
50340;rural
50341;rural
50342;rural
50345;rural
50347;rural
50349;rural
50350;rural
50351;rural
50352;rural
50353;rural
50356;rural
50357;rural
50359;rural
50360;rural
50361;rural
50362;rural
50363;rural
50364;rural
50365;rural
50368;rural
50369;rural
50370;rural
50371;rural
50372;rural
50373;rural
50374;rural
50376;rural
50378;rural
50379;rural
50382;rural
50384;rural
50387;rural
50388;rural
50389;rural
50390;rural
50391;rural
50393;rural
50394;rural
50395;rural
50397;rural
50398;rural
50399;rural
50400;rural
50401;rural
50402;rural
50403;rural
50405;rural
50407;rural
50408;rural
50409;rural
50410;rural
50411;rural
50412;rural
50413;rural
50417;rural
50419;rural
50420;rural
50421;rural
50422;rural
50423;rural
50425;rural
50426;rural
50428;rural
50429;rural
50430;rural
50431;rural
50433;rural
50435;rural
50436;rural
50437;rural
50442;rural
50443;rural
50444;rural
50445;rural
50446;rural
50447;rural
50448;rural
50450;rural
50451;rural
50452;rural
50453;rural
50454;rural
50455;rural
50456;rural
50457;rural
50461;rural
50462;rural
50463;rural
50464;rural
50467;rural
50468;rural
50469;rural
50471;rural
50472;rural
50473;rural
50474;rural
50475;urbain
50476;rural
50478;rural
50479;rural
50480;rural
50481;rural
50482;rural
50483;rural
50484;rural
50486;rural
50487;rural
50488;rural
50489;rural
50490;rural
50491;rural
50492;rural
50493;rural
50495;rural
50496;rural
50498;rural
50499;rural
50500;rural
50502;urbain
50504;rural
50505;rural
50506;rural
50507;rural
50509;rural
50510;rural
50511;rural
50512;rural
50513;rural
50514;rural
50517;rural
50518;rural
50519;rural
50521;rural
50522;rural
50523;rural
50525;rural
50528;rural
50529;rural
50531;rural
50532;urbain
50533;rural
50535;rural
50536;rural
50537;urbain
50538;rural
50539;rural
50540;rural
50541;rural
50542;rural
50543;rural
50546;rural
50548;rural
50549;rural
50550;rural
50551;rural
50552;rural
50553;rural
50554;urbain
50556;rural
50562;rural
50563;rural
50564;rural
50565;rural
50567;rural
50568;rural
50569;rural
50570;rural
50571;rural
50572;rural
50574;rural
50575;rural
50576;rural
50577;rural
50578;rural
50579;rural
50580;rural
50582;rural
50584;rural
50585;rural
50587;rural
50588;rural
50589;rural
50590;rural
50591;rural
50592;rural
50593;rural
50594;rural
50596;rural
50597;rural
50598;rural
50599;rural
50601;rural
50603;rural
50604;rural
50606;rural
50607;rural
50609;rural
50610;rural
50612;rural
50613;rural
50615;urbain
50616;urbain
50617;rural
50618;rural
50619;rural
50621;rural
50624;rural
50626;rural
50628;rural
50629;rural
50633;rural
50634;rural
50637;rural
50639;rural
50641;rural
50643;rural
50647;urbain
50648;rural
51001;rural
51002;rural
51003;rural
51004;rural
51005;rural
51006;rural
51007;rural
51008;rural
51009;rural
51010;rural
51012;rural
51013;rural
51014;rural
51015;rural
51016;rural
51017;rural
51018;rural
51019;rural
51020;rural
51022;rural
51023;rural
51025;rural
51027;rural
51028;rural
51029;rural
51030;rural
51031;rural
51032;rural
51033;rural
51034;rural
51035;rural
51036;rural
51037;rural
51038;rural
51039;rural
51040;rural
51041;rural
51042;rural
51043;urbain
51044;rural
51045;rural
51046;rural
51047;rural
51048;rural
51049;rural
51050;rural
51051;rural
51052;rural
51053;rural
51054;rural
51055;urbain
51056;rural
51057;rural
51058;urbain
51059;rural
51060;rural
51061;rural
51062;rural
51065;rural
51066;rural
51068;rural
51069;rural
51070;rural
51071;rural
51072;rural
51073;rural
51074;urbain
51075;rural
51076;rural
51077;rural
51078;rural
51079;rural
51080;rural
51081;rural
51082;rural
51083;rural
51084;rural
51085;rural
51086;rural
51087;rural
51088;rural
51089;rural
51090;rural
51091;rural
51092;rural
51093;rural
51094;rural
51095;rural
51097;rural
51098;rural
51099;rural
51100;rural
51101;rural
51102;rural
51103;rural
51104;rural
51105;urbain
51106;rural
51107;rural
51108;urbain
51109;rural
51110;rural
51111;rural
51112;rural
51113;rural
51115;urbain
51116;rural
51117;rural
51118;urbain
51119;urbain
51120;rural
51121;rural
51122;rural
51124;rural
51125;rural
51126;rural
51127;rural
51128;rural
51129;rural
51130;rural
51132;rural
51133;rural
51134;rural
51135;rural
51136;rural
51137;rural
51138;rural
51139;rural
51140;rural
51141;rural
51142;rural
51143;rural
51144;rural
51145;rural
51146;rural
51147;rural
51148;rural
51149;urbain
51150;rural
51151;rural
51152;rural
51153;rural
51154;rural
51155;rural
51156;rural
51157;rural
51158;rural
51160;urbain
51161;rural
51162;rural
51163;rural
51164;rural
51165;rural
51166;rural
51167;rural
51168;rural
51169;rural
51170;rural
51171;rural
51172;urbain
51173;rural
51174;rural
51175;rural
51176;rural
51177;rural
51178;rural
51179;rural
51181;rural
51182;rural
51183;rural
51184;rural
51185;rural
51186;rural
51187;rural
51188;rural
51190;rural
51191;rural
51192;rural
51193;rural
51194;rural
51195;rural
51196;rural
51197;rural
51198;rural
51199;rural
51200;rural
51201;rural
51202;rural
51203;rural
51204;rural
51206;rural
51208;rural
51210;urbain
51211;rural
51212;rural
51213;rural
51214;rural
51215;rural
51216;rural
51217;rural
51218;rural
51219;rural
51220;rural
51222;rural
51223;rural
51224;rural
51225;rural
51226;rural
51227;rural
51228;rural
51229;rural
51230;urbain
51231;rural
51232;rural
51233;rural
51234;rural
51235;rural
51236;rural
51237;rural
51238;rural
51239;rural
51240;rural
51241;rural
51242;urbain
51243;rural
51244;rural
51245;rural
51246;rural
51247;rural
51248;rural
51249;rural
51250;urbain
51251;rural
51252;rural
51253;rural
51254;rural
51255;rural
51256;rural
51258;rural
51259;rural
51260;rural
51262;urbain
51263;rural
51264;rural
51265;rural
51266;rural
51267;rural
51268;rural
51269;rural
51270;rural
51272;rural
51273;rural
51274;rural
51275;rural
51276;rural
51277;rural
51278;rural
51279;rural
51280;rural
51281;rural
51282;rural
51283;rural
51284;rural
51285;rural
51286;rural
51287;urbain
51288;rural
51289;rural
51290;rural
51291;rural
51292;rural
51293;rural
51294;rural
51295;rural
51296;rural
51298;rural
51299;urbain
51300;rural
51301;rural
51302;rural
51303;rural
51304;rural
51305;rural
51306;rural
51307;rural
51308;rural
51309;rural
51310;rural
51311;rural
51312;rural
51313;rural
51314;rural
51315;rural
51316;rural
51317;rural
51318;rural
51319;rural
51320;rural
51321;rural
51322;rural
51323;rural
51324;rural
51325;rural
51326;rural
51327;rural
51328;rural
51329;rural
51333;rural
51334;rural
51336;rural
51337;rural
51338;rural
51339;rural
51340;rural
51341;rural
51342;rural
51343;rural
51344;urbain
51345;rural
51346;rural
51348;rural
51349;rural
51350;rural
51351;rural
51352;urbain
51353;rural
51354;rural
51355;rural
51356;rural
51357;rural
51358;rural
51359;rural
51360;rural
51361;rural
51362;rural
51363;rural
51364;rural
51365;rural
51367;rural
51368;rural
51369;rural
51370;rural
51371;rural
51372;urbain
51373;rural
51374;rural
51375;rural
51376;rural
51377;rural
51378;rural
51379;rural
51380;rural
51381;rural
51382;rural
51384;rural
51386;rural
51387;rural
51388;rural
51389;rural
51390;urbain
51391;rural
51392;rural
51393;rural
51395;rural
51396;rural
51397;rural
51398;rural
51399;rural
51402;rural
51403;rural
51404;rural
51406;rural
51407;rural
51409;rural
51410;rural
51412;rural
51413;rural
51414;rural
51415;rural
51416;rural
51417;rural
51418;urbain
51419;rural
51420;rural
51421;rural
51422;rural
51423;rural
51424;rural
51425;rural
51426;rural
51428;rural
51429;rural
51430;rural
51431;urbain
51432;rural
51433;rural
51434;rural
51435;rural
51436;rural
51437;rural
51438;rural
51439;rural
51440;rural
51441;rural
51442;rural
51443;rural
51444;rural
51445;rural
51446;rural
51447;rural
51448;rural
51449;rural
51450;rural
51451;rural
51452;rural
51453;rural
51454;urbain
51455;rural
51456;rural
51457;rural
51458;rural
51459;rural
51460;rural
51461;rural
51463;rural
51464;rural
51465;rural
51466;rural
51468;rural
51469;rural
51470;rural
51471;rural
51472;rural
51473;rural
51474;urbain
51475;rural
51476;rural
51477;rural
51478;rural
51479;rural
51480;rural
51482;rural
51483;rural
51484;rural
51485;rural
51486;rural
51487;rural
51488;rural
51489;rural
51490;rural
51491;rural
51492;rural
51493;rural
51495;rural
51496;rural
51497;rural
51498;rural
51499;rural
51500;rural
51501;rural
51502;rural
51503;rural
51504;urbain
51505;rural
51506;urbain
51507;rural
51508;rural
51509;rural
51510;rural
51511;rural
51512;rural
51513;rural
51514;rural
51515;rural
51516;rural
51517;rural
51518;rural
51519;rural
51520;rural
51521;rural
51522;rural
51523;rural
51524;rural
51525;urbain
51526;rural
51527;rural
51528;rural
51529;rural
51530;rural
51531;rural
51532;rural
51533;rural
51534;rural
51535;rural
51536;rural
51537;rural
51538;rural
51539;rural
51542;rural
51543;rural
51544;rural
51545;rural
51546;rural
51547;rural
51548;rural
51549;rural
51550;rural
51551;rural
51552;rural
51553;rural
51555;rural
51556;rural
51557;rural
51558;rural
51559;rural
51560;rural
51562;rural
51563;rural
51564;rural
51565;rural
51566;rural
51567;rural
51568;rural
51569;urbain
51570;rural
51571;rural
51572;rural
51573;urbain
51574;rural
51576;rural
51577;rural
51578;rural
51579;rural
51580;rural
51581;rural
51582;rural
51583;rural
51584;rural
51585;rural
51586;rural
51587;rural
51588;rural
51589;rural
51590;rural
51591;rural
51592;rural
51594;rural
51595;rural
51596;rural
51597;rural
51598;rural
51599;rural
51600;rural
51601;rural
51602;rural
51603;rural
51604;rural
51605;rural
51607;rural
51608;rural
51609;rural
51610;rural
51611;rural
51612;rural
51613;rural
51614;rural
51616;rural
51617;rural
51618;rural
51619;rural
51620;rural
51621;rural
51622;rural
51623;rural
51624;rural
51625;rural
51626;rural
51627;rural
51628;rural
51629;rural
51630;rural
51631;rural
51632;rural
51633;rural
51634;rural
51635;rural
51636;rural
51638;rural
51639;rural
51640;rural
51641;rural
51642;rural
51643;rural
51644;rural
51645;rural
51646;rural
51647;rural
51648;rural
51649;urbain
51650;rural
51652;rural
51654;rural
51655;rural
51656;rural
51657;rural
51658;rural
51659;rural
51660;urbain
51662;rural
51663;urbain
52001;rural
52002;rural
52003;rural
52004;rural
52005;rural
52006;rural
52007;rural
52008;rural
52009;rural
52011;rural
52012;rural
52013;rural
52014;rural
52015;rural
52016;rural
52017;rural
52019;rural
52021;rural
52022;rural
52023;rural
52025;rural
52027;rural
52028;rural
52029;rural
52030;rural
52031;rural
52033;rural
52034;rural
52035;rural
52037;rural
52038;rural
52039;rural
52040;rural
52042;rural
52043;rural
52044;rural
52045;urbain
52047;rural
52050;rural
52051;rural
52053;rural
52055;rural
52056;rural
52057;rural
52058;rural
52059;rural
52060;rural
52061;rural
52062;rural
52063;rural
52064;rural
52065;rural
52066;rural
52067;rural
52069;rural
52070;rural
52072;rural
52074;rural
52075;rural
52076;rural
52079;rural
52082;rural
52083;rural
52084;rural
52085;rural
52087;rural
52088;rural
52089;rural
52090;rural
52091;rural
52092;rural
52093;rural
52094;rural
52095;rural
52097;rural
52099;rural
52101;rural
52102;rural
52103;rural
52104;urbain
52105;rural
52106;rural
52107;rural
52108;rural
52109;rural
52110;rural
52113;rural
52114;rural
52115;rural
52116;rural
52118;rural
52119;rural
52120;rural
52121;urbain
52122;rural
52123;rural
52124;rural
52125;urbain
52126;rural
52127;rural
52128;rural
52129;rural
52130;rural
52131;rural
52132;rural
52133;rural
52134;rural
52135;rural
52136;rural
52137;rural
52138;rural
52140;rural
52141;rural
52142;rural
52145;rural
52146;rural
52147;rural
52149;rural
52151;rural
52155;rural
52156;rural
52157;rural
52158;rural
52159;rural
52160;rural
52161;rural
52162;rural
52163;rural
52164;rural
52165;rural
52167;rural
52168;rural
52169;rural
52170;rural
52171;rural
52172;rural
52173;rural
52174;rural
52175;rural
52177;rural
52178;rural
52179;rural
52181;rural
52182;rural
52183;rural
52184;rural
52185;rural
52187;rural
52189;rural
52190;rural
52193;rural
52194;rural
52195;rural
52196;rural
52197;rural
52198;rural
52199;rural
52200;rural
52201;rural
52203;rural
52204;rural
52205;rural
52206;rural
52207;rural
52208;rural
52211;rural
52212;rural
52213;rural
52214;rural
52216;rural
52217;rural
52218;rural
52219;rural
52220;rural
52221;rural
52222;rural
52223;rural
52227;rural
52228;rural
52229;rural
52230;rural
52231;rural
52232;rural
52233;rural
52234;rural
52235;rural
52237;rural
52240;rural
52242;rural
52243;rural
52244;rural
52245;rural
52246;rural
52247;rural
52248;rural
52249;rural
52250;rural
52251;rural
52253;rural
52254;rural
52256;rural
52257;rural
52258;rural
52260;rural
52264;rural
52265;rural
52266;rural
52267;rural
52269;urbain
52271;rural
52272;rural
52273;rural
52274;rural
52275;rural
52276;rural
52277;rural
52278;rural
52280;rural
52282;rural
52284;rural
52285;rural
52286;rural
52287;rural
52288;rural
52289;rural
52290;rural
52291;rural
52292;rural
52294;rural
52295;rural
52297;rural
52298;rural
52300;rural
52301;rural
52302;rural
52303;rural
52304;rural
52305;rural
52306;rural
52307;rural
52308;rural
52310;rural
52311;rural
52312;rural
52313;rural
52315;rural
52316;rural
52318;rural
52319;rural
52320;rural
52321;rural
52322;rural
52325;rural
52326;rural
52327;rural
52328;rural
52330;rural
52331;rural
52332;rural
52335;rural
52336;rural
52337;rural
52341;rural
52342;rural
52344;rural
52346;rural
52347;rural
52348;rural
52349;rural
52350;rural
52352;rural
52353;rural
52354;rural
52355;rural
52356;rural
52357;rural
52358;rural
52359;rural
52360;rural
52362;rural
52363;rural
52364;rural
52365;rural
52366;rural
52367;rural
52369;rural
52370;rural
52371;rural
52372;rural
52373;rural
52374;rural
52375;rural
52376;rural
52377;rural
52378;rural
52380;rural
52383;rural
52384;rural
52385;rural
52386;rural
52388;rural
52390;rural
52391;rural
52392;rural
52393;rural
52394;rural
52395;rural
52396;rural
52397;rural
52398;rural
52399;rural
52400;rural
52401;rural
52403;rural
52405;rural
52406;rural
52407;rural
52411;rural
52413;rural
52414;rural
52415;rural
52416;rural
52419;rural
52420;rural
52421;rural
52422;rural
52423;rural
52424;rural
52425;rural
52426;rural
52428;rural
52429;rural
52431;rural
52432;rural
52433;rural
52436;rural
52437;rural
52438;rural
52439;rural
52440;rural
52442;rural
52443;rural
52444;rural
52445;rural
52446;rural
52447;rural
52448;urbain
52449;rural
52450;rural
52452;rural
52453;rural
52455;rural
52456;rural
52457;rural
52459;rural
52461;rural
52463;rural
52464;rural
52465;rural
52467;rural
52468;rural
52469;rural
52470;rural
52472;rural
52473;rural
52474;rural
52475;rural
52476;rural
52479;rural
52480;rural
52482;rural
52483;rural
52484;rural
52486;rural
52487;rural
52488;rural
52489;rural
52490;rural
52491;rural
52492;rural
52493;rural
52494;rural
52495;rural
52497;rural
52499;rural
52500;rural
52502;rural
52503;rural
52504;rural
52505;rural
52506;rural
52507;rural
52510;rural
52511;rural
52512;rural
52513;rural
52514;rural
52515;rural
52516;rural
52517;rural
52518;rural
52519;rural
52520;rural
52522;rural
52523;rural
52524;rural
52525;rural
52526;rural
52528;rural
52529;rural
52534;rural
52535;rural
52536;rural
52538;rural
52539;rural
52540;rural
52541;rural
52542;rural
52543;rural
52544;rural
52545;rural
52546;rural
52547;rural
52548;rural
52549;rural
52550;rural
53001;rural
53002;rural
53003;rural
53005;rural
53007;rural
53008;rural
53009;rural
53010;rural
53011;rural
53012;rural
53013;rural
53015;rural
53016;rural
53017;rural
53018;rural
53019;rural
53021;rural
53022;rural
53023;rural
53025;rural
53026;rural
53027;rural
53028;rural
53029;rural
53030;rural
53031;rural
53033;rural
53034;urbain
53035;rural
53036;rural
53037;rural
53038;rural
53039;rural
53040;rural
53041;rural
53042;rural
53043;rural
53045;rural
53046;rural
53047;rural
53048;rural
53049;rural
53051;rural
53052;rural
53053;rural
53054;urbain
53055;rural
53056;rural
53057;rural
53058;rural
53059;rural
53061;rural
53062;urbain
53063;rural
53064;rural
53066;rural
53067;rural
53068;rural
53069;rural
53071;rural
53072;rural
53073;rural
53074;rural
53075;rural
53076;rural
53077;rural
53078;rural
53079;rural
53080;rural
53082;rural
53083;rural
53084;rural
53085;rural
53086;rural
53087;rural
53088;rural
53089;rural
53090;rural
53091;rural
53093;rural
53094;rural
53096;rural
53097;urbain
53098;rural
53099;rural
53100;rural
53101;rural
53102;rural
53103;rural
53104;rural
53105;rural
53106;rural
53107;rural
53108;rural
53109;rural
53110;rural
53111;rural
53112;rural
53113;rural
53114;rural
53115;rural
53116;rural
53117;rural
53118;rural
53119;rural
53120;rural
53121;rural
53122;rural
53123;rural
53124;rural
53125;rural
53126;rural
53127;rural
53128;rural
53129;rural
53130;urbain
53131;rural
53132;rural
53133;rural
53134;rural
53135;rural
53136;rural
53137;rural
53139;rural
53140;rural
53141;rural
53142;rural
53143;rural
53144;rural
53145;rural
53146;rural
53147;urbain
53148;rural
53150;rural
53151;rural
53152;rural
53153;rural
53154;rural
53155;rural
53156;rural
53157;rural
53158;rural
53160;rural
53161;rural
53162;urbain
53163;rural
53164;rural
53165;rural
53168;rural
53169;rural
53170;rural
53172;rural
53173;rural
53174;urbain
53175;rural
53176;rural
53177;rural
53178;rural
53179;rural
53180;rural
53181;rural
53182;rural
53184;rural
53185;rural
53186;rural
53187;rural
53188;rural
53189;rural
53190;rural
53191;rural
53192;rural
53193;rural
53195;rural
53196;rural
53197;rural
53198;rural
53199;rural
53200;urbain
53201;urbain
53202;rural
53203;rural
53204;rural
53206;rural
53208;rural
53209;rural
53210;rural
53211;rural
53212;rural
53213;rural
53214;rural
53216;rural
53218;rural
53219;rural
53220;rural
53221;rural
53222;rural
53223;rural
53224;rural
53225;rural
53226;rural
53228;rural
53229;rural
53230;rural
53232;rural
53233;rural
53234;rural
53235;rural
53236;rural
53237;rural
53238;rural
53240;rural
53242;rural
53243;rural
53245;rural
53246;rural
53247;rural
53248;rural
53249;rural
53250;rural
53251;rural
53253;rural
53255;rural
53256;rural
53257;rural
53258;rural
53259;rural
53260;rural
53261;rural
53262;rural
53263;rural
53264;rural
53265;rural
53266;rural
53267;rural
53269;rural
53270;rural
53271;rural
53272;rural
53273;rural
53276;rural
54001;rural
54002;rural
54003;rural
54004;rural
54005;rural
54006;rural
54007;rural
54008;rural
54009;rural
54010;rural
54011;rural
54012;rural
54013;rural
54014;rural
54015;rural
54016;rural
54017;rural
54018;rural
54019;rural
54020;rural
54021;rural
54022;urbain
54023;rural
54024;rural
54025;rural
54026;rural
54027;rural
54028;urbain
54029;rural
54030;rural
54031;rural
54032;rural
54033;rural
54034;rural
54035;rural
54036;rural
54037;rural
54038;rural
54039;rural
54040;rural
54041;rural
54042;rural
54043;urbain
54044;rural
54045;rural
54046;rural
54047;rural
54048;rural
54049;rural
54050;rural
54051;rural
54052;rural
54053;rural
54054;rural
54055;rural
54056;rural
54057;rural
54058;rural
54059;rural
54060;rural
54061;rural
54062;rural
54063;rural
54064;rural
54065;rural
54066;rural
54067;rural
54068;rural
54069;rural
54070;rural
54071;rural
54072;rural
54073;rural
54074;rural
54075;rural
54076;urbain
54077;rural
54078;rural
54079;urbain
54080;rural
54081;rural
54082;rural
54083;rural
54084;rural
54085;rural
54086;rural
54087;rural
54088;rural
54089;rural
54090;urbain
54091;rural
54092;rural
54093;rural
54094;rural
54095;rural
54096;rural
54097;rural
54098;rural
54099;urbain
54100;rural
54101;rural
54102;rural
54103;rural
54104;rural
54105;rural
54106;rural
54107;rural
54108;rural
54109;rural
54110;rural
54111;urbain
54112;rural
54113;rural
54114;rural
54115;urbain
54116;urbain
54117;rural
54118;rural
54119;rural
54120;rural
54121;rural
54122;urbain
54123;urbain
54124;rural
54125;rural
54126;rural
54127;urbain
54128;rural
54129;rural
54130;rural
54131;rural
54132;rural
54133;rural
54134;rural
54135;rural
54136;urbain
54137;rural
54138;urbain
54139;rural
54140;rural
54141;rural
54142;rural
54143;rural
54144;rural
54145;urbain
54146;rural
54147;rural
54148;rural
54149;rural
54150;urbain
54151;urbain
54152;urbain
54153;rural
54154;rural
54155;rural
54156;rural
54157;rural
54158;rural
54159;urbain
54160;rural
54161;rural
54162;rural
54163;rural
54164;rural
54165;urbain
54166;rural
54167;urbain
54168;rural
54169;rural
54170;rural
54171;rural
54172;rural
54173;rural
54174;urbain
54175;rural
54176;rural
54177;rural
54178;rural
54179;rural
54180;rural
54181;rural
54182;rural
54183;rural
54184;urbain
54185;rural
54186;urbain
54187;rural
54188;rural
54189;rural
54190;rural
54191;rural
54192;rural
54193;rural
54194;rural
54195;rural
54196;urbain
54197;urbain
54198;rural
54199;rural
54200;rural
54201;rural
54202;rural
54203;rural
54204;rural
54205;rural
54206;rural
54207;rural
54208;rural
54209;rural
54210;rural
54211;rural
54212;rural
54213;rural
54214;rural
54215;urbain
54216;rural
54217;rural
54218;rural
54219;rural
54220;rural
54221;rural
54222;rural
54223;rural
54224;rural
54225;rural
54226;rural
54227;urbain
54228;rural
54229;rural
54230;rural
54231;rural
54232;rural
54233;rural
54234;urbain
54235;rural
54236;rural
54237;rural
54238;rural
54239;rural
54240;rural
54241;rural
54242;rural
54243;rural
54244;rural
54245;rural
54246;rural
54247;rural
54248;rural
54249;rural
54250;rural
54251;rural
54252;rural
54253;rural
54254;urbain
54255;rural
54256;rural
54257;urbain
54258;rural
54259;rural
54260;urbain
54261;urbain
54262;rural
54263;urbain
54264;rural
54265;urbain
54266;rural
54268;rural
54269;rural
54270;rural
54271;rural
54272;rural
54273;urbain
54274;urbain
54275;rural
54276;rural
54277;rural
54278;rural
54279;urbain
54280;urbain
54281;urbain
54282;rural
54283;rural
54284;rural
54285;rural
54286;urbain
54287;rural
54288;rural
54289;rural
54290;rural
54291;rural
54292;rural
54293;rural
54294;rural
54295;rural
54296;rural
54297;rural
54298;rural
54299;rural
54300;urbain
54301;rural
54302;rural
54303;rural
54304;urbain
54305;urbain
54306;rural
54307;rural
54308;rural
54309;rural
54310;rural
54311;rural
54312;rural
54313;rural
54314;urbain
54315;rural
54316;rural
54317;rural
54318;urbain
54320;rural
54321;urbain
54322;rural
54323;urbain
54324;rural
54325;rural
54326;rural
54327;rural
54328;urbain
54329;urbain
54330;rural
54331;rural
54332;urbain
54333;rural
54334;rural
54335;rural
54336;rural
54337;rural
54338;urbain
54339;urbain
54340;rural
54343;rural
54344;rural
54345;rural
54346;rural
54348;rural
54349;rural
54350;rural
54351;rural
54352;rural
54353;rural
54354;rural
54355;rural
54356;rural
54357;urbain
54358;rural
54359;rural
54360;rural
54362;rural
54363;rural
54364;urbain
54365;rural
54366;urbain
54367;urbain
54368;rural
54369;rural
54370;rural
54371;rural
54372;rural
54373;rural
54374;rural
54375;urbain
54376;rural
54377;rural
54378;rural
54379;rural
54380;rural
54381;rural
54382;urbain
54383;rural
54385;rural
54386;rural
54387;rural
54388;rural
54389;rural
54390;rural
54391;urbain
54392;rural
54393;rural
54394;rural
54395;urbain
54396;rural
54397;urbain
54398;rural
54399;rural
54400;rural
54401;rural
54402;rural
54403;rural
54404;rural
54405;rural
54406;rural
54407;rural
54408;rural
54409;rural
54410;rural
54411;rural
54412;rural
54413;rural
54414;urbain
54415;rural
54416;rural
54417;rural
54418;rural
54419;rural
54420;rural
54421;rural
54422;rural
54423;rural
54424;rural
54425;rural
54426;rural
54427;rural
54428;rural
54429;rural
54430;urbain
54431;urbain
54432;urbain
54433;rural
54434;rural
54435;rural
54436;rural
54437;rural
54438;rural
54439;urbain
54440;rural
54441;rural
54442;rural
54443;rural
54444;rural
54445;rural
54446;rural
54447;rural
54449;rural
54450;rural
54451;urbain
54452;rural
54453;rural
54455;rural
54456;rural
54457;rural
54458;rural
54459;urbain
54460;rural
54461;rural
54462;rural
54463;rural
54464;rural
54465;rural
54466;rural
54467;rural
54468;rural
54469;urbain
54470;rural
54471;rural
54472;rural
54473;rural
54474;rural
54475;rural
54476;rural
54477;rural
54478;rural
54479;rural
54480;rural
54481;rural
54482;urbain
54483;urbain
54484;rural
54485;rural
54486;rural
54487;rural
54488;rural
54489;rural
54490;rural
54491;rural
54492;rural
54493;urbain
54494;rural
54495;urbain
54496;rural
54497;rural
54498;urbain
54499;rural
54500;rural
54501;rural
54502;rural
54504;rural
54505;rural
54507;rural
54508;rural
54509;urbain
54510;rural
54511;rural
54512;rural
54513;rural
54514;rural
54515;rural
54516;rural
54517;rural
54518;rural
54519;rural
54520;rural
54521;urbain
54522;rural
54523;rural
54524;rural
54525;rural
54526;urbain
54527;rural
54528;urbain
54529;rural
54530;rural
54531;rural
54532;rural
54533;rural
54534;rural
54535;rural
54536;rural
54537;rural
54538;rural
54539;rural
54540;rural
54541;rural
54542;rural
54543;rural
54544;rural
54545;rural
54546;rural
54547;urbain
54548;rural
54549;urbain
54550;rural
54551;rural
54552;rural
54553;rural
54554;rural
54555;rural
54556;rural
54557;rural
54558;rural
54559;rural
54560;rural
54561;rural
54562;rural
54563;rural
54564;rural
54565;rural
54566;rural
54567;rural
54568;rural
54569;rural
54570;rural
54571;rural
54572;rural
54573;rural
54574;urbain
54575;rural
54576;rural
54577;rural
54578;urbain
54579;rural
54580;urbain
54581;rural
54582;rural
54583;rural
54584;rural
54585;rural
54586;rural
54587;rural
54588;rural
54589;rural
54590;rural
54591;rural
54592;rural
54593;rural
54594;rural
54595;rural
54596;rural
54597;rural
54598;rural
54599;rural
54600;rural
54601;rural
54602;rural
55001;rural
55002;rural
55004;rural
55005;rural
55007;rural
55008;rural
55009;rural
55010;rural
55011;rural
55012;rural
55013;rural
55014;rural
55015;rural
55017;rural
55018;rural
55021;rural
55022;rural
55023;rural
55024;rural
55025;rural
55026;rural
55027;rural
55028;rural
55029;urbain
55031;rural
55032;rural
55033;rural
55034;rural
55035;rural
55036;rural
55037;rural
55038;rural
55039;rural
55040;rural
55041;rural
55042;urbain
55043;urbain
55044;rural
55045;rural
55046;rural
55047;rural
55048;rural
55049;rural
55050;rural
55051;rural
55053;rural
55054;rural
55055;rural
55057;rural
55058;rural
55059;rural
55060;rural
55061;rural
55062;rural
55063;rural
55064;rural
55065;rural
55066;rural
55067;rural
55068;rural
55069;rural
55070;rural
55071;rural
55072;rural
55073;rural
55075;rural
55076;rural
55077;rural
55078;rural
55079;rural
55080;rural
55081;rural
55082;rural
55083;rural
55084;rural
55085;rural
55087;rural
55088;rural
55089;rural
55093;rural
55094;rural
55095;rural
55096;rural
55097;rural
55099;rural
55100;rural
55101;rural
55102;rural
55103;rural
55104;rural
55105;rural
55106;rural
55107;rural
55108;rural
55109;rural
55110;rural
55111;rural
55113;rural
55114;rural
55115;rural
55116;rural
55117;rural
55118;rural
55119;rural
55120;rural
55121;rural
55122;urbain
55123;rural
55124;rural
55125;rural
55127;rural
55128;rural
55129;rural
55132;rural
55133;rural
55134;rural
55137;rural
55138;rural
55139;rural
55140;rural
55141;rural
55142;rural
55143;rural
55144;rural
55145;rural
55146;rural
55148;rural
55149;rural
55150;rural
55153;rural
55154;rural
55155;rural
55156;rural
55157;rural
55158;rural
55159;rural
55160;rural
55162;rural
55163;rural
55165;rural
55166;rural
55167;rural
55168;rural
55169;rural
55170;rural
55171;rural
55172;rural
55173;rural
55174;rural
55175;rural
55177;rural
55178;rural
55179;rural
55180;rural
55181;rural
55182;rural
55183;rural
55184;rural
55185;rural
55186;urbain
55188;rural
55189;rural
55191;rural
55192;rural
55193;rural
55194;rural
55195;rural
55196;rural
55197;rural
55198;rural
55199;rural
55200;rural
55201;rural
55202;rural
55204;rural
55206;rural
55207;rural
55208;rural
55210;rural
55211;rural
55212;rural
55214;rural
55215;rural
55216;rural
55217;rural
55218;rural
55219;rural
55220;rural
55221;rural
55222;rural
55224;rural
55225;rural
55226;rural
55228;rural
55229;rural
55232;rural
55236;rural
55237;rural
55239;rural
55241;rural
55242;rural
55243;rural
55244;rural
55245;rural
55246;rural
55247;rural
55248;rural
55250;rural
55251;rural
55252;rural
55253;rural
55254;rural
55255;rural
55256;rural
55257;rural
55258;rural
55260;rural
55261;rural
55262;rural
55263;rural
55264;rural
55265;rural
55266;rural
55267;rural
55268;rural
55269;rural
55270;rural
55271;rural
55272;rural
55274;rural
55275;rural
55276;rural
55278;rural
55279;rural
55280;rural
55281;rural
55282;rural
55284;rural
55285;rural
55286;rural
55288;rural
55289;rural
55290;rural
55291;rural
55292;rural
55293;rural
55295;rural
55296;rural
55297;rural
55298;rural
55299;rural
55300;rural
55301;rural
55302;rural
55303;rural
55304;rural
55306;rural
55307;rural
55310;rural
55311;rural
55312;rural
55313;rural
55315;rural
55316;rural
55317;rural
55320;rural
55321;rural
55322;rural
55323;rural
55324;rural
55325;rural
55326;rural
55327;rural
55328;rural
55329;rural
55330;rural
55331;rural
55332;rural
55333;rural
55334;rural
55335;rural
55336;rural
55338;rural
55339;rural
55340;rural
55341;rural
55343;rural
55344;rural
55345;rural
55346;rural
55347;rural
55348;rural
55349;rural
55350;rural
55351;rural
55352;rural
55353;rural
55355;rural
55356;rural
55357;rural
55358;rural
55359;rural
55360;rural
55361;rural
55362;rural
55363;rural
55364;rural
55365;rural
55366;rural
55367;rural
55368;rural
55369;rural
55370;rural
55371;rural
55372;rural
55373;rural
55374;rural
55375;rural
55376;rural
55377;rural
55378;rural
55379;rural
55380;rural
55381;rural
55382;rural
55383;rural
55384;rural
55385;rural
55386;rural
55387;rural
55388;rural
55389;rural
55391;rural
55394;rural
55395;rural
55396;rural
55397;rural
55398;rural
55399;rural
55400;rural
55401;rural
55403;rural
55404;rural
55405;rural
55406;rural
55407;rural
55408;rural
55409;rural
55410;rural
55411;rural
55412;rural
55414;rural
55415;rural
55416;rural
55419;rural
55420;rural
55421;rural
55422;rural
55423;rural
55424;rural
55425;rural
55426;rural
55427;rural
55428;rural
55429;rural
55430;rural
55431;rural
55433;rural
55434;rural
55435;rural
55436;rural
55437;rural
55438;rural
55439;rural
55442;rural
55443;rural
55444;rural
55445;rural
55446;rural
55447;rural
55448;rural
55449;rural
55450;rural
55452;rural
55453;rural
55454;rural
55456;rural
55457;rural
55458;rural
55459;rural
55460;rural
55461;rural
55462;rural
55463;rural
55464;rural
55465;rural
55466;rural
55467;rural
55468;rural
55469;rural
55470;rural
55471;rural
55472;rural
55473;rural
55474;rural
55475;rural
55476;rural
55477;rural
55479;rural
55481;rural
55482;rural
55484;rural
55485;rural
55487;rural
55488;rural
55489;rural
55490;rural
55492;rural
55493;rural
55494;rural
55495;rural
55496;rural
55497;rural
55498;rural
55500;rural
55501;rural
55502;rural
55503;rural
55504;rural
55505;urbain
55506;rural
55507;rural
55508;rural
55509;rural
55510;rural
55511;rural
55512;rural
55514;rural
55515;rural
55516;rural
55517;rural
55518;rural
55519;rural
55520;rural
55521;rural
55522;rural
55523;rural
55525;rural
55526;rural
55527;rural
55528;rural
55530;rural
55531;rural
55532;rural
55533;rural
55534;rural
55535;rural
55536;rural
55537;rural
55540;rural
55541;rural
55543;rural
55544;rural
55545;urbain
55546;rural
55547;rural
55549;rural
55551;rural
55552;rural
55553;urbain
55554;rural
55555;rural
55556;rural
55557;rural
55559;rural
55560;rural
55561;rural
55562;rural
55563;rural
55565;rural
55566;rural
55567;rural
55568;rural
55569;rural
55570;rural
55571;rural
55572;rural
55573;rural
55574;rural
55575;rural
55577;rural
55578;rural
55579;rural
55580;rural
55581;rural
55582;rural
55583;rural
55584;rural
55586;rural
56001;rural
56002;rural
56003;rural
56004;rural
56005;rural
56006;rural
56007;urbain
56008;rural
56009;rural
56010;rural
56011;rural
56012;rural
56013;urbain
56014;rural
56015;rural
56017;rural
56018;rural
56019;rural
56020;rural
56021;rural
56022;rural
56023;rural
56024;rural
56025;rural
56026;rural
56027;rural
56028;rural
56029;rural
56030;rural
56031;rural
56032;rural
56033;rural
56034;rural
56035;rural
56036;urbain
56039;rural
56040;rural
56041;rural
56042;rural
56043;rural
56044;rural
56045;rural
56046;rural
56047;rural
56048;rural
56050;rural
56051;rural
56052;rural
56053;rural
56054;rural
56055;urbain
56056;rural
56057;rural
56058;rural
56060;rural
56061;rural
56062;urbain
56063;urbain
56065;rural
56066;rural
56067;rural
56068;rural
56069;rural
56070;rural
56071;rural
56072;rural
56073;rural
56074;rural
56075;rural
56076;rural
56077;rural
56078;urbain
56079;rural
56080;rural
56081;rural
56082;rural
56083;urbain
56084;rural
56085;rural
56086;rural
56087;rural
56088;rural
56089;rural
56090;urbain
56091;rural
56092;rural
56093;rural
56094;rural
56096;rural
56097;rural
56098;urbain
56099;rural
56100;rural
56101;rural
56102;rural
56103;rural
56104;rural
56105;rural
56106;rural
56107;urbain
56108;rural
56109;rural
56110;rural
56111;rural
56112;rural
56113;rural
56114;rural
56115;rural
56116;rural
56117;urbain
56118;urbain
56119;rural
56120;rural
56121;urbain
56122;rural
56123;rural
56124;rural
56125;rural
56126;rural
56127;rural
56128;rural
56129;rural
56130;rural
56131;rural
56132;urbain
56133;rural
56134;rural
56135;rural
56136;rural
56137;rural
56139;rural
56140;rural
56141;rural
56143;rural
56144;rural
56145;rural
56146;rural
56147;rural
56148;rural
56149;rural
56151;rural
56152;rural
56153;rural
56154;rural
56155;rural
56156;rural
56157;rural
56158;urbain
56159;rural
56160;rural
56161;rural
56162;urbain
56163;rural
56164;rural
56165;urbain
56166;rural
56167;rural
56168;rural
56169;rural
56170;rural
56171;rural
56172;rural
56173;rural
56174;rural
56175;rural
56176;urbain
56177;rural
56178;urbain
56179;rural
56180;rural
56181;urbain
56182;rural
56184;rural
56185;urbain
56186;rural
56188;rural
56189;rural
56190;rural
56191;rural
56193;urbain
56194;rural
56195;rural
56196;rural
56197;rural
56198;rural
56199;rural
56200;rural
56201;rural
56202;rural
56203;rural
56204;rural
56205;rural
56206;urbain
56207;rural
56208;rural
56209;rural
56210;rural
56211;rural
56212;rural
56213;rural
56214;rural
56215;rural
56216;rural
56218;rural
56219;rural
56220;rural
56221;rural
56222;rural
56223;rural
56224;rural
56225;rural
56226;rural
56227;rural
56228;rural
56229;rural
56230;rural
56231;rural
56232;rural
56233;rural
56234;rural
56236;rural
56237;rural
56238;rural
56239;rural
56240;rural
56241;rural
56242;rural
56243;urbain
56244;rural
56245;rural
56246;urbain
56247;rural
56248;rural
56249;rural
56250;rural
56251;rural
56252;rural
56253;rural
56254;rural
56255;rural
56256;rural
56257;rural
56258;rural
56259;rural
56260;urbain
56261;rural
56262;rural
56263;rural
56264;rural
57001;rural
57002;rural
57003;rural
57004;rural
57006;rural
57007;rural
57008;rural
57009;rural
57010;rural
57011;rural
57012;urbain
57013;urbain
57014;rural
57015;rural
57016;rural
57017;rural
57018;rural
57019;urbain
57020;rural
57021;urbain
57022;rural
57024;rural
57025;rural
57026;urbain
57027;rural
57028;rural
57029;rural
57030;rural
57031;rural
57032;urbain
57033;rural
57034;rural
57035;rural
57036;rural
57037;rural
57038;urbain
57039;rural
57040;rural
57041;rural
57042;rural
57043;rural
57044;rural
57045;rural
57046;rural
57047;rural
57048;rural
57049;urbain
57050;rural
57051;rural
57052;rural
57053;rural
57054;rural
57055;rural
57056;rural
57057;rural
57058;urbain
57059;rural
57060;rural
57061;urbain
57062;rural
57063;rural
57064;rural
57065;rural
57066;rural
57067;urbain
57069;rural
57070;rural
57071;rural
57072;rural
57073;urbain
57074;rural
57075;rural
57076;rural
57077;rural
57079;rural
57080;rural
57081;rural
57082;rural
57083;rural
57084;rural
57085;rural
57086;rural
57087;rural
57088;rural
57089;rural
57090;rural
57091;rural
57092;urbain
57093;urbain
57095;rural
57096;urbain
57097;rural
57098;rural
57099;rural
57100;rural
57101;urbain
57102;urbain
57103;rural
57104;rural
57105;rural
57106;rural
57107;rural
57108;rural
57109;rural
57110;rural
57111;urbain
57112;rural
57113;urbain
57114;rural
57115;rural
57116;rural
57117;rural
57118;rural
57119;urbain
57120;rural
57121;rural
57122;rural
57123;urbain
57124;rural
57125;rural
57126;rural
57127;rural
57128;rural
57129;rural
57130;rural
57131;rural
57132;rural
57133;rural
57134;urbain
57136;rural
57137;rural
57138;rural
57139;rural
57140;rural
57141;rural
57142;rural
57143;urbain
57144;urbain
57145;rural
57146;urbain
57147;rural
57148;rural
57149;rural
57150;rural
57151;rural
57152;urbain
57153;urbain
57154;rural
57155;rural
57156;rural
57158;rural
57159;urbain
57160;urbain
57161;rural
57162;urbain
57163;rural
57165;rural
57166;rural
57167;rural
57168;rural
57169;rural
57171;rural
57172;rural
57173;rural
57174;rural
57175;rural
57176;rural
57177;rural
57178;rural
57179;urbain
57180;rural
57181;rural
57182;rural
57183;rural
57186;rural
57187;rural
57188;rural
57189;rural
57190;urbain
57191;rural
57192;rural
57193;rural
57194;rural
57195;rural
57196;rural
57197;rural
57198;rural
57199;rural
57200;rural
57201;rural
57202;urbain
57203;rural
57204;rural
57205;rural
57206;urbain
57207;urbain
57208;rural
57209;urbain
57210;rural
57211;urbain
57212;urbain
57213;rural
57214;rural
57215;rural
57216;rural
57217;urbain
57218;urbain
57219;rural
57220;rural
57221;urbain
57222;rural
57224;urbain
57225;rural
57226;urbain
57227;urbain
57228;rural
57229;rural
57230;rural
57231;rural
57232;rural
57233;rural
57234;urbain
57235;rural
57236;rural
57237;rural
57238;rural
57239;rural
57240;urbain
57241;rural
57242;urbain
57244;rural
57245;rural
57246;rural
57247;rural
57248;rural
57249;rural
57250;rural
57251;rural
57252;rural
57253;rural
57254;rural
57255;rural
57256;rural
57257;rural
57258;rural
57259;rural
57260;urbain
57261;rural
57262;rural
57263;rural
57264;rural
57265;rural
57266;rural
57267;rural
57268;rural
57269;urbain
57270;rural
57271;rural
57272;rural
57273;rural
57274;rural
57275;rural
57276;rural
57277;rural
57278;rural
57280;rural
57281;rural
57282;rural
57283;urbain
57284;rural
57286;rural
57287;rural
57288;urbain
57289;rural
57290;rural
57291;rural
57292;rural
57293;rural
57294;rural
57295;rural
57296;rural
57297;rural
57298;rural
57299;rural
57300;rural
57301;rural
57302;rural
57303;urbain
57304;rural
57305;rural
57306;urbain
57307;rural
57308;rural
57309;rural
57310;rural
57311;rural
57312;rural
57313;rural
57314;rural
57315;rural
57316;rural
57317;rural
57318;rural
57319;rural
57320;rural
57321;rural
57322;rural
57323;urbain
57324;rural
57325;rural
57326;rural
57328;rural
57329;rural
57330;rural
57331;rural
57332;urbain
57333;rural
57334;rural
57335;rural
57336;urbain
57337;rural
57338;rural
57339;rural
57340;rural
57341;rural
57342;rural
57343;urbain
57344;rural
57345;rural
57346;rural
57347;rural
57348;rural
57349;rural
57350;urbain
57351;rural
57352;urbain
57353;rural
57354;rural
57355;rural
57356;rural
57357;rural
57358;rural
57359;rural
57360;urbain
57361;rural
57362;rural
57364;rural
57365;rural
57366;rural
57367;rural
57368;urbain
57370;rural
57371;rural
57372;urbain
57373;rural
57374;rural
57375;rural
57376;rural
57377;rural
57379;rural
57380;rural
57381;rural
57382;rural
57383;rural
57384;rural
57385;rural
57386;rural
57387;rural
57388;rural
57389;rural
57390;rural
57391;rural
57392;rural
57393;rural
57394;rural
57395;rural
57396;urbain
57397;rural
57398;rural
57399;rural
57401;rural
57402;rural
57403;rural
57404;rural
57405;rural
57406;rural
57407;rural
57408;urbain
57409;rural
57410;rural
57411;rural
57412;urbain
57413;rural
57414;rural
57415;urbain
57416;rural
57417;rural
57418;rural
57419;rural
57421;rural
57422;rural
57423;rural
57424;rural
57425;rural
57426;rural
57427;rural
57428;urbain
57430;rural
57431;rural
57433;urbain
57434;rural
57436;rural
57437;rural
57438;rural
57439;rural
57440;rural
57441;urbain
57442;rural
57443;urbain
57444;rural
57445;rural
57446;rural
57447;urbain
57448;rural
57449;rural
57451;rural
57452;rural
57453;rural
57454;rural
57455;rural
57456;rural
57457;rural
57459;rural
57460;rural
57461;rural
57462;rural
57463;urbain
57464;rural
57465;rural
57466;rural
57467;urbain
57468;rural
57469;rural
57470;rural
57471;rural
57472;rural
57473;rural
57474;urbain
57475;rural
57476;rural
57477;rural
57478;rural
57479;rural
57480;urbain
57481;urbain
57482;rural
57483;rural
57484;urbain
57485;rural
57486;rural
57487;urbain
57488;rural
57489;rural
57490;rural
57491;urbain
57492;urbain
57493;rural
57494;rural
57495;rural
57496;rural
57497;rural
57498;urbain
57499;rural
57500;rural
57501;rural
57502;rural
57504;rural
57505;urbain
57506;rural
57507;rural
57508;urbain
57509;rural
57510;rural
57511;urbain
57512;urbain
57513;rural
57514;rural
57515;urbain
57516;rural
57517;rural
57518;rural
57519;rural
57520;rural
57521;urbain
57524;rural
57525;rural
57526;rural
57527;rural
57528;rural
57529;urbain
57530;rural
57531;rural
57532;rural
57533;rural
57534;urbain
57535;rural
57536;rural
57537;urbain
57538;rural
57539;rural
57540;rural
57541;rural
57542;rural
57543;urbain
57544;urbain
57545;urbain
57546;urbain
57547;rural
57548;rural
57549;rural
57550;rural
57551;rural
57552;urbain
57553;rural
57554;rural
57555;rural
57556;rural
57557;rural
57558;rural
57559;rural
57560;rural
57561;rural
57562;urbain
57563;rural
57564;rural
57565;urbain
57566;urbain
57567;rural
57568;urbain
57569;rural
57570;rural
57571;rural
57572;rural
57573;rural
57574;rural
57575;rural
57576;rural
57577;rural
57578;rural
57579;rural
57580;rural
57581;rural
57582;urbain
57583;rural
57584;rural
57586;rural
57587;rural
57588;rural
57589;rural
57590;rural
57591;urbain
57592;rural
57593;rural
57594;rural
57595;rural
57596;urbain
57597;urbain
57598;urbain
57599;rural
57600;rural
57601;urbain
57602;rural
57603;urbain
57604;urbain
57605;rural
57606;urbain
57607;rural
57609;rural
57610;rural
57611;rural
57612;rural
57613;rural
57614;rural
57615;rural
57616;urbain
57617;rural
57618;rural
57619;rural
57620;urbain
57621;rural
57622;rural
57623;rural
57624;urbain
57625;rural
57626;rural
57627;rural
57628;rural
57629;rural
57630;urbain
57631;urbain
57633;urbain
57634;rural
57635;rural
57636;rural
57637;rural
57638;urbain
57639;rural
57640;rural
57641;rural
57642;urbain
57643;rural
57644;urbain
57645;urbain
57647;urbain
57648;rural
57649;rural
57650;urbain
57651;rural
57652;rural
57653;rural
57654;rural
57655;rural
57656;rural
57657;rural
57658;rural
57659;urbain
57660;urbain
57661;rural
57662;rural
57663;urbain
57664;rural
57665;rural
57666;urbain
57667;rural
57668;urbain
57669;urbain
57670;rural
57671;rural
57672;urbain
57673;rural
57674;rural
57675;rural
57676;rural
57677;rural
57678;urbain
57679;rural
57680;rural
57681;rural
57682;rural
57683;urbain
57684;rural
57685;rural
57686;rural
57687;rural
57689;rural
57690;urbain
57691;rural
57692;rural
57693;urbain
57694;rural
57695;rural
57696;rural
57697;rural
57698;rural
57700;rural
57701;urbain
57702;rural
57703;rural
57704;rural
57705;rural
57706;rural
57707;rural
57708;rural
57709;rural
57711;rural
57712;rural
57713;rural
57714;rural
57715;rural
57716;rural
57717;rural
57718;rural
57719;rural
57720;rural
57721;rural
57723;rural
57724;urbain
57725;rural
57726;rural
57727;rural
57728;rural
57730;rural
57731;rural
57732;rural
57733;rural
57734;rural
57736;rural
57737;rural
57738;rural
57739;rural
57740;rural
57741;rural
57742;rural
57743;rural
57745;rural
57746;rural
57747;rural
57748;rural
57749;rural
57750;rural
57751;urbain
57752;rural
57753;rural
57754;rural
57755;rural
57756;rural
57757;urbain
57759;rural
57760;urbain
57761;rural
57762;rural
57763;rural
57764;rural
57765;urbain
57767;rural
58001;rural
58002;rural
58003;rural
58004;rural
58005;rural
58006;rural
58007;rural
58008;rural
58009;rural
58010;rural
58011;rural
58012;rural
58013;rural
58014;rural
58015;rural
58016;rural
58017;rural
58018;rural
58019;rural
58020;rural
58021;rural
58023;rural
58024;rural
58025;rural
58026;rural
58027;rural
58028;rural
58029;rural
58030;rural
58031;rural
58032;rural
58033;rural
58034;rural
58035;rural
58036;rural
58037;rural
58038;rural
58039;rural
58040;rural
58041;rural
58042;rural
58043;rural
58044;rural
58045;rural
58046;rural
58047;rural
58048;rural
58049;rural
58050;rural
58051;rural
58052;rural
58053;rural
58054;rural
58055;rural
58056;rural
58057;rural
58058;rural
58059;rural
58060;rural
58061;rural
58062;rural
58063;rural
58064;rural
58065;rural
58066;rural
58067;rural
58068;rural
58069;rural
58070;rural
58071;rural
58072;rural
58073;rural
58074;rural
58075;rural
58076;rural
58077;rural
58078;rural
58079;rural
58080;rural
58081;rural
58082;rural
58083;rural
58084;rural
58085;rural
58086;urbain
58087;rural
58088;urbain
58089;rural
58090;rural
58092;rural
58093;rural
58094;rural
58095;urbain
58096;rural
58097;rural
58098;rural
58099;rural
58101;rural
58102;rural
58103;rural
58104;rural
58105;rural
58106;rural
58107;rural
58108;rural
58109;rural
58110;rural
58111;rural
58112;rural
58113;rural
58114;rural
58115;rural
58116;rural
58117;urbain
58118;rural
58119;rural
58120;rural
58121;urbain
58122;rural
58123;rural
58124;rural
58125;rural
58126;rural
58127;rural
58128;rural
58129;rural
58130;rural
58131;rural
58132;rural
58133;rural
58134;rural
58135;rural
58136;rural
58137;rural
58138;rural
58139;rural
58140;rural
58141;rural
58142;rural
58143;rural
58144;rural
58145;rural
58146;rural
58147;rural
58148;rural
58149;rural
58150;rural
58151;rural
58152;rural
58153;rural
58154;rural
58155;rural
58156;rural
58157;rural
58158;rural
58159;rural
58160;urbain
58161;rural
58162;rural
58163;rural
58164;rural
58165;rural
58166;rural
58168;rural
58169;rural
58170;rural
58171;rural
58172;rural
58173;rural
58174;rural
58175;rural
58176;rural
58177;rural
58178;rural
58179;rural
58180;rural
58181;rural
58182;rural
58183;rural
58184;rural
58185;rural
58186;rural
58187;rural
58188;rural
58189;rural
58190;rural
58191;rural
58192;rural
58193;rural
58194;urbain
58195;rural
58196;rural
58197;rural
58198;rural
58199;rural
58200;rural
58201;rural
58202;rural
58203;rural
58204;rural
58205;rural
58206;rural
58207;rural
58208;rural
58209;rural
58210;rural
58211;rural
58212;rural
58213;rural
58214;rural
58215;rural
58216;rural
58217;rural
58218;rural
58219;rural
58220;rural
58221;rural
58222;rural
58223;rural
58224;rural
58225;rural
58226;rural
58227;rural
58228;rural
58229;rural
58230;rural
58231;rural
58232;rural
58233;rural
58234;rural
58235;rural
58236;rural
58237;rural
58238;rural
58239;rural
58240;rural
58241;rural
58242;rural
58243;rural
58244;rural
58245;rural
58246;rural
58247;rural
58248;rural
58249;rural
58250;urbain
58251;rural
58252;rural
58253;rural
58254;rural
58255;rural
58256;rural
58257;rural
58258;rural
58259;rural
58260;rural
58261;rural
58262;rural
58263;rural
58264;rural
58265;rural
58266;rural
58267;rural
58268;rural
58269;rural
58270;rural
58271;rural
58272;rural
58273;rural
58274;rural
58275;rural
58276;rural
58277;rural
58278;rural
58279;rural
58280;rural
58281;rural
58282;rural
58283;rural
58284;rural
58285;rural
58286;rural
58287;rural
58288;rural
58289;rural
58290;rural
58291;rural
58292;rural
58293;rural
58294;rural
58295;rural
58296;rural
58297;rural
58298;rural
58299;rural
58300;rural
58301;rural
58302;rural
58303;urbain
58304;rural
58305;rural
58306;rural
58307;rural
58308;rural
58309;rural
58310;rural
58311;rural
58312;rural
58313;rural
59001;rural
59002;urbain
59003;rural
59004;rural
59005;urbain
59006;rural
59007;urbain
59008;urbain
59009;urbain
59010;rural
59011;urbain
59012;rural
59013;urbain
59014;urbain
59015;rural
59016;rural
59017;urbain
59018;rural
59019;rural
59021;urbain
59022;rural
59023;rural
59024;urbain
59025;rural
59026;rural
59027;urbain
59028;urbain
59029;rural
59031;rural
59032;urbain
59033;urbain
59034;rural
59035;urbain
59036;urbain
59037;urbain
59038;rural
59039;urbain
59041;urbain
59042;urbain
59043;urbain
59044;urbain
59045;rural
59046;rural
59047;rural
59048;rural
59049;rural
59050;rural
59051;urbain
59052;urbain
59053;rural
59054;rural
59055;rural
59056;rural
59057;rural
59058;rural
59059;urbain
59060;rural
59061;rural
59062;rural
59063;urbain
59064;urbain
59065;rural
59066;rural
59067;urbain
59068;urbain
59069;rural
59071;rural
59072;rural
59073;rural
59074;rural
59075;urbain
59076;rural
59077;rural
59078;rural
59079;urbain
59080;rural
59081;rural
59082;urbain
59083;rural
59084;rural
59085;rural
59086;rural
59087;rural
59088;rural
59089;rural
59090;urbain
59091;rural
59092;urbain
59093;rural
59094;urbain
59096;urbain
59097;rural
59098;urbain
59099;rural
59100;rural
59101;rural
59102;rural
59103;urbain
59104;urbain
59105;rural
59106;urbain
59107;urbain
59108;rural
59109;rural
59110;rural
59111;rural
59112;urbain
59113;urbain
59114;rural
59115;rural
59116;rural
59117;rural
59118;rural
59119;rural
59120;rural
59121;rural
59122;urbain
59123;urbain
59124;urbain
59125;rural
59126;urbain
59127;rural
59128;urbain
59129;urbain
59130;rural
59131;urbain
59132;rural
59133;urbain
59134;rural
59135;rural
59136;urbain
59137;rural
59138;rural
59139;urbain
59140;urbain
59141;rural
59142;urbain
59143;urbain
59144;rural
59145;urbain
59146;urbain
59147;rural
59148;rural
59149;rural
59150;rural
59151;rural
59152;urbain
59153;urbain
59155;urbain
59156;urbain
59157;rural
59158;rural
59159;rural
59160;urbain
59161;rural
59162;rural
59163;urbain
59164;rural
59165;urbain
59166;urbain
59167;rural
59168;urbain
59169;rural
59170;urbain
59171;rural
59172;urbain
59173;urbain
59174;rural
59175;rural
59176;rural
59177;rural
59178;urbain
59179;urbain
59180;rural
59181;rural
59182;rural
59183;urbain
59184;rural
59185;urbain
59186;rural
59187;rural
59188;rural
59189;rural
59190;rural
59191;rural
59192;urbain
59193;urbain
59194;rural
59195;urbain
59196;rural
59197;rural
59198;rural
59199;rural
59200;rural
59201;rural
59202;urbain
59203;urbain
59204;rural
59205;urbain
59206;urbain
59207;urbain
59208;rural
59209;rural
59210;rural
59211;rural
59212;urbain
59213;rural
59214;urbain
59215;urbain
59216;rural
59217;rural
59218;rural
59219;urbain
59220;urbain
59221;urbain
59222;rural
59223;rural
59224;rural
59225;rural
59226;rural
59227;urbain
59228;urbain
59229;rural
59230;urbain
59231;urbain
59232;rural
59233;rural
59234;urbain
59236;rural
59237;rural
59238;rural
59239;urbain
59240;rural
59241;rural
59242;rural
59243;urbain
59244;rural
59246;rural
59247;urbain
59249;urbain
59250;urbain
59251;rural
59252;urbain
59253;urbain
59254;rural
59255;rural
59256;urbain
59257;rural
59258;rural
59259;rural
59260;urbain
59261;rural
59262;rural
59263;urbain
59264;rural
59265;rural
59266;urbain
59267;rural
59268;urbain
59269;rural
59270;rural
59271;urbain
59272;urbain
59273;urbain
59274;rural
59275;urbain
59276;urbain
59277;rural
59278;urbain
59279;urbain
59280;rural
59281;urbain
59282;rural
59283;rural
59284;rural
59285;rural
59286;urbain
59287;rural
59288;urbain
59289;rural
59290;rural
59291;urbain
59292;urbain
59293;rural
59294;rural
59295;urbain
59296;rural
59297;urbain
59299;urbain
59300;rural
59301;urbain
59302;urbain
59303;urbain
59304;urbain
59305;rural
59306;rural
59307;rural
59308;rural
59309;rural
59310;rural
59311;rural
59312;rural
59313;urbain
59314;urbain
59315;rural
59316;urbain
59317;urbain
59318;rural
59319;urbain
59320;rural
59321;urbain
59322;rural
59323;urbain
59324;urbain
59325;rural
59326;rural
59327;urbain
59328;urbain
59329;urbain
59330;rural
59331;rural
59332;urbain
59333;rural
59334;urbain
59335;urbain
59336;rural
59337;rural
59338;rural
59339;urbain
59340;urbain
59341;rural
59342;rural
59343;urbain
59344;urbain
59345;urbain
59346;urbain
59347;rural
59348;urbain
59349;urbain
59350;urbain
59351;rural
59352;urbain
59353;rural
59354;urbain
59356;urbain
59357;rural
59358;rural
59359;urbain
59360;urbain
59361;urbain
59363;rural
59364;urbain
59365;urbain
59366;rural
59367;urbain
59368;urbain
59369;urbain
59370;rural
59371;rural
59372;rural
59374;rural
59375;rural
59377;rural
59378;urbain
59379;rural
59381;rural
59382;rural
59383;urbain
59384;rural
59385;urbain
59386;urbain
59387;rural
59388;urbain
59389;rural
59390;urbain
59391;rural
59392;urbain
59393;rural
59394;rural
59395;rural
59396;rural
59397;rural
59398;urbain
59399;rural
59400;urbain
59401;rural
59402;rural
59403;urbain
59405;rural
59406;rural
59407;rural
59408;urbain
59409;rural
59410;urbain
59411;urbain
59412;rural
59413;rural
59414;urbain
59415;rural
59416;rural
59418;rural
59419;rural
59420;rural
59421;urbain
59422;rural
59423;urbain
59424;urbain
59425;rural
59426;urbain
59427;urbain
59428;urbain
59429;urbain
59430;rural
59431;urbain
59432;urbain
59433;rural
59434;rural
59435;rural
59436;rural
59437;urbain
59438;rural
59439;rural
59440;urbain
59441;rural
59442;rural
59443;rural
59444;rural
59445;rural
59446;urbain
59447;urbain
59448;rural
59449;urbain
59450;rural
59451;rural
59452;urbain
59453;rural
59454;rural
59455;rural
59456;urbain
59457;urbain
59458;urbain
59459;urbain
59461;rural
59462;urbain
59463;rural
59464;rural
59465;rural
59466;urbain
59467;urbain
59468;rural
59469;rural
59470;urbain
59471;rural
59472;rural
59473;rural
59474;rural
59475;urbain
59476;urbain
59477;urbain
59478;rural
59479;urbain
59480;rural
59481;urbain
59482;urbain
59483;rural
59484;urbain
59485;urbain
59486;urbain
59487;rural
59488;urbain
59489;urbain
59490;rural
59491;urbain
59492;urbain
59493;rural
59494;rural
59495;urbain
59496;rural
59497;rural
59498;rural
59499;rural
59500;rural
59501;urbain
59502;urbain
59503;rural
59504;urbain
59505;rural
59506;rural
59507;urbain
59508;urbain
59509;urbain
59511;urbain
59512;urbain
59513;rural
59514;urbain
59515;urbain
59516;rural
59517;rural
59518;rural
59519;urbain
59520;rural
59521;urbain
59522;urbain
59523;urbain
59524;urbain
59525;rural
59526;urbain
59527;urbain
59528;rural
59529;rural
59530;rural
59531;rural
59532;rural
59533;urbain
59534;rural
59535;rural
59536;rural
59537;rural
59538;rural
59539;rural
59541;rural
59542;rural
59543;urbain
59544;urbain
59545;rural
59546;rural
59547;urbain
59548;rural
59549;rural
59550;rural
59551;urbain
59552;rural
59553;urbain
59554;rural
59555;rural
59556;rural
59557;urbain
59558;rural
59559;rural
59560;urbain
59562;rural
59563;rural
59564;urbain
59565;rural
59566;urbain
59567;rural
59568;rural
59569;urbain
59570;rural
59571;rural
59572;rural
59573;rural
59574;urbain
59575;rural
59576;rural
59577;rural
59578;rural
59579;rural
59580;rural
59581;rural
59582;rural
59583;rural
59584;rural
59585;urbain
59586;urbain
59587;rural
59588;urbain
59589;urbain
59590;rural
59591;rural
59592;urbain
59593;rural
59594;rural
59595;rural
59596;rural
59597;urbain
59598;urbain
59599;urbain
59600;urbain
59601;rural
59602;urbain
59603;urbain
59604;rural
59605;urbain
59606;urbain
59607;rural
59608;rural
59609;urbain
59610;rural
59611;urbain
59612;rural
59613;urbain
59614;rural
59615;rural
59616;urbain
59617;rural
59618;rural
59619;rural
59620;rural
59622;rural
59623;rural
59624;rural
59625;rural
59626;rural
59627;rural
59628;rural
59629;rural
59630;urbain
59631;rural
59632;urbain
59633;rural
59634;rural
59635;rural
59636;urbain
59637;rural
59638;urbain
59639;rural
59640;rural
59641;rural
59642;rural
59643;rural
59645;rural
59646;urbain
59647;rural
59648;urbain
59649;rural
59650;urbain
59651;urbain
59652;urbain
59653;urbain
59654;urbain
59655;rural
59656;urbain
59657;rural
59658;urbain
59659;urbain
59660;urbain
59661;rural
59662;rural
59663;rural
59664;rural
59665;rural
59666;rural
59667;rural
59668;rural
59669;rural
59670;urbain
60001;rural
60002;rural
60003;rural
60004;rural
60005;rural
60006;urbain
60007;urbain
60008;rural
60009;urbain
60010;rural
60011;rural
60012;urbain
60013;urbain
60014;rural
60015;urbain
60016;rural
60017;rural
60019;rural
60020;rural
60021;rural
60022;rural
60023;urbain
60024;rural
60025;rural
60026;rural
60027;rural
60028;rural
60029;rural
60030;rural
60031;rural
60032;rural
60033;urbain
60034;rural
60035;rural
60036;rural
60037;rural
60039;rural
60040;rural
60041;rural
60042;urbain
60043;rural
60044;urbain
60045;rural
60046;rural
60047;rural
60048;rural
60049;rural
60050;rural
60051;rural
60052;rural
60053;rural
60054;rural
60055;rural
60056;rural
60057;urbain
60058;rural
60059;rural
60060;rural
60061;rural
60062;rural
60063;rural
60064;rural
60065;rural
60066;rural
60067;urbain
60068;urbain
60069;rural
60070;rural
60071;rural
60072;rural
60073;rural
60074;urbain
60075;rural
60076;rural
60077;rural
60078;rural
60079;rural
60081;rural
60082;rural
60083;rural
60084;rural
60085;rural
60086;urbain
60087;rural
60088;rural
60089;rural
60090;rural
60091;rural
60092;rural
60093;rural
60094;rural
60095;rural
60097;rural
60098;rural
60099;rural
60100;rural
60101;rural
60102;urbain
60103;rural
60104;rural
60105;rural
60106;urbain
60107;urbain
60108;rural
60109;rural
60110;rural
60111;rural
60112;rural
60113;rural
60114;rural
60115;rural
60116;urbain
60117;rural
60118;rural
60119;rural
60120;urbain
60121;rural
60122;rural
60123;rural
60124;rural
60125;rural
60126;rural
60127;rural
60128;rural
60129;rural
60130;rural
60131;rural
60132;rural
60133;rural
60134;urbain
60135;rural
60136;rural
60137;rural
60138;urbain
60139;urbain
60140;rural
60141;urbain
60142;urbain
60143;rural
60144;rural
60145;rural
60146;rural
60147;urbain
60148;rural
60149;rural
60150;rural
60151;urbain
60152;rural
60153;rural
60154;urbain
60155;rural
60156;urbain
60157;urbain
60158;rural
60159;urbain
60160;rural
60161;rural
60162;rural
60163;rural
60164;rural
60165;rural
60166;urbain
60167;rural
60168;rural
60169;rural
60170;rural
60171;rural
60172;rural
60173;urbain
60174;rural
60175;urbain
60176;urbain
60177;rural
60178;rural
60179;rural
60180;rural
60181;rural
60182;rural
60183;rural
60184;rural
60185;rural
60186;rural
60187;rural
60188;rural
60189;rural
60190;rural
60191;rural
60192;rural
60193;rural
60194;rural
60195;rural
60196;rural
60197;rural
60198;rural
60199;rural
60200;rural
60201;rural
60203;rural
60204;rural
60205;rural
60206;rural
60207;rural
60208;rural
60209;rural
60210;rural
60211;rural
60212;urbain
60213;rural
60214;rural
60215;rural
60216;rural
60217;rural
60218;rural
60219;rural
60220;rural
60221;rural
60222;rural
60223;rural
60224;rural
60225;rural
60226;rural
60227;rural
60228;rural
60229;rural
60230;rural
60231;rural
60232;rural
60233;rural
60234;urbain
60235;rural
60236;rural
60237;rural
60238;rural
60239;rural
60240;rural
60241;rural
60242;rural
60243;rural
60244;rural
60245;rural
60247;rural
60248;rural
60249;rural
60250;rural
60251;rural
60252;rural
60253;rural
60254;rural
60255;rural
60256;rural
60257;rural
60258;rural
60259;urbain
60260;rural
60261;rural
60262;rural
60263;rural
60264;rural
60265;rural
60267;rural
60268;rural
60269;rural
60270;rural
60271;rural
60272;rural
60273;urbain
60274;rural
60275;rural
60276;rural
60277;urbain
60278;rural
60279;rural
60280;rural
60281;rural
60282;urbain
60283;rural
60284;rural
60285;rural
60286;rural
60287;rural
60288;rural
60289;rural
60290;rural
60291;rural
60292;rural
60293;rural
60294;rural
60295;rural
60296;rural
60297;rural
60298;rural
60299;rural
60301;rural
60302;rural
60303;rural
60304;rural
60305;rural
60306;rural
60307;rural
60308;rural
60309;rural
60310;rural
60311;rural
60312;rural
60313;rural
60314;rural
60315;rural
60316;rural
60317;rural
60318;rural
60319;rural
60320;rural
60321;rural
60322;rural
60323;urbain
60324;rural
60325;urbain
60326;rural
60327;rural
60328;rural
60329;rural
60330;rural
60331;rural
60332;rural
60333;rural
60334;rural
60335;rural
60336;rural
60337;rural
60338;urbain
60339;rural
60340;rural
60341;urbain
60342;urbain
60343;rural
60344;rural
60345;rural
60346;urbain
60347;rural
60348;rural
60350;rural
60351;rural
60352;rural
60353;rural
60354;rural
60355;rural
60356;rural
60357;rural
60358;rural
60359;rural
60360;urbain
60361;rural
60362;rural
60363;rural
60364;rural
60365;rural
60366;rural
60367;rural
60368;urbain
60369;rural
60370;rural
60371;rural
60372;rural
60373;urbain
60374;rural
60375;rural
60376;rural
60377;rural
60378;rural
60379;rural
60380;rural
60381;rural
60382;urbain
60383;rural
60385;rural
60386;rural
60387;rural
60388;rural
60389;rural
60390;rural
60391;rural
60392;urbain
60393;rural
60394;rural
60395;urbain
60396;rural
60397;rural
60398;rural
60399;rural
60400;rural
60401;rural
60402;urbain
60403;rural
60404;urbain
60405;rural
60406;urbain
60407;rural
60408;rural
60409;urbain
60410;rural
60411;rural
60412;rural
60413;rural
60414;urbain
60415;rural
60416;rural
60418;rural
60420;rural
60421;rural
60422;rural
60423;urbain
60424;rural
60425;rural
60426;rural
60427;rural
60428;rural
60429;rural
60430;rural
60431;rural
60432;urbain
60433;urbain
60434;rural
60435;rural
60436;rural
60437;rural
60438;rural
60439;urbain
60440;rural
60441;rural
60442;rural
60443;rural
60444;rural
60445;rural
60446;rural
60447;rural
60448;rural
60449;rural
60450;urbain
60451;urbain
60452;rural
60454;rural
60456;rural
60457;rural
60458;rural
60459;rural
60460;rural
60461;rural
60462;rural
60463;urbain
60464;urbain
60465;rural
60466;rural
60468;rural
60469;urbain
60470;rural
60471;urbain
60472;rural
60473;rural
60474;rural
60476;rural
60477;rural
60478;rural
60479;rural
60480;rural
60481;rural
60482;urbain
60483;rural
60484;rural
60485;rural
60486;rural
60487;rural
60488;rural
60489;rural
60490;rural
60491;rural
60492;rural
60493;rural
60494;urbain
60495;rural
60496;rural
60497;rural
60498;urbain
60499;rural
60500;urbain
60501;urbain
60502;rural
60503;rural
60504;rural
60505;rural
60506;urbain
60507;rural
60508;urbain
60509;urbain
60510;rural
60511;rural
60512;rural
60513;urbain
60514;rural
60515;rural
60516;rural
60517;rural
60518;rural
60519;rural
60520;rural
60521;rural
60522;rural
60523;rural
60524;urbain
60525;rural
60526;rural
60527;rural
60528;rural
60529;rural
60530;rural
60531;rural
60533;rural
60534;rural
60535;rural
60536;rural
60537;rural
60538;rural
60539;urbain
60540;rural
60541;rural
60542;rural
60543;rural
60544;rural
60545;rural
60546;rural
60547;rural
60548;rural
60549;rural
60550;rural
60551;rural
60552;rural
60553;rural
60554;rural
60555;rural
60556;rural
60557;rural
60558;rural
60559;rural
60560;rural
60561;rural
60562;rural
60563;rural
60564;rural
60565;rural
60566;rural
60567;rural
60568;rural
60569;rural
60570;rural
60571;rural
60572;rural
60573;rural
60574;rural
60575;urbain
60576;rural
60577;rural
60578;urbain
60579;rural
60581;urbain
60582;rural
60583;rural
60584;urbain
60585;rural
60586;rural
60587;rural
60588;rural
60589;urbain
60590;rural
60591;rural
60592;rural
60593;rural
60594;rural
60595;rural
60596;rural
60597;urbain
60598;rural
60599;rural
60600;urbain
60601;urbain
60602;rural
60603;rural
60604;rural
60605;rural
60608;rural
60609;rural
60610;urbain
60611;rural
60612;urbain
60613;rural
60614;rural
60615;rural
60616;rural
60617;rural
60618;rural
60619;rural
60620;rural
60621;rural
60622;rural
60623;rural
60624;rural
60625;rural
60626;rural
60627;rural
60628;rural
60629;rural
60630;rural
60631;rural
60632;rural
60633;rural
60634;rural
60635;urbain
60636;urbain
60637;rural
60638;rural
60639;rural
60640;rural
60641;rural
60642;rural
60643;rural
60644;rural
60645;rural
60646;rural
60647;rural
60648;rural
60650;rural
60651;rural
60652;rural
60653;rural
60654;rural
60655;rural
60656;rural
60657;rural
60658;rural
60659;rural
60660;rural
60661;rural
60662;rural
60663;rural
60664;rural
60665;urbain
60666;rural
60667;urbain
60668;rural
60669;urbain
60670;urbain
60671;rural
60672;rural
60673;rural
60674;rural
60675;rural
60676;rural
60677;rural
60678;rural
60679;rural
60680;rural
60681;rural
60682;rural
60683;rural
60684;urbain
60685;rural
60686;urbain
60687;rural
60688;rural
60689;rural
60691;rural
60692;rural
60693;rural
60694;rural
60695;urbain
60697;rural
60698;rural
60699;rural
60700;rural
60701;rural
60702;rural
60703;urbain
61001;urbain
61002;rural
61005;rural
61006;urbain
61007;rural
61008;rural
61010;rural
61011;rural
61012;rural
61013;rural
61014;rural
61015;rural
61018;rural
61020;rural
61021;rural
61023;rural
61024;rural
61026;rural
61028;rural
61029;rural
61030;rural
61032;rural
61034;rural
61035;rural
61036;rural
61037;rural
61038;rural
61039;rural
61040;rural
61041;rural
61043;rural
61044;rural
61046;rural
61048;rural
61049;rural
61050;rural
61051;rural
61052;rural
61053;rural
61054;rural
61055;rural
61056;rural
61060;rural
61061;rural
61062;rural
61063;rural
61064;rural
61066;rural
61067;rural
61068;rural
61069;rural
61070;rural
61071;rural
61072;rural
61074;rural
61075;rural
61076;rural
61077;urbain
61078;rural
61079;rural
61080;rural
61081;rural
61082;rural
61084;rural
61085;rural
61086;rural
61087;rural
61088;rural
61089;rural
61091;rural
61092;rural
61093;rural
61094;rural
61095;rural
61096;rural
61097;rural
61098;rural
61099;rural
61100;rural
61101;rural
61102;rural
61103;rural
61104;rural
61105;rural
61107;rural
61108;rural
61111;rural
61113;rural
61114;rural
61116;rural
61117;urbain
61118;rural
61120;rural
61121;rural
61122;rural
61123;rural
61124;rural
61126;rural
61129;rural
61130;rural
61133;rural
61137;rural
61138;rural
61139;rural
61140;rural
61141;rural
61142;rural
61143;urbain
61145;rural
61146;rural
61148;rural
61149;rural
61150;rural
61151;rural
61152;rural
61153;rural
61156;rural
61158;rural
61159;rural
61160;rural
61162;rural
61163;rural
61164;rural
61165;rural
61166;rural
61167;rural
61168;rural
61169;urbain
61170;rural
61171;rural
61176;rural
61178;rural
61180;rural
61181;rural
61182;rural
61183;rural
61187;rural
61189;rural
61190;rural
61193;rural
61194;rural
61195;rural
61196;rural
61197;rural
61198;rural
61199;rural
61202;rural
61203;rural
61206;rural
61207;rural
61208;rural
61209;rural
61210;rural
61211;rural
61212;rural
61213;rural
61214;urbain
61215;rural
61216;rural
61217;rural
61218;rural
61219;rural
61221;rural
61222;rural
61224;rural
61225;rural
61227;rural
61228;rural
61229;rural
61230;rural
61232;rural
61233;rural
61234;rural
61237;rural
61238;rural
61240;rural
61241;rural
61242;rural
61243;rural
61244;rural
61248;rural
61251;rural
61252;rural
61255;rural
61256;rural
61257;rural
61258;rural
61259;rural
61260;rural
61261;rural
61262;rural
61263;rural
61264;rural
61265;rural
61266;rural
61267;rural
61268;rural
61269;rural
61271;rural
61272;rural
61273;rural
61274;rural
61275;rural
61276;rural
61277;rural
61278;rural
61279;rural
61281;rural
61283;rural
61284;rural
61286;rural
61287;rural
61288;rural
61289;rural
61290;rural
61291;rural
61292;rural
61293;rural
61294;rural
61295;rural
61297;rural
61298;rural
61300;rural
61301;rural
61302;rural
61303;rural
61304;rural
61307;rural
61308;rural
61309;rural
61314;rural
61316;rural
61317;rural
61319;rural
61321;rural
61322;rural
61323;rural
61324;rural
61326;rural
61327;rural
61328;rural
61329;rural
61330;rural
61331;rural
61332;rural
61333;rural
61336;rural
61339;rural
61341;rural
61342;rural
61344;rural
61345;rural
61346;rural
61347;rural
61348;rural
61349;rural
61350;rural
61351;rural
61352;rural
61357;rural
61358;rural
61360;rural
61361;rural
61362;rural
61363;rural
61365;rural
61366;rural
61367;rural
61369;rural
61370;rural
61371;rural
61372;rural
61373;rural
61374;rural
61375;rural
61376;rural
61379;rural
61381;rural
61382;rural
61384;rural
61385;rural
61386;rural
61387;rural
61388;rural
61389;rural
61390;rural
61391;urbain
61392;rural
61393;rural
61394;rural
61395;rural
61396;rural
61397;urbain
61398;rural
61399;rural
61400;rural
61401;rural
61402;rural
61404;rural
61405;rural
61406;rural
61407;rural
61408;rural
61411;rural
61412;rural
61413;rural
61414;rural
61415;rural
61416;rural
61418;rural
61419;rural
61420;rural
61421;rural
61422;rural
61423;rural
61424;rural
61425;rural
61426;rural
61427;rural
61429;rural
61432;rural
61433;rural
61435;rural
61436;rural
61438;rural
61439;rural
61440;rural
61442;rural
61443;rural
61444;rural
61445;rural
61446;rural
61447;rural
61448;rural
61450;rural
61451;rural
61452;rural
61453;rural
61454;rural
61456;rural
61457;rural
61459;rural
61460;rural
61461;rural
61462;rural
61463;rural
61464;rural
61466;urbain
61467;rural
61472;rural
61473;rural
61474;rural
61475;rural
61476;rural
61479;rural
61480;rural
61481;rural
61482;rural
61483;rural
61484;rural
61485;rural
61486;rural
61487;rural
61488;rural
61490;rural
61491;rural
61492;rural
61493;rural
61494;rural
61497;rural
61498;rural
61499;rural
61500;rural
61501;rural
61502;rural
61503;rural
61505;rural
61507;rural
61508;rural
61510;rural
61512;rural
62001;urbain
62002;rural
62003;rural
62004;urbain
62005;rural
62006;rural
62007;rural
62008;rural
62009;rural
62010;rural
62011;rural
62012;rural
62013;urbain
62014;urbain
62015;rural
62016;rural
62017;rural
62018;rural
62019;urbain
62020;rural
62021;rural
62022;rural
62023;urbain
62024;rural
62025;rural
62026;rural
62027;rural
62028;rural
62029;rural
62030;rural
62031;urbain
62032;urbain
62033;urbain
62034;urbain
62035;urbain
62036;rural
62037;urbain
62038;urbain
62039;rural
62040;urbain
62041;urbain
62042;urbain
62043;rural
62044;rural
62045;rural
62046;rural
62047;rural
62048;urbain
62049;rural
62050;rural
62051;urbain
62052;rural
62053;rural
62054;rural
62055;rural
62056;rural
62057;rural
62058;rural
62059;rural
62060;rural
62061;rural
62062;rural
62063;rural
62064;rural
62065;urbain
62066;rural
62067;rural
62068;rural
62069;rural
62070;rural
62071;rural
62072;rural
62073;rural
62074;rural
62075;rural
62076;rural
62077;rural
62078;urbain
62079;rural
62080;rural
62081;rural
62082;rural
62083;urbain
62084;rural
62085;rural
62086;rural
62087;rural
62088;rural
62089;rural
62090;rural
62091;rural
62092;rural
62093;rural
62094;rural
62095;rural
62096;rural
62097;rural
62099;urbain
62100;rural
62101;rural
62102;rural
62103;rural
62104;rural
62105;rural
62106;rural
62107;urbain
62108;urbain
62109;rural
62111;rural
62112;rural
62113;rural
62114;rural
62115;rural
62116;rural
62117;rural
62118;rural
62119;urbain
62120;rural
62121;rural
62122;rural
62123;rural
62124;rural
62125;rural
62126;urbain
62127;rural
62128;urbain
62129;rural
62130;rural
62131;rural
62132;urbain
62133;urbain
62134;rural
62135;rural
62137;rural
62138;rural
62139;urbain
62140;rural
62141;rural
62142;rural
62143;rural
62144;rural
62145;rural
62146;rural
62147;rural
62148;urbain
62149;rural
62150;rural
62151;rural
62152;rural
62153;rural
62154;rural
62155;rural
62156;rural
62157;rural
62158;rural
62160;urbain
62161;rural
62162;urbain
62163;rural
62164;rural
62165;rural
62166;rural
62167;rural
62168;rural
62169;rural
62170;urbain
62171;rural
62172;rural
62173;urbain
62174;urbain
62175;rural
62176;rural
62177;rural
62178;urbain
62179;rural
62180;rural
62181;rural
62182;rural
62183;rural
62184;rural
62185;rural
62186;urbain
62187;rural
62188;urbain
62189;rural
62190;rural
62191;rural
62192;rural
62193;urbain
62194;urbain
62195;rural
62196;rural
62197;urbain
62198;rural
62199;rural
62200;urbain
62201;rural
62202;rural
62203;rural
62204;rural
62205;rural
62206;rural
62207;rural
62208;rural
62209;rural
62211;rural
62212;rural
62213;urbain
62214;rural
62215;urbain
62216;rural
62217;urbain
62218;rural
62219;rural
62220;rural
62221;rural
62222;rural
62223;rural
62224;urbain
62225;rural
62227;rural
62228;rural
62229;rural
62230;rural
62231;rural
62232;rural
62233;rural
62234;rural
62235;rural
62236;rural
62237;rural
62238;rural
62239;urbain
62240;urbain
62241;rural
62242;rural
62243;rural
62244;urbain
62245;rural
62246;rural
62247;rural
62248;rural
62249;urbain
62250;urbain
62251;rural
62252;rural
62253;rural
62254;rural
62255;rural
62256;rural
62257;rural
62258;rural
62259;rural
62260;rural
62261;urbain
62262;urbain
62263;urbain
62264;rural
62265;rural
62266;rural
62267;rural
62268;urbain
62269;rural
62270;urbain
62271;rural
62272;rural
62273;rural
62274;urbain
62275;rural
62276;urbain
62277;urbain
62278;urbain
62279;rural
62280;rural
62281;rural
62282;rural
62283;rural
62284;rural
62285;rural
62286;rural
62288;rural
62289;rural
62290;urbain
62291;urbain
62292;rural
62293;rural
62295;rural
62296;rural
62297;rural
62298;rural
62299;rural
62300;rural
62301;rural
62302;rural
62303;rural
62304;rural
62306;rural
62307;rural
62308;rural
62309;urbain
62310;urbain
62311;urbain
62312;rural
62313;rural
62314;rural
62315;rural
62316;rural
62317;rural
62318;urbain
62319;rural
62320;urbain
62321;urbain
62322;rural
62323;urbain
62324;urbain
62325;rural
62326;rural
62327;rural
62328;rural
62329;rural
62330;urbain
62331;urbain
62332;rural
62333;rural
62334;rural
62335;rural
62336;rural
62337;rural
62338;urbain
62339;rural
62340;urbain
62341;rural
62342;rural
62343;rural
62344;rural
62345;rural
62346;rural
62347;rural
62348;rural
62349;urbain
62350;urbain
62351;urbain
62352;rural
62353;rural
62354;rural
62355;rural
62356;rural
62357;rural
62358;rural
62359;rural
62360;rural
62361;rural
62362;rural
62363;rural
62364;rural
62365;rural
62366;rural
62367;urbain
62368;rural
62369;rural
62370;rural
62371;urbain
62372;rural
62373;urbain
62374;rural
62375;rural
62376;urbain
62377;urbain
62378;rural
62379;rural
62380;rural
62381;rural
62382;rural
62383;urbain
62384;rural
62385;rural
62386;urbain
62387;rural
62388;rural
62389;rural
62390;urbain
62391;urbain
62392;rural
62393;rural
62395;rural
62396;rural
62397;urbain
62398;urbain
62399;rural
62400;urbain
62401;urbain
62402;rural
62403;urbain
62404;rural
62405;urbain
62406;rural
62407;rural
62408;rural
62409;rural
62410;rural
62411;rural
62412;rural
62413;urbain
62414;rural
62415;rural
62416;rural
62418;rural
62419;rural
62421;rural
62422;rural
62423;rural
62424;rural
62425;rural
62426;rural
62427;urbain
62428;rural
62429;rural
62430;rural
62432;rural
62433;rural
62434;rural
62435;rural
62436;rural
62437;rural
62438;rural
62439;rural
62440;rural
62441;rural
62442;rural
62443;urbain
62444;rural
62445;urbain
62446;rural
62447;urbain
62448;urbain
62449;rural
62450;rural
62451;rural
62452;rural
62453;rural
62454;rural
62455;rural
62456;urbain
62457;urbain
62458;rural
62459;rural
62460;rural
62462;rural
62463;rural
62464;urbain
62465;rural
62466;rural
62467;rural
62468;rural
62469;rural
62470;rural
62471;rural
62472;rural
62473;urbain
62474;urbain
62475;rural
62476;rural
62477;rural
62478;rural
62479;urbain
62480;urbain
62481;rural
62483;rural
62484;rural
62485;rural
62486;urbain
62487;rural
62488;rural
62489;urbain
62490;rural
62491;urbain
62492;rural
62493;rural
62494;rural
62495;rural
62496;rural
62497;urbain
62498;urbain
62499;rural
62500;rural
62501;rural
62502;urbain
62503;rural
62504;rural
62505;rural
62506;rural
62507;rural
62508;rural
62509;rural
62510;urbain
62511;rural
62512;rural
62513;rural
62514;rural
62515;rural
62516;urbain
62517;rural
62518;rural
62519;rural
62520;urbain
62521;rural
62522;rural
62523;urbain
62524;urbain
62525;urbain
62526;rural
62527;rural
62528;urbain
62529;urbain
62530;rural
62531;rural
62532;urbain
62533;rural
62534;rural
62535;rural
62536;rural
62537;rural
62538;rural
62539;rural
62540;urbain
62541;rural
62542;rural
62543;rural
62544;rural
62545;rural
62546;rural
62547;rural
62548;urbain
62550;urbain
62551;rural
62552;rural
62553;rural
62554;rural
62555;urbain
62556;rural
62557;urbain
62558;rural
62559;rural
62560;urbain
62561;rural
62562;rural
62563;urbain
62564;rural
62565;rural
62566;rural
62567;rural
62568;rural
62569;rural
62570;urbain
62571;urbain
62572;rural
62573;urbain
62574;rural
62576;rural
62577;rural
62578;rural
62579;rural
62580;rural
62581;rural
62582;rural
62583;rural
62584;rural
62585;rural
62586;rural
62587;urbain
62588;rural
62589;rural
62590;rural
62591;rural
62592;rural
62593;rural
62594;rural
62595;rural
62596;rural
62597;rural
62598;rural
62599;rural
62600;rural
62601;rural
62602;rural
62603;rural
62604;rural
62605;rural
62606;urbain
62607;rural
62608;rural
62609;rural
62610;rural
62611;rural
62612;rural
62613;rural
62614;rural
62615;rural
62616;rural
62617;urbain
62618;rural
62619;rural
62620;rural
62621;rural
62622;rural
62623;rural
62624;urbain
62625;rural
62626;urbain
62627;rural
62628;urbain
62629;rural
62630;rural
62631;rural
62632;urbain
62633;rural
62634;rural
62635;rural
62636;rural
62637;urbain
62638;rural
62639;rural
62640;rural
62641;rural
62642;rural
62643;urbain
62644;rural
62645;rural
62646;rural
62647;rural
62648;rural
62649;rural
62650;urbain
62651;rural
62652;urbain
62653;rural
62654;rural
62655;rural
62656;rural
62657;rural
62658;rural
62659;rural
62660;rural
62661;rural
62662;rural
62663;rural
62664;rural
62665;rural
62666;urbain
62667;urbain
62668;rural
62669;rural
62670;rural
62671;rural
62672;rural
62673;rural
62674;rural
62675;rural
62676;rural
62677;rural
62678;rural
62679;rural
62680;rural
62681;rural
62682;rural
62683;rural
62684;rural
62685;rural
62686;urbain
62688;urbain
62689;rural
62690;rural
62691;rural
62692;rural
62693;rural
62694;rural
62695;rural
62696;rural
62697;rural
62698;rural
62699;rural
62700;rural
62701;rural
62702;rural
62703;rural
62704;rural
62705;rural
62706;rural
62708;rural
62709;rural
62710;rural
62711;urbain
62712;rural
62713;rural
62714;urbain
62715;rural
62716;rural
62717;rural
62718;urbain
62719;rural
62720;rural
62721;rural
62722;rural
62723;rural
62724;urbain
62725;rural
62726;rural
62727;urbain
62728;rural
62729;rural
62730;rural
62731;rural
62732;rural
62733;rural
62734;rural
62735;urbain
62736;urbain
62737;urbain
62738;rural
62739;rural
62740;rural
62741;rural
62742;rural
62744;urbain
62745;rural
62746;urbain
62747;rural
62748;rural
62749;rural
62750;rural
62751;rural
62752;rural
62753;urbain
62754;rural
62755;urbain
62756;rural
62757;urbain
62758;urbain
62759;rural
62760;rural
62761;rural
62762;rural
62763;urbain
62764;urbain
62765;urbain
62766;rural
62767;urbain
62768;rural
62769;rural
62770;rural
62771;urbain
62772;rural
62773;rural
62774;urbain
62775;rural
62776;rural
62777;rural
62778;rural
62779;rural
62780;rural
62781;rural
62782;rural
62783;rural
62784;rural
62785;rural
62786;rural
62787;rural
62788;rural
62789;rural
62790;rural
62791;rural
62792;rural
62793;rural
62794;urbain
62795;rural
62796;rural
62797;rural
62798;rural
62799;rural
62800;rural
62801;urbain
62802;rural
62803;rural
62804;rural
62805;rural
62806;rural
62808;rural
62809;rural
62810;urbain
62811;rural
62812;rural
62813;rural
62814;rural
62815;rural
62816;rural
62817;urbain
62818;rural
62819;rural
62820;rural
62821;rural
62822;rural
62823;rural
62824;rural
62825;rural
62826;urbain
62827;rural
62828;rural
62829;rural
62830;rural
62831;rural
62832;rural
62833;rural
62834;rural
62835;rural
62836;urbain
62837;rural
62838;rural
62839;rural
62840;rural
62841;urbain
62842;urbain
62843;rural
62844;rural
62845;rural
62846;urbain
62847;urbain
62848;urbain
62849;urbain
62850;rural
62851;rural
62852;rural
62853;rural
62854;rural
62855;rural
62856;rural
62857;rural
62858;rural
62859;rural
62860;rural
62861;urbain
62862;rural
62863;urbain
62864;rural
62865;urbain
62866;rural
62867;rural
62868;rural
62869;rural
62870;rural
62871;rural
62872;rural
62873;rural
62874;rural
62875;rural
62876;rural
62877;rural
62878;rural
62879;rural
62880;rural
62881;rural
62882;rural
62883;rural
62885;rural
62886;rural
62887;rural
62888;rural
62889;rural
62890;rural
62891;rural
62892;urbain
62893;urbain
62894;urbain
62895;urbain
62896;rural
62897;rural
62898;rural
62899;rural
62900;rural
62901;rural
62902;urbain
62903;rural
62904;rural
62905;rural
62906;rural
62907;urbain
62908;rural
62909;rural
63001;rural
63002;rural
63003;rural
63004;rural
63005;rural
63006;rural
63007;rural
63008;rural
63009;rural
63010;rural
63011;rural
63012;rural
63013;rural
63014;urbain
63015;rural
63016;rural
63017;rural
63019;urbain
63020;rural
63021;rural
63022;rural
63023;rural
63024;rural
63025;rural
63026;rural
63027;rural
63028;rural
63029;rural
63030;rural
63031;rural
63032;urbain
63033;rural
63034;rural
63035;rural
63036;rural
63037;rural
63038;rural
63039;rural
63040;rural
63041;rural
63042;urbain
63043;rural
63044;rural
63045;rural
63046;rural
63047;rural
63048;rural
63049;rural
63050;urbain
63051;rural
63052;rural
63053;rural
63054;rural
63055;rural
63056;rural
63057;rural
63058;rural
63059;rural
63060;rural
63061;rural
63062;rural
63063;urbain
63064;rural
63065;rural
63066;rural
63067;rural
63069;urbain
63070;urbain
63071;rural
63072;rural
63073;rural
63074;rural
63075;urbain
63076;rural
63077;rural
63079;rural
63080;rural
63081;rural
63082;rural
63083;rural
63084;rural
63085;rural
63086;rural
63087;rural
63088;rural
63089;rural
63090;rural
63091;rural
63092;rural
63093;rural
63094;rural
63095;rural
63096;rural
63097;rural
63098;rural
63099;urbain
63100;rural
63101;rural
63102;rural
63103;urbain
63104;rural
63105;rural
63106;urbain
63107;rural
63108;rural
63109;rural
63110;rural
63111;rural
63112;rural
63113;urbain
63114;rural
63115;rural
63116;rural
63117;rural
63118;rural
63119;rural
63120;urbain
63121;rural
63122;rural
63123;rural
63124;urbain
63125;rural
63126;rural
63128;rural
63129;rural
63130;rural
63131;rural
63132;rural
63134;rural
63135;rural
63136;rural
63137;rural
63138;rural
63139;rural
63140;rural
63141;urbain
63142;rural
63143;rural
63144;rural
63145;rural
63146;rural
63147;rural
63148;rural
63149;rural
63150;urbain
63151;rural
63152;rural
63153;rural
63154;rural
63155;rural
63156;rural
63157;rural
63158;rural
63159;rural
63160;rural
63161;rural
63162;rural
63163;rural
63164;urbain
63165;rural
63166;rural
63167;rural
63168;rural
63169;rural
63170;rural
63171;rural
63172;rural
63173;rural
63174;rural
63175;rural
63176;rural
63177;rural
63178;urbain
63179;rural
63180;rural
63181;rural
63182;rural
63183;rural
63184;rural
63185;rural
63186;rural
63187;rural
63188;rural
63189;rural
63190;rural
63191;rural
63192;rural
63193;urbain
63194;rural
63195;rural
63196;rural
63197;rural
63198;rural
63199;rural
63200;rural
63201;rural
63202;rural
63203;rural
63204;urbain
63205;rural
63206;rural
63207;rural
63208;rural
63209;rural
63210;rural
63211;rural
63212;urbain
63213;rural
63214;urbain
63215;rural
63216;rural
63218;rural
63219;rural
63220;rural
63221;rural
63222;rural
63223;rural
63224;urbain
63225;rural
63226;urbain
63227;urbain
63228;rural
63229;rural
63230;rural
63231;rural
63232;rural
63233;rural
63234;rural
63235;rural
63236;rural
63237;rural
63238;rural
63239;rural
63240;rural
63241;rural
63242;rural
63243;rural
63244;rural
63245;urbain
63246;rural
63247;rural
63248;rural
63249;rural
63250;rural
63251;rural
63252;rural
63253;rural
63254;urbain
63255;rural
63256;rural
63257;rural
63258;rural
63259;rural
63260;rural
63261;rural
63262;urbain
63263;rural
63264;rural
63265;rural
63267;rural
63268;rural
63269;rural
63270;rural
63271;rural
63272;urbain
63273;rural
63274;rural
63275;urbain
63276;rural
63277;rural
63278;rural
63279;rural
63280;rural
63281;rural
63282;rural
63283;rural
63284;urbain
63285;rural
63286;rural
63287;rural
63288;rural
63289;rural
63290;rural
63291;rural
63292;rural
63293;rural
63294;rural
63295;rural
63296;rural
63297;rural
63298;rural
63299;rural
63300;urbain
63301;rural
63302;rural
63303;rural
63304;rural
63305;rural
63306;urbain
63307;urbain
63308;urbain
63309;rural
63310;rural
63311;rural
63312;rural
63313;rural
63314;rural
63315;rural
63317;rural
63318;rural
63319;rural
63320;rural
63321;rural
63322;rural
63323;rural
63324;rural
63325;urbain
63326;rural
63327;urbain
63328;rural
63329;rural
63331;rural
63332;rural
63333;rural
63334;rural
63335;rural
63336;rural
63337;rural
63338;rural
63339;rural
63340;rural
63341;rural
63342;rural
63343;rural
63344;rural
63345;rural
63346;rural
63347;rural
63348;rural
63349;rural
63350;rural
63351;rural
63352;rural
63353;rural
63354;rural
63355;rural
63356;rural
63357;rural
63358;rural
63359;rural
63360;rural
63362;rural
63363;rural
63364;rural
63365;rural
63366;rural
63367;rural
63368;rural
63369;rural
63370;rural
63371;rural
63372;rural
63373;rural
63374;rural
63375;rural
63376;rural
63377;rural
63378;rural
63379;rural
63380;rural
63381;rural
63382;rural
63383;rural
63384;rural
63385;rural
63386;rural
63387;rural
63388;rural
63389;rural
63390;rural
63391;rural
63392;rural
63393;rural
63394;rural
63395;rural
63396;rural
63397;rural
63398;rural
63399;rural
63400;rural
63401;rural
63402;rural
63403;rural
63404;rural
63405;rural
63406;rural
63407;rural
63408;rural
63409;rural
63410;rural
63411;rural
63412;rural
63413;rural
63414;rural
63415;rural
63416;rural
63417;urbain
63418;rural
63419;rural
63420;rural
63421;rural
63422;rural
63423;rural
63424;rural
63425;rural
63426;rural
63427;rural
63428;rural
63429;rural
63430;urbain
63431;rural
63432;rural
63433;rural
63434;rural
63435;rural
63436;rural
63437;rural
63438;rural
63439;rural
63440;rural
63441;rural
63442;rural
63443;rural
63444;rural
63445;rural
63446;rural
63447;rural
63448;rural
63449;rural
63450;rural
63451;rural
63452;rural
63453;urbain
63454;rural
63455;urbain
63456;rural
63457;rural
63458;rural
63459;rural
63460;rural
63461;rural
63462;rural
63463;rural
63464;rural
63465;rural
63466;rural
63467;rural
63468;rural
63469;rural
63470;urbain
63471;rural
63472;rural
63473;urbain
64001;rural
64002;rural
64003;rural
64004;rural
64005;rural
64006;rural
64007;urbain
64008;rural
64009;rural
64010;rural
64011;rural
64012;rural
64013;rural
64014;rural
64015;rural
64016;rural
64017;rural
64018;rural
64019;rural
64021;rural
64022;rural
64023;urbain
64024;urbain
64025;rural
64026;rural
64027;rural
64028;rural
64029;rural
64031;rural
64032;rural
64033;rural
64034;rural
64035;urbain
64036;rural
64037;rural
64038;urbain
64039;rural
64040;rural
64041;urbain
64042;rural
64043;rural
64044;rural
64045;rural
64046;rural
64047;rural
64048;rural
64049;rural
64050;rural
64051;rural
64052;rural
64053;rural
64054;rural
64056;rural
64057;rural
64058;rural
64059;urbain
64060;rural
64061;rural
64062;rural
64063;rural
64064;rural
64065;urbain
64066;rural
64067;urbain
64068;rural
64069;rural
64070;rural
64071;rural
64072;rural
64073;rural
64074;rural
64075;rural
64077;rural
64078;rural
64079;rural
64080;urbain
64081;rural
64082;rural
64083;rural
64084;rural
64085;rural
64086;rural
64087;rural
64088;rural
64089;rural
64090;rural
64091;urbain
64092;rural
64093;rural
64094;rural
64095;rural
64096;rural
64097;rural
64098;rural
64099;rural
64100;urbain
64101;rural
64102;urbain
64103;rural
64104;rural
64105;rural
64106;rural
64107;rural
64108;rural
64109;urbain
64110;rural
64111;rural
64112;rural
64113;rural
64114;rural
64115;rural
64116;rural
64117;rural
64118;rural
64119;rural
64120;rural
64121;rural
64122;urbain
64123;rural
64124;rural
64125;urbain
64126;urbain
64127;rural
64128;rural
64129;urbain
64130;rural
64131;rural
64132;urbain
64133;urbain
64134;rural
64135;rural
64136;rural
64137;urbain
64138;urbain
64139;rural
64140;urbain
64141;rural
64142;rural
64143;rural
64144;rural
64145;rural
64146;rural
64147;rural
64148;rural
64149;rural
64150;rural
64151;rural
64152;rural
64153;rural
64154;rural
64155;rural
64156;rural
64157;rural
64158;rural
64159;rural
64160;urbain
64161;rural
64162;rural
64165;rural
64166;rural
64167;rural
64168;rural
64170;rural
64171;rural
64172;rural
64173;rural
64174;rural
64175;rural
64176;rural
64177;rural
64178;rural
64179;rural
64180;rural
64181;rural
64182;rural
64183;rural
64184;rural
64185;rural
64186;rural
64187;rural
64188;rural
64189;urbain
64190;rural
64191;urbain
64192;rural
64193;rural
64194;rural
64195;rural
64196;rural
64197;rural
64198;urbain
64199;rural
64200;rural
64201;rural
64202;rural
64203;rural
64204;rural
64205;rural
64206;rural
64207;rural
64208;rural
64209;rural
64210;rural
64211;rural
64212;rural
64213;rural
64214;rural
64215;rural
64216;rural
64217;rural
64218;rural
64219;rural
64220;urbain
64221;rural
64222;rural
64223;rural
64224;rural
64225;rural
64226;rural
64227;rural
64228;rural
64229;rural
64230;rural
64231;rural
64232;rural
64233;rural
64234;rural
64235;rural
64236;rural
64237;urbain
64238;rural
64239;rural
64240;rural
64241;rural
64242;rural
64243;rural
64244;rural
64245;urbain
64246;rural
64247;rural
64249;urbain
64250;rural
64251;rural
64252;urbain
64253;rural
64254;rural
64255;rural
64256;rural
64257;rural
64258;rural
64259;rural
64260;urbain
64261;rural
64262;rural
64263;rural
64264;rural
64265;rural
64266;rural
64267;rural
64268;rural
64269;urbain
64270;urbain
64271;rural
64272;rural
64273;rural
64274;rural
64275;rural
64276;rural
64277;rural
64279;urbain
64280;rural
64281;rural
64282;rural
64283;rural
64284;urbain
64285;rural
64286;rural
64287;rural
64288;rural
64289;rural
64290;rural
64291;rural
64292;rural
64293;rural
64294;rural
64295;rural
64296;rural
64297;rural
64298;rural
64299;rural
64300;rural
64301;rural
64302;rural
64303;rural
64304;urbain
64305;rural
64306;rural
64307;rural
64308;rural
64309;rural
64310;rural
64311;rural
64312;rural
64313;rural
64314;rural
64315;rural
64316;rural
64317;rural
64318;rural
64319;rural
64320;rural
64321;rural
64322;rural
64323;rural
64324;rural
64325;rural
64326;rural
64327;rural
64328;rural
64329;urbain
64330;rural
64331;rural
64332;rural
64334;rural
64335;urbain
64336;rural
64337;rural
64338;rural
64339;rural
64340;rural
64341;rural
64342;rural
64343;rural
64344;rural
64345;rural
64346;rural
64347;rural
64348;urbain
64349;rural
64350;rural
64351;rural
64352;rural
64353;rural
64354;rural
64355;rural
64356;rural
64357;rural
64358;rural
64359;rural
64360;rural
64361;rural
64362;rural
64363;rural
64364;rural
64365;rural
64366;rural
64367;rural
64368;rural
64369;rural
64370;rural
64371;rural
64372;rural
64373;urbain
64374;rural
64375;rural
64376;rural
64377;rural
64378;rural
64379;rural
64380;rural
64381;rural
64382;rural
64383;rural
64385;rural
64386;urbain
64387;rural
64388;rural
64389;rural
64390;rural
64391;rural
64392;rural
64393;rural
64394;rural
64395;rural
64396;rural
64397;rural
64398;rural
64399;urbain
64400;rural
64401;rural
64403;rural
64404;rural
64405;rural
64406;rural
64407;urbain
64408;rural
64409;rural
64410;urbain
64411;rural
64412;rural
64413;urbain
64414;rural
64415;rural
64416;rural
64417;urbain
64418;rural
64419;rural
64420;rural
64421;rural
64422;urbain
64423;rural
64424;rural
64425;rural
64426;rural
64427;rural
64428;rural
64429;rural
64430;urbain
64431;rural
64432;rural
64433;rural
64434;rural
64435;rural
64436;rural
64437;rural
64438;rural
64439;urbain
64440;rural
64441;rural
64442;rural
64443;rural
64444;rural
64445;urbain
64446;rural
64447;rural
64448;urbain
64449;rural
64450;rural
64451;rural
64452;rural
64453;rural
64454;rural
64455;rural
64456;rural
64457;rural
64458;rural
64459;rural
64460;urbain
64461;rural
64462;rural
64463;rural
64464;rural
64465;rural
64466;rural
64467;urbain
64468;rural
64469;rural
64470;rural
64471;rural
64472;rural
64473;rural
64474;rural
64475;rural
64476;rural
64477;rural
64478;rural
64479;rural
64480;rural
64481;rural
64482;rural
64483;urbain
64484;rural
64485;rural
64486;rural
64487;rural
64488;rural
64489;rural
64490;rural
64491;rural
64492;rural
64493;rural
64494;rural
64495;rural
64496;urbain
64498;rural
64499;rural
64500;rural
64501;rural
64502;rural
64503;rural
64504;rural
64505;rural
64506;rural
64507;rural
64508;rural
64509;rural
64510;rural
64511;urbain
64512;rural
64513;rural
64514;rural
64515;rural
64516;rural
64517;rural
64518;rural
64519;urbain
64520;rural
64521;rural
64522;rural
64523;rural
64524;rural
64525;rural
64526;rural
64527;rural
64528;rural
64529;rural
64530;rural
64531;rural
64532;rural
64533;rural
64534;rural
64535;rural
64536;rural
64537;rural
64538;rural
64539;rural
64540;rural
64542;rural
64543;rural
64544;rural
64545;rural
64546;rural
64547;urbain
64548;rural
64549;rural
64550;rural
64551;rural
64552;rural
64554;rural
64555;rural
64556;rural
64557;rural
64558;rural
64559;rural
64560;rural
65001;rural
65002;rural
65003;rural
65004;rural
65005;rural
65006;rural
65007;rural
65009;rural
65010;rural
65011;rural
65012;rural
65013;rural
65014;rural
65015;rural
65016;rural
65017;rural
65018;rural
65019;rural
65020;rural
65021;rural
65022;rural
65023;rural
65024;rural
65025;rural
65026;rural
65028;rural
65029;rural
65031;rural
65032;rural
65033;rural
65034;rural
65035;rural
65036;rural
65037;rural
65038;rural
65039;rural
65040;rural
65041;rural
65042;rural
65043;rural
65044;rural
65045;rural
65046;rural
65047;urbain
65048;rural
65049;rural
65050;rural
65051;rural
65052;rural
65053;rural
65054;rural
65055;rural
65056;rural
65057;rural
65058;rural
65059;urbain
65060;rural
65061;rural
65062;urbain
65063;rural
65064;rural
65065;rural
65066;rural
65067;rural
65068;rural
65069;rural
65070;rural
65071;rural
65072;rural
65073;rural
65074;rural
65075;rural
65076;rural
65077;rural
65078;rural
65079;rural
65080;urbain
65081;rural
65082;rural
65083;urbain
65084;rural
65085;rural
65086;rural
65087;rural
65088;rural
65089;rural
65090;rural
65091;rural
65092;rural
65093;rural
65094;rural
65095;rural
65096;rural
65097;rural
65098;rural
65099;rural
65100;urbain
65101;rural
65102;rural
65103;rural
65104;rural
65105;rural
65106;rural
65107;rural
65108;rural
65109;rural
65110;rural
65111;rural
65112;rural
65113;rural
65114;rural
65115;rural
65116;rural
65117;rural
65118;rural
65119;rural
65120;rural
65121;rural
65123;rural
65124;rural
65125;rural
65126;rural
65127;rural
65128;rural
65129;rural
65130;rural
65131;rural
65132;rural
65133;rural
65134;rural
65135;rural
65136;rural
65137;rural
65138;rural
65139;rural
65140;rural
65141;rural
65142;rural
65143;rural
65144;rural
65145;rural
65146;rural
65147;rural
65148;rural
65149;rural
65150;rural
65151;rural
65153;rural
65154;rural
65155;rural
65156;rural
65157;rural
65158;rural
65159;rural
65160;rural
65161;rural
65162;rural
65163;rural
65164;rural
65165;rural
65166;rural
65167;rural
65168;rural
65169;rural
65170;rural
65171;rural
65172;rural
65173;rural
65174;rural
65175;rural
65176;rural
65177;rural
65178;rural
65179;rural
65180;rural
65181;rural
65182;rural
65183;rural
65184;rural
65185;rural
65186;rural
65187;rural
65189;rural
65190;rural
65191;rural
65192;rural
65193;rural
65194;rural
65195;rural
65196;rural
65197;rural
65198;rural
65199;rural
65200;rural
65201;rural
65202;rural
65203;rural
65204;rural
65205;rural
65206;rural
65207;rural
65208;rural
65209;rural
65210;rural
65211;rural
65212;rural
65213;rural
65214;rural
65215;rural
65216;rural
65217;rural
65218;rural
65219;rural
65220;rural
65221;rural
65222;rural
65223;urbain
65224;rural
65225;rural
65226;rural
65228;rural
65229;rural
65230;rural
65231;rural
65232;rural
65233;rural
65234;rural
65235;urbain
65236;rural
65237;rural
65238;rural
65239;rural
65240;rural
65241;rural
65242;rural
65243;rural
65244;rural
65245;rural
65247;rural
65248;rural
65249;rural
65250;rural
65251;urbain
65252;rural
65253;rural
65254;rural
65255;rural
65256;rural
65257;urbain
65258;urbain
65259;rural
65260;rural
65261;rural
65262;rural
65263;rural
65264;rural
65265;rural
65266;rural
65267;rural
65268;rural
65269;rural
65270;rural
65271;rural
65272;rural
65273;rural
65274;rural
65275;rural
65276;rural
65277;rural
65278;rural
65279;rural
65280;rural
65281;rural
65282;rural
65283;rural
65284;urbain
65285;rural
65286;urbain
65287;rural
65288;rural
65289;rural
65290;rural
65291;rural
65292;rural
65293;rural
65294;rural
65295;rural
65296;rural
65297;rural
65298;rural
65299;rural
65300;rural
65301;rural
65303;rural
65304;rural
65305;rural
65306;rural
65307;rural
65308;rural
65309;rural
65310;rural
65311;rural
65313;urbain
65314;rural
65315;rural
65316;rural
65317;rural
65318;rural
65319;rural
65320;rural
65321;rural
65322;rural
65323;rural
65324;rural
65325;rural
65326;rural
65327;rural
65328;rural
65329;rural
65330;rural
65331;urbain
65332;rural
65333;rural
65334;rural
65335;rural
65336;rural
65337;rural
65338;rural
65339;rural
65340;urbain
65341;rural
65342;rural
65343;rural
65344;rural
65345;rural
65346;rural
65347;rural
65348;rural
65349;rural
65350;rural
65351;rural
65352;rural
65353;rural
65354;rural
65355;rural
65356;rural
65357;rural
65358;rural
65359;rural
65360;rural
65361;rural
65362;rural
65363;rural
65364;rural
65366;rural
65367;rural
65368;rural
65369;rural
65370;rural
65371;rural
65372;rural
65373;rural
65374;rural
65375;rural
65376;rural
65377;rural
65378;rural
65379;rural
65380;rural
65381;rural
65382;rural
65383;rural
65384;rural
65385;rural
65386;rural
65387;rural
65388;rural
65389;rural
65390;rural
65391;rural
65392;rural
65393;rural
65394;rural
65395;rural
65396;rural
65397;rural
65398;rural
65399;rural
65400;rural
65401;urbain
65402;rural
65403;rural
65404;rural
65405;rural
65406;rural
65407;rural
65408;rural
65409;rural
65410;rural
65411;rural
65412;rural
65413;rural
65414;rural
65415;rural
65416;rural
65417;urbain
65418;rural
65419;rural
65420;rural
65421;rural
65422;rural
65423;rural
65424;rural
65425;rural
65426;rural
65427;rural
65428;rural
65429;rural
65430;rural
65431;rural
65432;rural
65433;urbain
65435;rural
65436;rural
65437;rural
65438;rural
65439;rural
65440;urbain
65441;rural
65442;rural
65443;rural
65444;rural
65445;rural
65446;rural
65447;rural
65448;rural
65449;rural
65450;rural
65451;rural
65452;rural
65453;rural
65454;rural
65455;rural
65456;rural
65457;rural
65458;rural
65459;rural
65460;rural
65461;rural
65462;rural
65463;rural
65464;rural
65465;rural
65466;rural
65467;rural
65468;rural
65469;rural
65470;rural
65471;rural
65472;rural
65473;rural
65474;rural
65475;rural
65476;rural
65477;rural
65478;rural
65479;rural
65481;rural
65482;rural
66001;rural
66002;urbain
66003;urbain
66004;rural
66005;rural
66006;rural
66007;rural
66008;urbain
66009;urbain
66010;rural
66011;rural
66012;urbain
66013;rural
66014;rural
66015;rural
66016;rural
66017;rural
66018;rural
66019;rural
66020;rural
66021;urbain
66022;rural
66023;rural
66024;rural
66025;urbain
66026;rural
66027;rural
66028;urbain
66029;rural
66030;rural
66032;rural
66033;rural
66034;rural
66035;rural
66036;rural
66037;urbain
66038;urbain
66039;rural
66040;rural
66041;rural
66042;rural
66043;rural
66044;rural
66045;urbain
66046;rural
66047;rural
66048;rural
66049;urbain
66050;urbain
66051;rural
66052;urbain
66053;urbain
66054;rural
66055;rural
66056;rural
66057;rural
66058;urbain
66059;urbain
66060;rural
66061;rural
66062;rural
66063;rural
66064;rural
66065;urbain
66066;rural
66067;rural
66068;rural
66069;urbain
66070;rural
66071;rural
66072;rural
66073;rural
66074;rural
66075;rural
66076;rural
66077;rural
66078;rural
66079;rural
66080;rural
66081;rural
66082;rural
66083;rural
66084;rural
66085;rural
66086;rural
66088;rural
66089;rural
66090;rural
66091;rural
66092;rural
66093;urbain
66094;urbain
66095;rural
66096;rural
66097;rural
66098;rural
66099;rural
66100;rural
66101;urbain
66102;rural
66103;rural
66104;rural
66105;rural
66106;rural
66107;rural
66108;urbain
66109;rural
66111;rural
66112;rural
66113;rural
66114;urbain
66115;rural
66116;rural
66117;rural
66118;rural
66119;rural
66120;rural
66121;urbain
66122;rural
66123;rural
66124;rural
66125;rural
66126;rural
66127;rural
66128;rural
66129;rural
66130;rural
66132;rural
66133;rural
66134;rural
66136;urbain
66137;rural
66138;urbain
66139;rural
66140;urbain
66141;urbain
66142;rural
66143;rural
66144;urbain
66145;rural
66146;rural
66147;rural
66148;urbain
66149;urbain
66150;rural
66151;rural
66152;rural
66153;rural
66154;rural
66155;rural
66156;rural
66157;rural
66158;rural
66159;rural
66160;rural
66161;urbain
66162;rural
66164;urbain
66165;rural
66166;rural
66167;rural
66168;rural
66169;rural
66170;rural
66171;urbain
66172;urbain
66173;urbain
66174;urbain
66175;urbain
66176;urbain
66177;rural
66178;rural
66179;rural
66180;urbain
66181;rural
66182;rural
66183;rural
66184;rural
66185;rural
66186;rural
66187;rural
66188;rural
66189;urbain
66190;rural
66191;rural
66192;rural
66193;rural
66194;rural
66195;urbain
66196;urbain
66197;rural
66198;rural
66199;rural
66201;rural
66202;rural
66203;rural
66204;rural
66205;rural
66206;rural
66207;urbain
66208;urbain
66209;rural
66210;urbain
66211;rural
66212;urbain
66213;urbain
66214;rural
66215;rural
66216;rural
66217;rural
66218;rural
66219;rural
66220;rural
66221;rural
66222;rural
66223;rural
66224;rural
66225;urbain
66226;rural
66227;rural
66228;urbain
66230;rural
66231;rural
66232;rural
66233;rural
66234;rural
67001;urbain
67002;rural
67003;rural
67004;rural
67005;rural
67006;rural
67008;urbain
67009;rural
67010;urbain
67011;rural
67012;rural
67013;rural
67016;urbain
67017;rural
67018;rural
67019;rural
67020;urbain
67021;urbain
67022;rural
67023;urbain
67025;rural
67026;rural
67027;rural
67028;urbain
67029;rural
67030;rural
67031;urbain
67032;rural
67033;rural
67034;rural
67035;rural
67036;rural
67037;rural
67038;rural
67039;rural
67040;rural
67043;urbain
67044;rural
67045;urbain
67046;urbain
67047;rural
67048;urbain
67049;rural
67050;rural
67051;rural
67052;urbain
67053;rural
67054;rural
67055;rural
67056;rural
67057;rural
67058;rural
67059;rural
67060;urbain
67061;rural
67062;rural
67063;rural
67065;urbain
67066;urbain
67067;urbain
67068;rural
67069;rural
67070;rural
67071;rural
67072;rural
67073;urbain
67074;rural
67075;rural
67076;rural
67077;rural
67078;rural
67079;rural
67080;urbain
67081;rural
67082;rural
67083;rural
67084;rural
67085;rural
67086;rural
67087;rural
67088;rural
67089;rural
67090;rural
67091;rural
67092;rural
67093;rural
67094;rural
67095;rural
67096;rural
67097;urbain
67098;urbain
67099;rural
67100;rural
67101;urbain
67102;rural
67103;rural
67104;rural
67105;rural
67106;urbain
67107;rural
67108;rural
67109;rural
67110;rural
67111;rural
67112;rural
67113;rural
67115;rural
67116;rural
67117;urbain
67118;urbain
67119;urbain
67120;urbain
67121;rural
67122;rural
67123;rural
67124;rural
67125;rural
67126;rural
67127;urbain
67128;urbain
67129;rural
67130;urbain
67131;urbain
67132;rural
67133;rural
67134;rural
67135;rural
67136;rural
67137;urbain
67138;urbain
67139;rural
67140;rural
67141;rural
67142;rural
67143;rural
67144;rural
67145;rural
67146;rural
67147;rural
67148;rural
67149;rural
67150;rural
67151;urbain
67152;rural
67153;rural
67154;rural
67155;urbain
67156;rural
67159;rural
67160;rural
67161;urbain
67162;rural
67163;rural
67164;rural
67165;rural
67166;rural
67167;rural
67168;urbain
67169;urbain
67172;rural
67173;urbain
67174;urbain
67176;urbain
67177;rural
67178;rural
67179;urbain
67180;urbain
67181;rural
67182;urbain
67183;rural
67184;rural
67185;rural
67186;rural
67187;rural
67188;urbain
67189;urbain
67190;rural
67191;rural
67192;rural
67194;urbain
67195;rural
67196;rural
67197;rural
67198;rural
67199;rural
67200;rural
67201;rural
67202;urbain
67203;rural
67204;urbain
67205;urbain
67206;rural
67208;rural
67209;rural
67210;rural
67212;urbain
67213;rural
67214;rural
67215;rural
67216;urbain
67217;rural
67218;urbain
67220;rural
67221;rural
67222;rural
67223;rural
67225;rural
67226;rural
67227;rural
67228;rural
67229;rural
67230;urbain
67231;rural
67232;rural
67233;urbain
67234;rural
67235;rural
67236;rural
67237;urbain
67238;urbain
67239;urbain
67240;rural
67241;rural
67242;rural
67244;rural
67245;rural
67246;rural
67247;urbain
67248;rural
67249;rural
67250;rural
67252;urbain
67253;urbain
67254;rural
67255;rural
67256;urbain
67257;rural
67258;rural
67259;rural
67260;rural
67261;rural
67263;rural
67264;rural
67265;rural
67266;rural
67267;urbain
67268;urbain
67269;rural
67270;rural
67271;rural
67272;rural
67273;rural
67274;rural
67275;rural
67276;rural
67277;rural
67278;rural
67279;rural
67280;rural
67281;rural
67282;urbain
67283;rural
67285;urbain
67286;rural
67287;rural
67288;rural
67289;rural
67290;rural
67291;rural
67292;rural
67293;rural
67295;urbain
67296;urbain
67298;rural
67299;rural
67300;urbain
67301;rural
67302;urbain
67303;rural
67304;rural
67305;rural
67306;rural
67307;rural
67308;rural
67309;urbain
67310;rural
67311;rural
67312;urbain
67313;urbain
67314;rural
67315;rural
67317;rural
67319;rural
67320;rural
67321;rural
67322;rural
67324;rural
67325;rural
67326;urbain
67327;rural
67328;urbain
67329;urbain
67330;rural
67331;rural
67333;rural
67334;rural
67335;urbain
67336;rural
67337;rural
67338;rural
67339;rural
67340;rural
67341;rural
67342;rural
67343;urbain
67344;rural
67345;urbain
67346;rural
67347;rural
67348;urbain
67349;rural
67350;urbain
67351;rural
67352;rural
67353;rural
67354;rural
67355;rural
67356;urbain
67358;rural
67359;urbain
67360;rural
67361;rural
67362;urbain
67363;rural
67364;urbain
67365;urbain
67366;urbain
67367;urbain
67368;rural
67369;rural
67370;rural
67371;rural
67372;urbain
67373;rural
67375;urbain
67377;rural
67378;urbain
67379;rural
67380;rural
67381;rural
67382;rural
67383;rural
67384;rural
67385;rural
67386;rural
67387;rural
67388;urbain
67389;urbain
67391;rural
67392;rural
67394;rural
67395;rural
67396;rural
67397;rural
67398;rural
67400;rural
67401;rural
67403;rural
67404;rural
67405;rural
67406;rural
67407;rural
67408;rural
67409;rural
67410;rural
67411;urbain
67412;rural
67413;rural
67414;urbain
67415;rural
67416;rural
67417;rural
67418;rural
67420;rural
67421;rural
67422;rural
67423;rural
67424;rural
67425;urbain
67426;rural
67427;rural
67428;rural
67429;rural
67430;rural
67432;rural
67433;urbain
67434;rural
67435;rural
67436;rural
67437;urbain
67438;urbain
67440;rural
67441;rural
67442;rural
67443;rural
67444;rural
67445;rural
67446;rural
67447;urbain
67448;urbain
67449;rural
67450;rural
67451;rural
67452;rural
67453;rural
67454;rural
67455;rural
67456;rural
67458;urbain
67459;rural
67460;urbain
67461;rural
67462;urbain
67463;rural
67464;rural
67465;rural
67466;rural
67467;rural
67468;rural
67470;rural
67471;urbain
67472;rural
67473;urbain
67474;rural
67475;rural
67476;rural
67477;rural
67478;rural
67479;rural
67480;urbain
67481;rural
67482;urbain
67483;rural
67484;rural
67485;rural
67486;rural
67487;rural
67488;rural
67489;rural
67490;rural
67491;rural
67492;rural
67493;rural
67494;rural
67495;rural
67497;rural
67498;rural
67499;rural
67500;rural
67501;urbain
67502;rural
67503;rural
67504;rural
67505;rural
67506;urbain
67507;rural
67508;rural
67509;rural
67510;rural
67511;rural
67513;rural
67514;rural
67515;rural
67516;rural
67517;urbain
67519;urbain
67520;urbain
67521;rural
67522;rural
67523;urbain
67524;rural
67525;rural
67526;urbain
67527;rural
67528;rural
67529;urbain
67530;rural
67531;rural
67532;rural
67534;rural
67535;rural
67536;rural
67537;rural
67538;rural
67539;rural
67540;urbain
67541;rural
67542;rural
67543;rural
67544;urbain
67545;rural
67546;rural
67547;rural
67548;rural
67550;rural
67551;urbain
67552;rural
67553;rural
67554;urbain
67555;rural
67556;rural
67557;rural
67558;rural
67559;rural
68001;urbain
68002;rural
68004;urbain
68005;urbain
68006;rural
68007;urbain
68008;rural
68009;rural
68010;rural
68011;rural
68012;rural
68013;rural
68014;rural
68015;urbain
68016;rural
68017;rural
68018;rural
68019;rural
68020;rural
68021;urbain
68022;urbain
68023;urbain
68024;rural
68025;rural
68026;urbain
68027;rural
68028;urbain
68029;urbain
68030;rural
68032;rural
68033;rural
68034;rural
68035;rural
68036;rural
68037;rural
68038;urbain
68039;rural
68040;urbain
68041;rural
68042;rural
68043;rural
68044;rural
68045;rural
68046;rural
68049;rural
68050;rural
68051;rural
68052;rural
68054;rural
68055;rural
68056;urbain
68057;rural
68058;urbain
68059;rural
68060;rural
68061;urbain
68062;urbain
68063;urbain
68064;rural
68065;rural
68066;urbain
68067;rural
68068;rural
68069;rural
68071;rural
68072;rural
68073;rural
68074;rural
68075;rural
68076;urbain
68077;rural
68078;urbain
68079;rural
68080;rural
68081;rural
68082;urbain
68083;rural
68084;urbain
68085;rural
68086;rural
68087;rural
68088;rural
68089;urbain
68090;rural
68091;rural
68092;rural
68093;urbain
68094;rural
68095;urbain
68096;rural
68097;rural
68098;rural
68099;urbain
68100;rural
68101;rural
68102;urbain
68103;urbain
68104;rural
68105;rural
68106;rural
68107;rural
68109;rural
68110;rural
68111;rural
68112;urbain
68113;rural
68114;rural
68115;rural
68116;rural
68117;rural
68118;urbain
68119;rural
68120;urbain
68121;urbain
68122;rural
68123;urbain
68124;rural
68125;rural
68126;urbain
68127;rural
68128;rural
68129;rural
68130;rural
68131;rural
68132;rural
68134;rural
68135;urbain
68136;rural
68137;rural
68138;rural
68139;rural
68140;rural
68141;urbain
68142;rural
68143;urbain
68144;rural
68145;urbain
68146;rural
68147;urbain
68148;rural
68149;urbain
68150;urbain
68151;urbain
68152;rural
68153;rural
68154;urbain
68155;urbain
68156;urbain
68157;rural
68158;rural
68159;urbain
68160;rural
68161;urbain
68162;urbain
68163;rural
68165;rural
68166;urbain
68167;rural
68168;rural
68169;rural
68170;rural
68171;rural
68172;rural
68173;rural
68174;rural
68175;rural
68176;rural
68177;rural
68178;rural
68179;rural
68180;urbain
68181;rural
68182;urbain
68183;rural
68184;rural
68185;rural
68186;rural
68187;rural
68188;rural
68189;rural
68190;rural
68191;rural
68192;rural
68193;rural
68194;rural
68195;urbain
68196;rural
68197;rural
68198;rural
68199;urbain
68200;rural
68201;rural
68202;rural
68203;rural
68204;rural
68205;rural
68207;rural
68208;rural
68209;urbain
68210;rural
68211;rural
68212;rural
68213;urbain
68214;rural
68215;rural
68216;rural
68217;urbain
68218;urbain
68219;rural
68221;rural
68222;rural
68223;rural
68224;urbain
68225;rural
68226;urbain
68227;urbain
68228;rural
68229;rural
68230;rural
68231;urbain
68232;rural
68234;rural
68235;rural
68237;rural
68238;rural
68239;rural
68240;rural
68241;rural
68242;rural
68243;rural
68244;urbain
68245;rural
68246;urbain
68247;urbain
68248;rural
68249;rural
68250;rural
68251;rural
68252;rural
68253;rural
68254;rural
68255;rural
68256;urbain
68257;rural
68258;urbain
68259;rural
68260;rural
68261;rural
68262;urbain
68263;rural
68264;rural
68265;rural
68266;rural
68267;rural
68268;rural
68269;urbain
68270;urbain
68271;urbain
68273;rural
68274;rural
68275;rural
68276;rural
68277;urbain
68278;urbain
68279;urbain
68280;urbain
68281;rural
68282;rural
68283;rural
68284;rural
68285;rural
68286;urbain
68287;rural
68288;rural
68289;urbain
68290;rural
68291;rural
68292;urbain
68293;rural
68294;rural
68295;rural
68296;urbain
68297;urbain
68298;rural
68299;rural
68300;urbain
68301;rural
68302;rural
68303;rural
68304;rural
68305;rural
68306;rural
68307;rural
68308;rural
68309;urbain
68311;rural
68312;rural
68313;rural
68315;urbain
68316;rural
68317;urbain
68318;rural
68320;rural
68321;urbain
68322;urbain
68323;rural
68324;rural
68325;rural
68326;rural
68327;rural
68328;urbain
68329;urbain
68330;rural
68331;urbain
68332;rural
68333;rural
68334;urbain
68335;rural
68336;rural
68337;rural
68338;urbain
68340;rural
68341;urbain
68342;urbain
68343;urbain
68344;rural
68345;urbain
68347;rural
68348;urbain
68349;urbain
68350;urbain
68351;urbain
68352;urbain
68353;rural
68354;rural
68355;rural
68356;rural
68357;urbain
68358;rural
68359;urbain
68360;rural
68361;rural
68362;urbain
68363;rural
68364;rural
68365;urbain
68366;urbain
68367;rural
68368;rural
68370;rural
68371;rural
68372;urbain
68373;rural
68374;urbain
68375;urbain
68376;urbain
68377;rural
68378;rural
68379;rural
68380;rural
68381;urbain
68382;rural
68383;urbain
68384;urbain
68385;rural
68386;urbain
69001;rural
69002;rural
69003;urbain
69004;rural
69005;urbain
69006;rural
69007;rural
69008;rural
69009;urbain
69010;urbain
69012;rural
69013;rural
69014;rural
69016;rural
69017;rural
69018;rural
69019;urbain
69020;urbain
69021;rural
69022;rural
69023;rural
69024;rural
69026;rural
69027;urbain
69028;urbain
69029;urbain
69030;rural
69031;rural
69032;rural
69033;urbain
69034;urbain
69035;rural
69036;rural
69037;rural
69038;rural
69039;rural
69040;urbain
69042;rural
69043;urbain
69044;urbain
69045;rural
69046;urbain
69047;rural
69049;urbain
69050;urbain
69051;urbain
69052;urbain
69053;rural
69054;rural
69055;urbain
69056;rural
69057;rural
69058;rural
69059;urbain
69060;rural
69061;rural
69062;rural
69063;urbain
69064;urbain
69065;rural
69066;rural
69067;rural
69068;urbain
69069;urbain
69070;rural
69071;urbain
69072;urbain
69074;rural
69075;rural
69076;urbain
69077;rural
69078;rural
69080;rural
69081;urbain
69082;rural
69083;urbain
69084;rural
69085;urbain
69086;urbain
69087;urbain
69088;urbain
69089;urbain
69090;rural
69091;urbain
69092;urbain
69093;rural
69094;urbain
69095;rural
69096;urbain
69097;rural
69098;rural
69099;rural
69100;urbain
69102;rural
69103;rural
69104;rural
69105;rural
69106;urbain
69107;rural
69108;rural
69109;rural
69110;rural
69111;rural
69112;urbain
69113;rural
69114;urbain
69115;urbain
69116;urbain
69117;urbain
69118;urbain
69119;rural
69120;rural
69121;urbain
69122;urbain
69123;urbain
69124;rural
69125;urbain
69126;urbain
69127;urbain
69130;rural
69131;rural
69132;rural
69133;urbain
69134;rural
69135;rural
69136;urbain
69137;rural
69138;rural
69139;rural
69140;urbain
69141;urbain
69142;urbain
69143;urbain
69145;rural
69148;urbain
69149;urbain
69151;rural
69153;urbain
69154;urbain
69155;rural
69156;urbain
69157;rural
69160;rural
69161;rural
69162;rural
69163;rural
69164;rural
69165;rural
69166;rural
69167;rural
69168;urbain
69169;rural
69170;rural
69171;urbain
69172;rural
69173;rural
69174;rural
69175;urbain
69176;urbain
69177;urbain
69178;rural
69179;rural
69180;rural
69181;rural
69182;rural
69183;rural
69184;rural
69186;rural
69187;rural
69188;rural
69189;urbain
69190;urbain
69191;urbain
69192;rural
69193;urbain
69194;urbain
69196;rural
69197;rural
69198;rural
69199;urbain
69200;rural
69201;rural
69202;urbain
69203;rural
69204;urbain
69205;urbain
69206;rural
69207;urbain
69208;urbain
69209;rural
69212;urbain
69214;rural
69215;rural
69216;rural
69217;rural
69218;rural
69219;rural
69220;rural
69225;rural
69227;rural
69228;rural
69229;rural
69230;rural
69231;urbain
69233;urbain
69234;rural
69235;urbain
69236;rural
69238;rural
69239;rural
69240;rural
69241;rural
69242;rural
69243;urbain
69244;urbain
69245;rural
69246;rural
69248;rural
69249;rural
69250;urbain
69252;rural
69253;rural
69254;rural
69255;urbain
69256;urbain
69257;rural
69258;rural
69259;urbain
69260;urbain
69261;rural
69263;rural
69264;urbain
69265;rural
69266;urbain
69267;rural
69268;urbain
69269;rural
69270;urbain
69271;urbain
69272;urbain
69273;urbain
69275;urbain
69276;urbain
69277;urbain
69278;urbain
69279;urbain
69280;rural
69281;urbain
69282;urbain
69283;urbain
69284;urbain
69285;rural
69286;urbain
69287;urbain
69288;urbain
69289;urbain
69290;urbain
69291;urbain
69292;urbain
69293;urbain
69294;urbain
69295;urbain
69296;urbain
69297;urbain
69298;urbain
69299;urbain
70001;rural
70002;rural
70003;rural
70004;rural
70005;rural
70006;rural
70007;rural
70008;rural
70009;rural
70010;rural
70011;rural
70012;rural
70013;rural
70014;rural
70015;rural
70016;rural
70017;rural
70018;rural
70019;rural
70020;rural
70021;rural
70022;rural
70023;rural
70024;rural
70025;rural
70026;urbain
70027;rural
70028;rural
70029;rural
70030;rural
70031;rural
70032;rural
70035;rural
70036;rural
70037;rural
70038;rural
70039;rural
70040;rural
70041;rural
70042;rural
70043;rural
70044;rural
70045;rural
70046;rural
70047;rural
70048;rural
70049;rural
70050;rural
70051;rural
70052;rural
70053;rural
70054;rural
70055;rural
70056;rural
70057;rural
70058;rural
70059;rural
70060;rural
70061;rural
70062;rural
70063;rural
70064;rural
70065;rural
70066;rural
70067;rural
70069;rural
70070;rural
70071;rural
70072;rural
70074;rural
70075;rural
70076;rural
70077;rural
70078;rural
70079;rural
70080;rural
70081;rural
70082;rural
70083;rural
70084;rural
70085;rural
70086;rural
70087;rural
70088;rural
70089;rural
70090;rural
70091;rural
70092;rural
70093;rural
70094;rural
70095;rural
70096;urbain
70097;rural
70098;rural
70099;rural
70100;rural
70101;rural
70102;rural
70103;rural
70104;rural
70105;rural
70106;rural
70107;rural
70109;rural
70111;rural
70112;rural
70113;rural
70114;rural
70115;rural
70116;rural
70117;rural
70118;rural
70119;rural
70120;rural
70121;rural
70122;rural
70124;rural
70125;rural
70126;rural
70127;rural
70128;rural
70129;rural
70130;rural
70132;rural
70133;rural
70134;rural
70135;rural
70136;rural
70137;rural
70138;rural
70140;rural
70141;rural
70142;rural
70143;rural
70144;rural
70145;rural
70146;rural
70147;rural
70148;rural
70149;rural
70150;rural
70151;rural
70152;rural
70153;rural
70154;rural
70155;rural
70156;rural
70157;rural
70158;rural
70159;rural
70160;rural
70162;rural
70163;rural
70164;rural
70165;rural
70166;rural
70167;rural
70168;rural
70169;rural
70170;rural
70171;rural
70172;rural
70174;rural
70175;rural
70176;rural
70177;rural
70178;rural
70179;rural
70180;rural
70181;rural
70182;rural
70183;rural
70184;rural
70185;rural
70186;rural
70187;rural
70188;rural
70189;rural
70190;rural
70192;rural
70193;rural
70194;rural
70195;rural
70196;rural
70197;rural
70198;rural
70199;rural
70200;rural
70201;rural
70202;rural
70203;rural
70204;rural
70205;rural
70206;rural
70207;urbain
70208;rural
70210;rural
70211;rural
70213;rural
70214;rural
70215;rural
70216;rural
70217;rural
70218;rural
70219;rural
70220;rural
70221;rural
70222;rural
70224;rural
70225;rural
70226;rural
70227;rural
70228;rural
70229;rural
70230;rural
70231;rural
70232;rural
70233;rural
70234;rural
70235;rural
70236;rural
70237;rural
70238;rural
70239;rural
70240;rural
70242;rural
70243;rural
70244;rural
70245;rural
70247;rural
70248;rural
70249;rural
70250;rural
70251;rural
70252;rural
70253;rural
70254;rural
70255;rural
70256;rural
70257;rural
70258;urbain
70259;rural
70260;rural
70261;urbain
70262;rural
70263;rural
70265;rural
70267;rural
70268;rural
70269;rural
70271;rural
70272;rural
70273;rural
70274;rural
70275;rural
70276;rural
70277;rural
70278;rural
70279;urbain
70280;urbain
70282;rural
70283;rural
70284;rural
70285;urbain
70286;rural
70287;rural
70288;rural
70289;rural
70290;rural
70291;rural
70292;rural
70293;rural
70294;rural
70295;rural
70296;rural
70297;rural
70298;rural
70299;rural
70301;rural
70302;rural
70303;rural
70304;rural
70305;rural
70306;rural
70307;rural
70308;rural
70309;rural
70310;urbain
70311;urbain
70312;rural
70313;rural
70314;rural
70315;rural
70316;rural
70317;rural
70318;rural
70319;rural
70320;rural
70321;urbain
70322;rural
70323;rural
70324;rural
70325;rural
70326;rural
70327;rural
70328;rural
70329;rural
70330;rural
70331;rural
70332;rural
70334;rural
70335;rural
70336;rural
70337;rural
70338;rural
70339;rural
70340;rural
70341;rural
70342;rural
70343;rural
70344;rural
70347;rural
70348;rural
70349;rural
70350;rural
70351;rural
70352;rural
70353;rural
70355;rural
70356;rural
70357;rural
70358;rural
70359;rural
70360;rural
70361;rural
70362;rural
70363;rural
70364;rural
70366;rural
70367;rural
70368;rural
70369;rural
70371;rural
70372;rural
70373;rural
70374;rural
70376;rural
70378;urbain
70380;rural
70381;rural
70383;rural
70384;rural
70385;rural
70386;rural
70387;rural
70388;urbain
70389;rural
70390;rural
70392;rural
70393;rural
70394;rural
70395;rural
70396;rural
70397;rural
70398;rural
70399;rural
70400;rural
70401;rural
70402;rural
70403;rural
70404;rural
70405;rural
70406;rural
70407;rural
70408;rural
70409;rural
70410;rural
70411;rural
70412;rural
70413;rural
70414;rural
70415;rural
70416;rural
70417;rural
70418;rural
70419;rural
70420;rural
70421;rural
70422;rural
70423;rural
70425;rural
70426;rural
70427;rural
70428;rural
70429;rural
70430;rural
70431;rural
70432;rural
70433;urbain
70435;rural
70436;rural
70437;rural
70438;rural
70439;rural
70440;rural
70441;rural
70442;rural
70443;rural
70444;rural
70445;rural
70446;rural
70447;rural
70448;rural
70449;rural
70450;rural
70451;rural
70452;rural
70453;rural
70454;rural
70455;rural
70456;rural
70457;rural
70459;rural
70460;rural
70461;rural
70462;rural
70463;rural
70464;rural
70466;rural
70467;rural
70468;rural
70469;rural
70470;rural
70471;rural
70472;rural
70473;urbain
70474;rural
70476;rural
70477;rural
70478;rural
70479;rural
70480;rural
70481;rural
70482;rural
70483;rural
70484;rural
70485;rural
70486;rural
70487;rural
70488;rural
70489;rural
70490;rural
70491;rural
70492;rural
70493;rural
70494;rural
70496;rural
70498;rural
70499;rural
70500;rural
70501;rural
70502;rural
70503;rural
70504;rural
70505;rural
70506;rural
70507;rural
70509;rural
70510;rural
70511;rural
70512;rural
70513;urbain
70514;rural
70515;rural
70516;rural
70517;rural
70518;rural
70519;rural
70520;rural
70521;rural
70522;rural
70523;rural
70524;rural
70525;rural
70526;rural
70527;rural
70528;rural
70529;urbain
70531;rural
70532;rural
70533;rural
70534;rural
70535;rural
70536;rural
70537;rural
70538;rural
70539;rural
70540;rural
70541;rural
70542;rural
70544;rural
70545;rural
70546;rural
70547;rural
70548;rural
70549;rural
70550;urbain
70552;rural
70553;rural
70554;rural
70555;rural
70558;rural
70559;rural
70560;rural
70561;rural
70562;rural
70563;rural
70564;rural
70565;rural
70566;rural
70567;rural
70568;rural
70569;rural
70571;rural
70572;rural
70573;rural
70574;rural
70575;rural
70576;rural
70577;rural
70578;rural
70579;rural
70580;rural
70581;rural
70582;rural
70583;rural
71001;rural
71002;rural
71003;rural
71004;rural
71005;rural
71006;rural
71007;rural
71008;rural
71009;rural
71010;rural
71011;rural
71012;rural
71013;rural
71014;urbain
71015;rural
71016;rural
71017;rural
71018;rural
71019;rural
71020;rural
71021;rural
71022;rural
71023;rural
71024;rural
71025;rural
71026;rural
71027;rural
71028;rural
71029;rural
71030;rural
71031;rural
71032;rural
71033;rural
71034;rural
71035;rural
71036;rural
71037;rural
71038;rural
71039;rural
71040;urbain
71041;rural
71042;rural
71043;rural
71044;rural
71045;rural
71046;rural
71047;rural
71048;rural
71050;rural
71051;rural
71052;rural
71054;rural
71056;rural
71057;rural
71058;rural
71059;urbain
71060;rural
71061;rural
71062;rural
71063;rural
71064;rural
71065;rural
71066;rural
71067;rural
71068;rural
71069;rural
71070;rural
71071;rural
71072;rural
71073;urbain
71074;rural
71075;rural
71076;urbain
71077;rural
71078;rural
71079;rural
71080;rural
71081;urbain
71082;rural
71084;rural
71085;rural
71086;rural
71087;rural
71088;rural
71089;rural
71090;rural
71091;rural
71092;rural
71093;rural
71094;rural
71095;rural
71096;rural
71097;rural
71098;rural
71099;rural
71100;rural
71101;rural
71102;rural
71103;rural
71104;rural
71105;urbain
71106;rural
71107;rural
71108;rural
71109;rural
71110;rural
71111;rural
71112;rural
71113;rural
71115;rural
71116;rural
71117;urbain
71118;urbain
71119;rural
71120;rural
71121;rural
71122;rural
71123;rural
71124;rural
71125;rural
71126;rural
71127;rural
71128;rural
71129;rural
71130;rural
71132;rural
71133;rural
71134;rural
71135;rural
71136;rural
71137;rural
71139;rural
71140;rural
71141;rural
71142;rural
71143;rural
71144;rural
71145;rural
71146;rural
71147;rural
71148;rural
71149;rural
71150;rural
71151;rural
71152;rural
71153;urbain
71154;urbain
71155;rural
71156;rural
71157;rural
71158;rural
71159;rural
71160;rural
71161;rural
71162;rural
71163;rural
71164;rural
71165;rural
71166;rural
71167;rural
71168;rural
71169;rural
71170;rural
71171;rural
71172;rural
71173;rural
71174;rural
71175;rural
71176;urbain
71177;rural
71178;rural
71179;rural
71181;rural
71182;rural
71183;rural
71184;rural
71185;rural
71186;rural
71187;rural
71188;rural
71189;urbain
71190;rural
71191;rural
71192;rural
71193;rural
71194;rural
71195;rural
71196;rural
71198;rural
71199;rural
71200;rural
71201;rural
71202;rural
71203;rural
71204;urbain
71205;rural
71206;rural
71207;rural
71208;rural
71209;rural
71210;rural
71212;rural
71213;rural
71214;rural
71215;rural
71216;rural
71217;rural
71218;rural
71219;rural
71220;rural
71221;rural
71222;rural
71223;rural
71224;rural
71225;rural
71226;rural
71227;rural
71228;rural
71229;rural
71230;urbain
71231;rural
71232;rural
71233;rural
71234;rural
71235;rural
71236;rural
71237;rural
71238;rural
71239;rural
71240;rural
71241;rural
71242;rural
71243;rural
71244;rural
71245;rural
71246;rural
71247;rural
71248;rural
71249;rural
71250;rural
71251;rural
71252;rural
71253;urbain
71254;rural
71255;rural
71256;rural
71257;rural
71258;rural
71259;rural
71261;rural
71262;rural
71263;urbain
71264;rural
71266;rural
71267;rural
71268;rural
71269;urbain
71270;urbain
71271;rural
71272;rural
71273;rural
71274;rural
71275;rural
71276;rural
71277;rural
71278;rural
71279;rural
71280;rural
71281;rural
71282;rural
71283;rural
71284;rural
71285;rural
71286;rural
71287;rural
71289;rural
71290;rural
71291;rural
71292;rural
71293;rural
71294;rural
71295;rural
71296;rural
71297;rural
71299;rural
71300;rural
71301;rural
71302;rural
71303;rural
71305;rural
71306;urbain
71307;rural
71308;rural
71309;urbain
71310;urbain
71311;rural
71312;rural
71313;rural
71314;rural
71315;rural
71316;rural
71317;rural
71318;rural
71319;rural
71320;rural
71321;rural
71322;rural
71323;rural
71324;rural
71325;rural
71326;rural
71327;rural
71328;rural
71329;rural
71330;rural
71331;rural
71332;rural
71333;urbain
71334;rural
71335;rural
71336;rural
71337;rural
71338;rural
71339;rural
71340;rural
71341;rural
71342;urbain
71343;rural
71344;rural
71345;rural
71346;rural
71347;rural
71348;rural
71349;rural
71350;rural
71351;rural
71352;rural
71353;rural
71354;rural
71355;rural
71356;rural
71357;rural
71358;rural
71359;rural
71360;rural
71361;rural
71362;rural
71363;rural
71364;rural
71365;rural
71366;rural
71367;rural
71368;rural
71369;rural
71370;rural
71371;rural
71372;rural
71373;rural
71374;rural
71376;rural
71377;rural
71378;rural
71379;rural
71380;rural
71381;rural
71382;rural
71383;rural
71384;rural
71385;rural
71386;rural
71387;rural
71388;rural
71389;rural
71390;rural
71391;rural
71392;rural
71393;rural
71394;rural
71395;rural
71396;rural
71397;rural
71398;rural
71399;rural
71400;rural
71401;rural
71402;rural
71403;rural
71404;rural
71405;rural
71406;rural
71407;rural
71408;rural
71409;rural
71410;rural
71411;rural
71412;rural
71413;rural
71414;rural
71415;rural
71416;rural
71417;rural
71419;rural
71420;rural
71421;rural
71422;rural
71423;rural
71424;rural
71425;rural
71426;rural
71427;rural
71428;rural
71430;rural
71431;rural
71433;rural
71434;rural
71435;rural
71436;rural
71437;rural
71438;rural
71439;rural
71440;rural
71441;rural
71442;rural
71443;rural
71444;rural
71445;urbain
71446;rural
71447;rural
71448;urbain
71449;rural
71450;rural
71451;rural
71452;rural
71453;rural
71454;rural
71455;rural
71456;rural
71457;rural
71458;rural
71459;rural
71460;rural
71461;rural
71462;rural
71463;rural
71464;rural
71465;rural
71466;rural
71468;rural
71469;rural
71470;rural
71471;rural
71472;rural
71473;rural
71474;rural
71475;urbain
71477;rural
71478;rural
71479;rural
71480;rural
71481;rural
71482;rural
71483;rural
71484;rural
71485;rural
71486;urbain
71487;rural
71488;rural
71489;rural
71490;rural
71491;rural
71493;rural
71494;urbain
71495;rural
71496;rural
71497;urbain
71498;rural
71499;rural
71500;rural
71501;rural
71502;rural
71503;rural
71504;rural
71505;rural
71506;rural
71507;rural
71508;rural
71509;rural
71510;rural
71512;rural
71513;urbain
71514;rural
71515;rural
71516;rural
71517;rural
71518;rural
71519;rural
71520;rural
71521;rural
71522;rural
71523;rural
71524;rural
71525;rural
71526;rural
71527;rural
71528;rural
71529;rural
71530;rural
71531;rural
71532;rural
71533;rural
71534;rural
71535;rural
71537;rural
71538;rural
71539;rural
71540;urbain
71541;rural
71542;rural
71543;rural
71544;rural
71545;rural
71546;rural
71547;rural
71548;rural
71549;rural
71550;rural
71551;rural
71552;rural
71553;rural
71554;rural
71555;rural
71556;urbain
71557;rural
71558;rural
71559;rural
71561;rural
71562;rural
71563;rural
71564;rural
71565;rural
71566;rural
71567;rural
71568;rural
71570;rural
71571;rural
71572;rural
71573;rural
71574;rural
71576;rural
71577;rural
71578;rural
71579;rural
71580;rural
71581;rural
71582;rural
71583;rural
71584;rural
71585;urbain
71586;rural
71588;rural
71589;rural
71590;rural
71591;rural
72001;urbain
72002;rural
72003;urbain
72004;rural
72005;rural
72006;urbain
72007;rural
72008;urbain
72009;rural
72010;rural
72011;rural
72012;rural
72013;rural
72015;rural
72016;rural
72017;rural
72018;rural
72019;rural
72020;rural
72021;rural
72022;rural
72023;rural
72024;rural
72025;rural
72026;rural
72027;rural
72028;rural
72029;rural
72031;rural
72032;rural
72034;rural
72035;rural
72036;rural
72037;rural
72038;rural
72039;rural
72040;rural
72041;rural
72042;rural
72043;rural
72044;rural
72045;rural
72046;rural
72047;rural
72048;rural
72049;rural
72050;rural
72051;rural
72052;rural
72053;rural
72054;rural
72056;rural
72057;rural
72058;urbain
72059;rural
72060;rural
72061;rural
72062;rural
72064;rural
72065;urbain
72066;rural
72067;rural
72068;rural
72070;rural
72071;rural
72072;rural
72073;rural
72074;rural
72075;rural
72076;rural
72077;rural
72078;rural
72079;rural
72080;urbain
72083;rural
72084;rural
72085;rural
72086;rural
72087;rural
72088;rural
72089;rural
72090;rural
72091;rural
72093;rural
72094;rural
72095;urbain
72096;rural
72098;rural
72099;rural
72100;rural
72101;rural
72102;rural
72103;rural
72104;rural
72105;rural
72106;rural
72107;rural
72109;rural
72110;rural
72111;rural
72112;rural
72113;rural
72114;rural
72115;rural
72118;rural
72119;rural
72120;rural
72121;rural
72122;rural
72123;rural
72124;rural
72125;rural
72126;rural
72127;rural
72128;rural
72129;rural
72130;rural
72131;rural
72132;urbain
72133;rural
72134;rural
72135;rural
72136;rural
72137;rural
72138;rural
72139;rural
72141;rural
72142;rural
72143;rural
72144;rural
72145;rural
72146;rural
72147;rural
72148;rural
72149;rural
72150;rural
72151;urbain
72152;rural
72153;rural
72154;urbain
72155;rural
72156;rural
72157;rural
72158;rural
72160;rural
72161;rural
72163;rural
72164;rural
72165;rural
72166;rural
72167;rural
72168;rural
72169;rural
72170;rural
72171;rural
72172;rural
72173;rural
72174;rural
72175;rural
72176;rural
72177;rural
72178;rural
72179;rural
72180;rural
72181;urbain
72182;rural
72183;rural
72184;rural
72185;rural
72186;rural
72187;rural
72188;rural
72189;rural
72190;rural
72191;rural
72192;rural
72193;rural
72194;rural
72195;rural
72196;rural
72197;rural
72198;urbain
72199;rural
72200;rural
72201;rural
72202;rural
72204;rural
72205;rural
72208;rural
72209;rural
72210;rural
72211;rural
72212;rural
72213;rural
72214;rural
72215;rural
72216;rural
72217;rural
72218;rural
72219;rural
72220;rural
72221;rural
72222;rural
72223;rural
72224;rural
72225;rural
72226;rural
72227;rural
72228;rural
72229;rural
72230;rural
72231;rural
72232;rural
72233;rural
72234;rural
72235;rural
72236;rural
72237;rural
72238;rural
72239;rural
72241;rural
72243;rural
72244;rural
72245;rural
72246;rural
72247;rural
72248;rural
72249;rural
72250;rural
72251;rural
72252;rural
72253;urbain
72254;rural
72255;rural
72256;rural
72257;urbain
72259;rural
72260;rural
72261;rural
72262;rural
72264;urbain
72265;rural
72266;rural
72267;rural
72268;rural
72269;rural
72270;rural
72271;rural
72272;rural
72273;rural
72274;rural
72275;rural
72276;rural
72277;rural
72278;rural
72279;rural
72280;rural
72281;rural
72282;rural
72283;rural
72286;rural
72289;rural
72290;rural
72291;rural
72292;rural
72293;rural
72294;rural
72295;rural
72296;rural
72297;rural
72299;rural
72300;rural
72302;rural
72303;rural
72305;rural
72306;rural
72307;rural
72308;urbain
72309;rural
72310;urbain
72311;rural
72312;rural
72313;rural
72314;rural
72315;rural
72316;rural
72317;rural
72319;rural
72320;urbain
72321;rural
72322;rural
72323;rural
72324;rural
72325;rural
72326;rural
72327;rural
72328;urbain
72329;rural
72330;rural
72331;rural
72332;rural
72333;rural
72334;rural
72335;rural
72336;urbain
72337;rural
72338;rural
72339;rural
72340;rural
72341;rural
72342;rural
72343;rural
72344;rural
72345;rural
72346;urbain
72347;rural
72348;rural
72349;rural
72350;rural
72351;rural
72352;rural
72353;rural
72354;rural
72355;rural
72356;rural
72357;rural
72358;rural
72359;rural
72360;rural
72361;rural
72362;rural
72363;rural
72364;rural
72366;rural
72367;rural
72368;rural
72369;rural
72370;rural
72372;rural
72373;rural
72374;rural
72375;rural
72376;rural
72377;rural
72378;rural
72379;rural
72380;rural
72381;rural
72382;rural
72383;rural
72385;rural
72386;rural
73001;rural
73003;rural
73004;rural
73005;rural
73006;rural
73007;rural
73008;urbain
73010;rural
73011;urbain
73012;rural
73013;rural
73014;rural
73015;rural
73017;rural
73018;urbain
73019;rural
73020;rural
73021;rural
73022;rural
73023;rural
73024;rural
73025;rural
73026;rural
73027;rural
73028;rural
73029;urbain
73030;urbain
73031;urbain
73032;rural
73033;rural
73034;rural
73036;rural
73039;rural
73040;rural
73041;rural
73042;rural
73043;rural
73047;rural
73048;rural
73049;rural
73050;rural
73051;rural
73052;rural
73053;rural
73054;urbain
73055;rural
73057;rural
73058;rural
73059;urbain
73061;rural
73063;rural
73064;urbain
73065;urbain
73067;rural
73068;rural
73069;rural
73070;rural
73071;rural
73072;rural
73073;rural
73074;rural
73075;rural
73076;rural
73077;rural
73078;rural
73079;rural
73081;rural
73082;urbain
73083;rural
73084;rural
73085;rural
73086;rural
73087;urbain
73088;rural
73089;rural
73090;rural
73091;rural
73092;rural
73094;rural
73095;rural
73096;rural
73097;rural
73098;rural
73099;rural
73100;rural
73101;rural
73103;urbain
73104;rural
73105;rural
73106;rural
73107;rural
73109;rural
73110;rural
73113;rural
73114;rural
73116;rural
73117;rural
73119;rural
73120;rural
73121;rural
73122;rural
73123;rural
73124;urbain
73128;urbain
73129;rural
73130;urbain
73131;rural
73132;rural
73133;rural
73135;rural
73137;urbain
73138;rural
73139;rural
73140;rural
73141;urbain
73142;rural
73145;rural
73146;rural
73147;rural
73149;rural
73150;rural
73151;rural
73152;rural
73153;rural
73154;urbain
73155;urbain
73156;rural
73157;rural
73159;rural
73160;rural
73161;rural
73162;rural
73164;rural
73166;rural
73168;rural
73170;urbain
73171;urbain
73173;rural
73175;rural
73176;rural
73177;rural
73178;rural
73179;urbain
73180;rural
73181;rural
73182;urbain
73183;rural
73184;rural
73186;rural
73187;rural
73188;urbain
73189;rural
73190;rural
73191;rural
73192;rural
73193;rural
73194;rural
73196;urbain
73197;rural
73200;rural
73201;rural
73202;rural
73204;urbain
73205;rural
73206;rural
73207;rural
73208;rural
73210;rural
73211;rural
73212;rural
73213;urbain
73214;rural
73215;rural
73216;rural
73217;rural
73218;rural
73219;rural
73220;rural
73221;rural
73222;urbain
73223;rural
73224;rural
73225;urbain
73226;rural
73227;rural
73228;rural
73229;rural
73230;rural
73231;rural
73232;rural
73233;rural
73234;rural
73235;rural
73236;rural
73237;rural
73240;rural
73241;rural
73242;rural
73243;urbain
73245;rural
73246;rural
73247;rural
73248;urbain
73249;urbain
73250;rural
73252;rural
73253;rural
73254;rural
73255;rural
73256;rural
73257;rural
73258;rural
73259;rural
73261;rural
73262;rural
73263;rural
73265;rural
73267;rural
73268;rural
73269;rural
73270;rural
73271;rural
73272;rural
73273;rural
73274;rural
73275;rural
73276;rural
73277;rural
73278;rural
73280;rural
73281;rural
73282;rural
73283;rural
73284;rural
73285;urbain
73286;rural
73288;urbain
73289;rural
73290;rural
73292;rural
73293;rural
73294;rural
73296;rural
73297;rural
73298;rural
73299;rural
73300;urbain
73301;rural
73302;rural
73303;urbain
73304;rural
73306;rural
73307;rural
73308;urbain
73309;rural
73310;rural
73311;rural
73312;rural
73313;rural
73314;rural
73315;rural
73316;rural
73317;rural
73318;rural
73320;rural
73322;rural
73323;rural
73324;rural
73326;urbain
73327;rural
73328;urbain
73329;urbain
73330;rural
74001;rural
74002;rural
74003;rural
74004;rural
74005;urbain
74006;rural
74007;urbain
74008;urbain
74009;rural
74010;urbain
74012;urbain
74013;urbain
74014;rural
74015;rural
74016;urbain
74018;rural
74019;urbain
74020;urbain
74021;urbain
74024;urbain
74025;rural
74026;urbain
74027;rural
74029;rural
74030;rural
74031;urbain
74032;rural
74033;rural
74034;rural
74035;rural
74036;rural
74037;rural
74038;rural
74040;urbain
74041;rural
74042;urbain
74043;urbain
74044;urbain
74045;rural
74046;rural
74048;rural
74049;rural
74050;rural
74051;rural
74052;rural
74053;rural
74054;rural
74055;rural
74056;urbain
74057;urbain
74058;rural
74059;rural
74060;rural
74061;rural
74062;urbain
74063;rural
74064;rural
74065;rural
74066;rural
74067;urbain
74068;rural
74069;rural
74070;rural
74071;rural
74072;rural
74073;rural
74074;rural
74075;rural
74076;rural
74077;rural
74078;rural
74079;rural
74080;rural
74081;urbain
74082;urbain
74083;rural
74085;rural
74086;rural
74087;urbain
74088;rural
74089;rural
74090;rural
74091;rural
74094;urbain
74095;rural
74096;rural
74097;rural
74098;rural
74099;rural
74100;rural
74101;rural
74102;rural
74103;rural
74104;rural
74105;urbain
74106;rural
74107;rural
74108;urbain
74109;rural
74111;rural
74112;urbain
74114;rural
74116;urbain
74117;rural
74118;urbain
74119;urbain
74121;rural
74122;rural
74123;urbain
74124;rural
74126;rural
74127;rural
74128;urbain
74129;rural
74130;rural
74131;rural
74133;urbain
74134;rural
74135;rural
74136;rural
74137;rural
74138;rural
74139;rural
74140;rural
74141;rural
74142;rural
74143;urbain
74144;rural
74145;rural
74146;rural
74147;rural
74148;rural
74150;urbain
74151;rural
74152;urbain
74153;urbain
74154;urbain
74155;rural
74156;rural
74157;urbain
74158;urbain
74159;rural
74160;rural
74161;rural
74162;urbain
74163;urbain
74164;urbain
74165;rural
74166;urbain
74167;rural
74168;rural
74169;urbain
74170;rural
74171;urbain
74172;urbain
74173;rural
74174;rural
74175;rural
74176;urbain
74177;rural
74178;rural
74179;rural
74180;rural
74183;rural
74184;rural
74185;rural
74186;rural
74188;rural
74189;urbain
74190;rural
74191;rural
74192;rural
74193;rural
74194;rural
74195;rural
74196;rural
74197;urbain
74198;urbain
74199;rural
74200;urbain
74201;urbain
74202;rural
74203;rural
74205;rural
74206;rural
74208;urbain
74209;urbain
74210;rural
74211;rural
74212;rural
74213;urbain
74215;rural
74216;rural
74218;urbain
74219;rural
74220;urbain
74221;rural
74222;rural
74223;rural
74224;urbain
74225;urbain
74226;rural
74228;rural
74229;urbain
74231;rural
74232;rural
74233;rural
74234;urbain
74235;rural
74236;urbain
74237;rural
74238;rural
74239;rural
74240;rural
74241;urbain
74242;urbain
74243;urbain
74244;rural
74249;rural
74250;urbain
74252;rural
74253;urbain
74254;rural
74255;urbain
74256;urbain
74257;rural
74258;rural
74259;rural
74260;rural
74261;rural
74262;rural
74263;urbain
74264;urbain
74265;rural
74266;rural
74267;urbain
74269;rural
74271;rural
74272;urbain
74273;rural
74275;rural
74276;rural
74278;urbain
74279;rural
74280;urbain
74281;urbain
74282;rural
74283;rural
74284;urbain
74285;rural
74286;rural
74287;rural
74288;rural
74289;rural
74290;rural
74291;rural
74292;rural
74293;urbain
74294;rural
74295;rural
74296;rural
74297;rural
74298;urbain
74299;urbain
74301;rural
74302;urbain
74303;urbain
74304;urbain
74305;urbain
74306;rural
74307;rural
74308;rural
74309;rural
74310;rural
74311;urbain
74312;urbain
74313;rural
74314;rural
74315;rural
75056;urbain
76001;rural
76002;rural
76004;rural
76005;urbain
76006;rural
76007;rural
76008;rural
76009;rural
76010;rural
76011;rural
76012;rural
76013;rural
76014;rural
76015;rural
76016;rural
76017;rural
76018;rural
76019;rural
76020;rural
76021;rural
76022;rural
76023;rural
76024;rural
76025;rural
76026;rural
76028;rural
76029;rural
76030;rural
76032;rural
76033;rural
76034;rural
76035;rural
76036;rural
76038;rural
76039;rural
76040;rural
76041;rural
76042;rural
76043;urbain
76045;rural
76046;rural
76047;rural
76048;rural
76049;rural
76050;rural
76051;rural
76052;rural
76053;rural
76054;rural
76055;rural
76056;rural
76057;urbain
76058;rural
76059;rural
76060;rural
76062;rural
76063;rural
76064;rural
76065;rural
76066;rural
76067;rural
76068;rural
76069;urbain
76070;rural
76071;rural
76072;rural
76074;rural
76075;rural
76076;rural
76077;rural
76079;rural
76082;rural
76083;rural
76084;rural
76085;rural
76086;rural
76087;rural
76088;rural
76090;rural
76091;rural
76092;rural
76093;rural
76094;rural
76095;urbain
76096;rural
76097;rural
76099;rural
76100;rural
76101;rural
76103;urbain
76104;rural
76105;rural
76106;rural
76107;rural
76108;urbain
76109;rural
76110;rural
76111;rural
76112;rural
76113;rural
76114;urbain
76115;rural
76116;rural
76117;rural
76118;rural
76119;rural
76120;rural
76121;rural
76122;rural
76123;rural
76124;rural
76125;rural
76126;rural
76128;rural
76129;rural
76130;rural
76131;rural
76132;rural
76133;rural
76134;rural
76135;rural
76136;rural
76138;rural
76139;rural
76140;rural
76141;rural
76142;rural
76143;rural
76144;rural
76146;rural
76147;rural
76148;rural
76149;rural
76151;rural
76152;rural
76153;rural
76154;rural
76155;rural
76156;rural
76157;urbain
76158;rural
76159;rural
76160;rural
76161;rural
76162;rural
76163;rural
76164;rural
76165;urbain
76166;rural
76167;rural
76168;rural
76169;rural
76170;rural
76171;rural
76172;rural
76173;rural
76174;rural
76175;rural
76176;rural
76177;rural
76178;urbain
76179;rural
76180;rural
76181;rural
76182;rural
76183;rural
76184;rural
76185;rural
76186;rural
76187;rural
76188;rural
76189;rural
76190;rural
76192;rural
76193;rural
76194;rural
76195;rural
76196;rural
76197;rural
76198;rural
76199;rural
76200;rural
76201;rural
76202;rural
76203;rural
76204;rural
76205;rural
76206;rural
76207;rural
76208;rural
76209;rural
76210;rural
76211;rural
76212;urbain
76213;rural
76214;rural
76216;urbain
76217;urbain
76218;rural
76219;rural
76220;rural
76221;rural
76222;rural
76223;rural
76224;rural
76225;rural
76226;rural
76227;rural
76228;rural
76229;rural
76230;rural
76231;urbain
76232;rural
76233;rural
76234;rural
76235;rural
76236;rural
76237;rural
76238;urbain
76239;rural
76240;rural
76241;rural
76242;rural
76243;rural
76244;rural
76245;urbain
76247;rural
76249;rural
76250;rural
76251;rural
76252;rural
76253;rural
76254;rural
76255;urbain
76257;rural
76258;rural
76259;urbain
76260;rural
76261;rural
76262;rural
76263;rural
76264;rural
76265;rural
76266;rural
76268;rural
76269;rural
76270;urbain
76271;rural
76272;rural
76273;urbain
76274;rural
76275;urbain
76276;rural
76278;rural
76279;rural
76280;rural
76281;urbain
76282;rural
76283;rural
76284;rural
76285;rural
76286;rural
76287;rural
76288;rural
76289;rural
76290;rural
76291;rural
76292;rural
76293;rural
76294;rural
76295;rural
76296;urbain
76297;rural
76298;rural
76299;rural
76300;rural
76302;rural
76303;rural
76304;rural
76305;urbain
76306;rural
76307;rural
76308;rural
76309;rural
76311;rural
76312;urbain
76313;rural
76314;rural
76315;rural
76316;rural
76317;rural
76318;rural
76319;urbain
76320;rural
76321;rural
76322;urbain
76323;rural
76324;rural
76325;rural
76327;rural
76328;rural
76329;urbain
76330;rural
76331;rural
76332;rural
76333;rural
76334;rural
76335;rural
76336;rural
76338;rural
76339;rural
76340;rural
76341;urbain
76342;rural
76343;rural
76344;rural
76345;rural
76346;rural
76347;rural
76348;rural
76349;rural
76350;rural
76351;urbain
76352;rural
76353;rural
76354;rural
76355;rural
76356;rural
76357;rural
76359;rural
76360;rural
76361;rural
76362;rural
76363;rural
76364;rural
76365;rural
76366;urbain
76367;urbain
76368;rural
76369;rural
76370;rural
76371;rural
76372;rural
76373;rural
76374;rural
76375;rural
76377;urbain
76378;rural
76379;rural
76380;rural
76381;rural
76382;rural
76383;rural
76384;urbain
76385;rural
76386;rural
76387;rural
76388;rural
76389;rural
76390;rural
76391;urbain
76392;rural
76393;rural
76394;rural
76395;rural
76396;rural
76397;rural
76398;rural
76399;rural
76400;rural
76401;rural
76402;urbain
76403;rural
76404;rural
76405;rural
76406;rural
76407;rural
76408;rural
76409;rural
76410;urbain
76411;rural
76412;rural
76413;rural
76414;rural
76415;rural
76416;rural
76417;rural
76418;rural
76419;rural
76420;rural
76421;rural
76422;rural
76423;rural
76424;rural
76425;rural
76426;rural
76427;rural
76428;rural
76429;urbain
76430;rural
76431;rural
76432;rural
76433;rural
76434;rural
76435;rural
76436;rural
76437;rural
76438;rural
76439;rural
76440;rural
76441;rural
76442;rural
76443;rural
76445;rural
76446;urbain
76447;urbain
76448;rural
76449;rural
76450;rural
76451;urbain
76452;urbain
76453;rural
76454;rural
76455;rural
76456;rural
76457;rural
76458;rural
76459;rural
76460;rural
76461;rural
76462;rural
76463;rural
76464;rural
76465;rural
76467;rural
76468;rural
76469;rural
76470;rural
76471;rural
76472;rural
76473;rural
76474;urbain
76475;urbain
76476;urbain
76477;rural
76478;rural
76479;rural
76480;rural
76481;urbain
76482;rural
76483;rural
76484;urbain
76485;rural
76486;urbain
76487;rural
76488;rural
76489;rural
76490;rural
76491;rural
76492;rural
76493;rural
76494;rural
76495;urbain
76497;urbain
76498;urbain
76499;rural
76500;rural
76501;rural
76502;rural
76503;rural
76504;rural
76505;rural
76506;rural
76507;rural
76508;rural
76509;rural
76510;rural
76511;rural
76512;rural
76513;rural
76514;rural
76515;rural
76516;rural
76517;urbain
76518;rural
76519;rural
76520;rural
76521;rural
76522;rural
76523;rural
76524;rural
76526;rural
76527;rural
76528;rural
76529;rural
76530;rural
76531;rural
76532;rural
76533;urbain
76534;rural
76535;rural
76536;urbain
76537;rural
76538;rural
76540;urbain
76541;rural
76542;rural
76543;rural
76544;rural
76545;urbain
76546;rural
76547;rural
76548;rural
76549;rural
76550;rural
76551;rural
76552;urbain
76553;rural
76554;rural
76555;rural
76556;rural
76557;rural
76558;rural
76559;rural
76560;rural
76561;urbain
76562;rural
76563;rural
76564;rural
76565;urbain
76566;rural
76567;rural
76568;urbain
76569;rural
76570;rural
76571;rural
76572;rural
76573;rural
76574;rural
76575;urbain
76576;urbain
76577;rural
76578;rural
76580;rural
76581;rural
76582;rural
76583;rural
76584;rural
76585;rural
76586;rural
76587;rural
76588;rural
76589;rural
76590;rural
76591;rural
76592;rural
76593;rural
76594;rural
76595;rural
76596;urbain
76597;rural
76598;rural
76599;urbain
76600;urbain
76601;rural
76602;rural
76603;rural
76604;rural
76605;rural
76606;rural
76608;rural
76609;rural
76610;urbain
76611;rural
76612;rural
76613;rural
76614;rural
76615;rural
76616;urbain
76617;urbain
76618;rural
76619;rural
76620;rural
76621;rural
76622;rural
76623;rural
76624;rural
76626;rural
76627;rural
76628;rural
76629;rural
76630;rural
76631;rural
76632;rural
76634;rural
76635;rural
76636;rural
76637;rural
76638;rural
76640;urbain
76641;rural
76642;rural
76644;rural
76645;rural
76646;rural
76647;rural
76648;rural
76649;rural
76650;rural
76651;rural
76652;rural
76653;rural
76654;rural
76655;rural
76656;rural
76657;rural
76658;rural
76660;rural
76662;rural
76663;rural
76664;rural
76665;rural
76666;rural
76667;rural
76668;rural
76669;rural
76670;rural
76671;rural
76672;rural
76673;rural
76675;rural
76676;rural
76677;rural
76678;rural
76679;rural
76680;rural
76681;urbain
76682;urbain
76683;rural
76684;rural
76685;rural
76686;rural
76688;rural
76689;rural
76690;rural
76691;rural
76692;rural
76693;rural
76694;rural
76695;rural
76697;rural
76698;rural
76699;rural
76700;rural
76702;rural
76703;rural
76705;urbain
76706;rural
76707;rural
76708;urbain
76709;rural
76710;rural
76711;urbain
76712;urbain
76714;rural
76715;rural
76716;rural
76717;urbain
76718;rural
76719;rural
76720;rural
76721;rural
76723;rural
76724;rural
76725;rural
76726;rural
76727;rural
76728;urbain
76730;rural
76731;rural
76732;rural
76733;rural
76734;rural
76735;rural
76736;rural
76737;rural
76738;rural
76739;rural
76740;rural
76741;rural
76743;urbain
76744;rural
76745;rural
76746;rural
76747;rural
76748;rural
76749;rural
76750;rural
76751;rural
76752;rural
76753;rural
76754;rural
76755;rural
76756;rural
76757;rural
76758;urbain
76759;rural
77001;rural
77002;rural
77003;rural
77004;rural
77005;urbain
77006;rural
77007;rural
77008;rural
77009;rural
77010;rural
77011;rural
77012;rural
77013;rural
77014;urbain
77015;rural
77016;urbain
77018;urbain
77019;rural
77020;rural
77021;rural
77022;rural
77023;rural
77024;rural
77025;rural
77026;rural
77027;rural
77029;rural
77030;rural
77031;rural
77032;rural
77033;rural
77034;rural
77035;rural
77036;rural
77037;urbain
77038;rural
77039;urbain
77040;urbain
77041;rural
77042;urbain
77043;rural
77044;rural
77045;rural
77046;rural
77047;urbain
77048;rural
77049;urbain
77050;rural
77051;rural
77052;rural
77053;urbain
77054;rural
77055;urbain
77056;rural
77057;rural
77058;urbain
77059;urbain
77060;rural
77061;rural
77062;urbain
77063;urbain
77065;rural
77066;rural
77067;urbain
77068;rural
77069;rural
77070;rural
77071;rural
77072;rural
77073;urbain
77075;urbain
77076;rural
77077;rural
77078;urbain
77079;urbain
77080;rural
77081;rural
77082;rural
77083;urbain
77084;rural
77085;urbain
77086;rural
77087;rural
77088;rural
77089;rural
77090;rural
77091;rural
77093;rural
77094;rural
77095;rural
77096;urbain
77097;rural
77098;rural
77099;rural
77100;rural
77101;rural
77102;rural
77103;rural
77104;rural
77106;rural
77107;rural
77108;urbain
77109;rural
77110;rural
77111;urbain
77112;rural
77113;rural
77114;rural
77115;rural
77116;rural
77117;rural
77118;urbain
77119;rural
77120;rural
77121;urbain
77122;urbain
77123;rural
77124;urbain
77125;urbain
77126;rural
77127;rural
77128;urbain
77129;rural
77130;rural
77131;urbain
77132;urbain
77133;rural
77134;rural
77135;rural
77136;rural
77137;rural
77138;rural
77139;urbain
77140;rural
77141;urbain
77142;urbain
77143;urbain
77144;rural
77145;rural
77146;urbain
77147;rural
77148;rural
77150;rural
77151;rural
77152;urbain
77153;urbain
77154;rural
77155;urbain
77156;urbain
77157;rural
77158;rural
77159;rural
77161;rural
77162;rural
77163;rural
77164;rural
77165;rural
77167;rural
77168;rural
77169;urbain
77171;urbain
77172;rural
77173;rural
77174;rural
77175;rural
77176;urbain
77177;rural
77178;rural
77179;rural
77180;rural
77181;urbain
77182;urbain
77183;urbain
77184;rural
77185;rural
77186;urbain
77187;rural
77188;rural
77190;rural
77191;rural
77192;urbain
77193;rural
77194;rural
77195;rural
77196;rural
77197;rural
77198;rural
77199;urbain
77200;rural
77201;rural
77202;rural
77203;rural
77204;rural
77205;rural
77206;rural
77207;rural
77208;rural
77209;urbain
77210;urbain
77211;rural
77212;rural
77214;urbain
77215;urbain
77216;rural
77217;rural
77218;rural
77219;urbain
77220;rural
77221;urbain
77222;rural
77223;rural
77224;rural
77225;rural
77226;urbain
77227;rural
77228;rural
77229;rural
77230;rural
77231;rural
77232;urbain
77233;rural
77234;rural
77235;rural
77236;rural
77237;urbain
77238;urbain
77239;rural
77240;urbain
77241;rural
77242;urbain
77243;urbain
77244;rural
77245;rural
77246;rural
77247;rural
77248;rural
77249;urbain
77250;rural
77251;urbain
77252;rural
77253;rural
77254;rural
77255;urbain
77256;rural
77257;rural
77258;urbain
77259;urbain
77260;urbain
77261;rural
77262;rural
77263;rural
77264;rural
77265;rural
77266;rural
77267;rural
77268;urbain
77269;urbain
77270;rural
77271;rural
77272;rural
77273;rural
77274;rural
77275;rural
77276;urbain
77277;rural
77278;rural
77279;rural
77280;rural
77281;rural
77282;rural
77283;rural
77284;urbain
77285;urbain
77286;rural
77287;rural
77288;urbain
77289;rural
77290;rural
77291;rural
77292;rural
77293;rural
77294;urbain
77295;rural
77296;urbain
77297;rural
77298;rural
77300;rural
77301;rural
77302;rural
77303;rural
77304;rural
77305;urbain
77306;rural
77307;urbain
77308;rural
77309;rural
77310;rural
77311;rural
77312;rural
77313;rural
77314;rural
77315;urbain
77316;urbain
77317;rural
77318;rural
77319;rural
77320;urbain
77321;rural
77322;rural
77323;rural
77325;rural
77326;urbain
77327;urbain
77328;rural
77329;rural
77330;urbain
77331;rural
77332;rural
77333;urbain
77335;urbain
77336;rural
77337;urbain
77338;rural
77339;rural
77340;rural
77341;rural
77342;rural
77343;rural
77344;urbain
77345;rural
77347;rural
77348;rural
77349;urbain
77350;urbain
77352;rural
77353;rural
77354;rural
77355;rural
77356;rural
77357;rural
77358;urbain
77359;rural
77360;rural
77361;rural
77363;urbain
77364;rural
77365;rural
77366;rural
77367;rural
77368;urbain
77369;urbain
77370;rural
77371;urbain
77372;urbain
77373;urbain
77374;rural
77376;rural
77377;rural
77378;urbain
77379;urbain
77380;rural
77381;rural
77382;urbain
77383;rural
77384;urbain
77385;rural
77386;rural
77387;rural
77388;urbain
77389;urbain
77390;urbain
77391;urbain
77392;urbain
77393;rural
77394;urbain
77395;rural
77396;rural
77397;rural
77398;rural
77400;rural
77401;rural
77402;rural
77403;urbain
77404;urbain
77405;rural
77406;rural
77407;urbain
77408;rural
77409;urbain
77410;rural
77411;rural
77412;rural
77413;urbain
77414;rural
77415;rural
77416;rural
77417;rural
77418;urbain
77419;urbain
77420;urbain
77421;rural
77423;rural
77424;rural
77425;rural
77426;rural
77427;rural
77428;rural
77429;rural
77430;urbain
77431;urbain
77432;rural
77433;rural
77434;rural
77435;rural
77436;rural
77437;rural
77438;urbain
77439;rural
77440;rural
77441;urbain
77442;urbain
77443;rural
77444;rural
77445;urbain
77446;rural
77447;urbain
77448;rural
77449;urbain
77450;urbain
77451;rural
77452;rural
77453;rural
77454;rural
77455;rural
77456;rural
77457;rural
77458;rural
77459;rural
77460;rural
77461;rural
77462;rural
77463;urbain
77464;urbain
77465;rural
77466;rural
77467;rural
77468;urbain
77469;rural
77470;urbain
77471;rural
77472;rural
77473;rural
77474;rural
77475;urbain
77476;rural
77477;rural
77478;rural
77479;urbain
77480;rural
77481;rural
77482;urbain
77483;rural
77484;rural
77485;rural
77486;rural
77487;urbain
77489;rural
77490;rural
77492;rural
77493;rural
77494;rural
77495;urbain
77496;rural
77498;rural
77500;rural
77501;rural
77504;rural
77505;rural
77506;rural
77507;rural
77508;rural
77509;rural
77510;rural
77511;rural
77512;rural
77513;urbain
77514;urbain
77515;rural
77516;rural
77517;rural
77518;rural
77519;rural
77520;rural
77521;urbain
77522;rural
77523;rural
77524;rural
77525;rural
77526;rural
77527;rural
77528;urbain
77529;urbain
77530;rural
77531;rural
77532;rural
77533;urbain
77534;rural
78003;rural
78005;urbain
78006;rural
78007;urbain
78009;rural
78010;rural
78013;rural
78015;urbain
78020;rural
78029;urbain
78030;urbain
78031;rural
78033;urbain
78034;urbain
78036;urbain
78043;urbain
78048;rural
78049;urbain
78050;rural
78053;rural
78057;urbain
78062;urbain
78068;rural
78070;rural
78071;rural
78072;rural
78073;urbain
78076;rural
78077;rural
78082;rural
78084;rural
78087;rural
78089;urbain
78090;urbain
78092;urbain
78096;rural
78104;urbain
78107;rural
78108;rural
78113;rural
78117;urbain
78118;urbain
78120;rural
78123;urbain
78124;urbain
78125;rural
78126;urbain
78128;rural
78133;urbain
78138;urbain
78140;urbain
78143;urbain
78146;urbain
78147;rural
78152;rural
78158;urbain
78160;urbain
78162;rural
78163;rural
78164;rural
78165;urbain
78168;urbain
78171;rural
78172;urbain
78185;rural
78188;rural
78189;rural
78190;urbain
78192;rural
78193;rural
78194;rural
78196;rural
78202;rural
78206;urbain
78208;urbain
78209;rural
78217;urbain
78220;urbain
78224;urbain
78227;urbain
78230;urbain
78231;rural
78233;rural
78234;rural
78236;rural
78237;rural
78238;urbain
78239;urbain
78242;urbain
78245;rural
78246;rural
78255;urbain
78261;urbain
78262;rural
78263;rural
78264;rural
78265;rural
78267;urbain
78269;rural
78276;rural
78278;urbain
78281;rural
78283;rural
78285;rural
78289;rural
78290;urbain
78291;urbain
78296;rural
78297;urbain
78299;urbain
78300;rural
78302;rural
78305;rural
78307;rural
78310;rural
78311;urbain
78314;urbain
78317;rural
78320;rural
78321;urbain
78322;urbain
78324;rural
78325;rural
78327;urbain
78329;rural
78334;urbain
78335;urbain
78337;rural
78343;urbain
78344;rural
78346;rural
78349;rural
78350;urbain
78354;urbain
78356;urbain
78358;urbain
78361;urbain
78362;urbain
78364;urbain
78366;rural
78367;urbain
78368;urbain
78372;urbain
78380;urbain
78381;rural
78382;urbain
78383;urbain
78384;urbain
78385;rural
78389;rural
78391;rural
78396;urbain
78397;urbain
78398;rural
78401;urbain
78402;urbain
78403;urbain
78404;rural
78406;rural
78407;rural
78410;rural
78413;rural
78415;urbain
78416;rural
78417;rural
78418;urbain
78420;rural
78423;urbain
78431;urbain
78437;rural
78439;rural
78440;urbain
78442;urbain
78443;urbain
78444;rural
78451;urbain
78455;urbain
78460;rural
78464;rural
78465;rural
78466;urbain
78470;rural
78472;rural
78474;rural
78475;rural
78478;rural
78481;urbain
78484;rural
78486;urbain
78490;urbain
78497;rural
78498;urbain
78499;urbain
78501;urbain
78502;urbain
78505;rural
78506;rural
78513;rural
78516;rural
78517;urbain
78518;rural
78520;rural
78522;rural
78528;rural
78530;rural
78531;urbain
78536;rural
78537;urbain
78545;urbain
78548;rural
78550;urbain
78551;urbain
78557;rural
78558;rural
78559;rural
78561;rural
78562;rural
78564;rural
78565;rural
78567;rural
78569;rural
78571;urbain
78575;urbain
78576;rural
78586;urbain
78588;rural
78590;rural
78591;rural
78597;urbain
78601;rural
78605;rural
78606;rural
78608;rural
78609;urbain
78615;urbain
78616;urbain
78618;rural
78620;urbain
78621;urbain
78623;urbain
78624;urbain
78638;urbain
78640;urbain
78642;urbain
78643;urbain
78644;urbain
78646;urbain
78647;urbain
78650;urbain
78653;rural
78655;urbain
78668;rural
78672;urbain
78674;urbain
78677;rural
78681;urbain
78683;urbain
78686;urbain
78688;urbain
79001;rural
79002;rural
79003;urbain
79005;rural
79007;rural
79008;rural
79009;rural
79010;rural
79012;rural
79013;rural
79014;rural
79015;rural
79016;rural
79018;rural
79019;rural
79020;rural
79022;rural
79023;rural
79024;rural
79025;rural
79029;rural
79030;rural
79031;rural
79032;rural
79034;urbain
79038;rural
79040;rural
79042;rural
79046;rural
79047;rural
79048;rural
79049;rural
79050;rural
79055;rural
79056;rural
79057;rural
79058;rural
79059;rural
79061;rural
79062;rural
79063;rural
79064;rural
79066;rural
79069;rural
79070;rural
79071;rural
79074;rural
79076;rural
79077;rural
79078;rural
79079;rural
79080;urbain
79081;urbain
79083;rural
79084;rural
79085;rural
79086;rural
79087;rural
79088;rural
79089;rural
79090;rural
79091;rural
79092;rural
79094;rural
79095;rural
79096;rural
79100;rural
79101;rural
79102;rural
79103;rural
79104;rural
79105;rural
79106;rural
79108;rural
79109;rural
79111;rural
79112;rural
79114;rural
79115;rural
79116;rural
79117;rural
79118;rural
79119;rural
79120;rural
79121;rural
79122;rural
79123;rural
79124;rural
79125;rural
79126;rural
79127;rural
79128;rural
79129;rural
79130;rural
79131;rural
79132;rural
79133;rural
79134;rural
79135;rural
79136;rural
79137;rural
79139;rural
79140;rural
79141;rural
79142;rural
79144;rural
79145;rural
79147;rural
79148;rural
79149;rural
79150;rural
79152;rural
79153;rural
79154;rural
79156;rural
79157;rural
79158;rural
79159;rural
79160;rural
79161;rural
79162;rural
79163;rural
79164;rural
79165;rural
79166;rural
79167;rural
79170;rural
79172;rural
79174;rural
79175;rural
79176;rural
79177;rural
79179;rural
79183;rural
79184;rural
79185;rural
79189;rural
79190;rural
79191;urbain
79195;rural
79196;rural
79197;rural
79198;rural
79200;rural
79201;rural
79202;urbain
79203;rural
79204;rural
79207;rural
79208;rural
79209;rural
79210;rural
79213;urbain
79215;rural
79216;rural
79217;rural
79218;rural
79220;rural
79223;rural
79225;rural
79226;rural
79229;rural
79230;rural
79231;rural
79235;rural
79236;rural
79238;rural
79239;rural
79241;rural
79242;rural
79243;rural
79244;rural
79246;rural
79249;rural
79250;rural
79251;rural
79252;rural
79253;rural
79254;rural
79255;rural
79256;rural
79257;rural
79258;rural
79259;urbain
79263;rural
79265;rural
79267;rural
79268;rural
79269;rural
79270;urbain
79271;rural
79273;rural
79274;rural
79276;rural
79277;rural
79278;rural
79280;rural
79281;rural
79283;rural
79284;rural
79285;rural
79286;rural
79289;rural
79290;rural
79293;rural
79294;rural
79295;rural
79297;rural
79298;rural
79299;rural
79300;urbain
79301;rural
79302;rural
79303;rural
79304;rural
79306;rural
79307;rural
79308;rural
79309;rural
79310;rural
79311;rural
79312;rural
79313;rural
79316;rural
79319;rural
79320;rural
79322;rural
79326;rural
79329;urbain
79331;rural
79332;rural
79334;rural
79335;rural
79336;rural
79337;rural
79338;rural
79339;rural
79340;rural
79341;rural
79342;rural
79343;rural
79345;rural
79346;rural
79347;rural
79348;rural
79349;rural
79350;rural
79351;rural
79352;rural
79354;rural
79355;rural
79357;rural
80001;urbain
80002;rural
80003;rural
80004;rural
80005;rural
80006;rural
80008;rural
80009;rural
80010;rural
80011;urbain
80013;rural
80014;rural
80015;rural
80016;urbain
80017;rural
80018;rural
80019;rural
80020;rural
80021;urbain
80022;rural
80023;rural
80024;rural
80025;rural
80026;rural
80027;rural
80028;rural
80029;rural
80030;rural
80031;rural
80032;rural
80033;rural
80034;rural
80035;rural
80036;urbain
80037;rural
80038;rural
80039;rural
80040;rural
80041;rural
80042;rural
80043;rural
80044;urbain
80045;rural
80046;rural
80047;rural
80048;rural
80049;rural
80050;rural
80051;rural
80052;rural
80053;rural
80054;rural
80055;rural
80056;rural
80057;rural
80058;rural
80059;rural
80060;rural
80061;rural
80062;rural
80063;rural
80064;rural
80065;rural
80066;rural
80067;rural
80068;rural
80069;rural
80070;rural
80071;rural
80073;rural
80074;rural
80076;rural
80077;rural
80078;rural
80079;rural
80080;rural
80081;rural
80082;rural
80083;rural
80084;rural
80085;rural
80086;rural
80087;rural
80088;rural
80089;rural
80090;rural
80092;rural
80093;rural
80094;rural
80095;rural
80096;urbain
80097;rural
80098;rural
80099;rural
80100;rural
80101;rural
80102;rural
80103;rural
80104;rural
80105;rural
80106;rural
80107;rural
80108;rural
80109;rural
80110;rural
80112;rural
80113;rural
80114;rural
80115;rural
80116;rural
80117;rural
80118;rural
80119;rural
80120;rural
80121;rural
80122;rural
80123;rural
80124;rural
80125;rural
80126;rural
80127;rural
80128;rural
80129;rural
80130;rural
80131;rural
80132;rural
80133;rural
80134;rural
80135;rural
80136;rural
80137;urbain
80138;rural
80139;rural
80140;rural
80141;rural
80142;rural
80143;rural
80144;rural
80145;rural
80146;rural
80147;rural
80148;rural
80149;rural
80150;rural
80151;rural
80152;rural
80153;rural
80154;rural
80155;rural
80156;rural
80157;rural
80158;rural
80159;rural
80160;urbain
80161;rural
80162;rural
80163;rural
80164;urbain
80165;rural
80166;rural
80167;rural
80168;rural
80169;rural
80170;rural
80171;rural
80172;rural
80173;rural
80174;rural
80176;rural
80177;rural
80179;rural
80180;rural
80181;rural
80182;rural
80183;rural
80184;rural
80185;rural
80186;rural
80187;rural
80188;rural
80189;rural
80190;rural
80191;rural
80192;rural
80193;rural
80194;rural
80195;rural
80196;rural
80197;rural
80198;rural
80199;rural
80200;rural
80201;rural
80202;rural
80203;rural
80204;rural
80205;rural
80206;rural
80207;rural
80208;rural
80210;rural
80211;rural
80212;urbain
80213;rural
80214;rural
80215;rural
80216;rural
80217;rural
80218;rural
80219;rural
80220;rural
80221;rural
80222;rural
80223;rural
80224;rural
80225;rural
80226;rural
80227;rural
80228;rural
80229;rural
80230;rural
80231;rural
80232;rural
80233;rural
80234;rural
80235;rural
80236;rural
80237;rural
80238;urbain
80239;rural
80240;urbain
80241;rural
80242;rural
80243;rural
80244;rural
80245;rural
80246;rural
80247;rural
80248;rural
80249;rural
80250;rural
80251;rural
80252;rural
80253;urbain
80256;urbain
80258;rural
80259;rural
80260;rural
80261;rural
80262;rural
80263;rural
80264;rural
80265;rural
80266;rural
80267;rural
80268;rural
80269;rural
80270;rural
80271;rural
80272;rural
80273;rural
80274;urbain
80275;rural
80276;rural
80278;rural
80279;rural
80280;rural
80281;rural
80282;rural
80283;rural
80284;rural
80285;rural
80287;rural
80288;rural
80290;rural
80291;rural
80292;rural
80293;rural
80294;rural
80295;rural
80296;rural
80297;rural
80298;rural
80299;rural
80300;rural
80301;rural
80302;rural
80303;rural
80304;rural
80305;rural
80306;rural
80307;rural
80308;urbain
80310;rural
80311;rural
80312;rural
80313;rural
80314;rural
80315;rural
80316;rural
80317;rural
80318;rural
80319;rural
80320;rural
80321;rural
80322;rural
80324;rural
80325;rural
80326;rural
80327;rural
80328;rural
80329;rural
80330;rural
80331;rural
80332;rural
80333;rural
80334;rural
80335;rural
80336;rural
80337;rural
80338;urbain
80339;rural
80340;rural
80341;rural
80342;rural
80343;rural
80344;rural
80345;rural
80346;rural
80347;rural
80348;rural
80349;rural
80350;rural
80351;rural
80352;rural
80353;rural
80354;rural
80355;rural
80356;rural
80357;rural
80358;rural
80359;rural
80360;urbain
80361;rural
80362;rural
80364;rural
80365;rural
80366;rural
80367;rural
80368;urbain
80369;rural
80371;rural
80372;rural
80373;rural
80374;rural
80375;rural
80376;rural
80377;rural
80378;rural
80379;rural
80380;rural
80381;rural
80383;rural
80384;rural
80385;rural
80386;rural
80387;rural
80388;rural
80390;rural
80391;rural
80392;rural
80393;rural
80395;rural
80396;rural
80397;rural
80399;rural
80400;rural
80401;rural
80402;rural
80403;rural
80404;rural
80405;rural
80406;rural
80407;rural
80408;rural
80409;rural
80410;urbain
80411;rural
80412;urbain
80413;rural
80414;rural
80415;rural
80416;rural
80417;rural
80418;rural
80420;rural
80421;rural
80422;rural
80423;rural
80424;rural
80425;rural
80426;rural
80427;rural
80428;rural
80429;rural
80430;rural
80431;rural
80432;rural
80433;rural
80434;rural
80435;rural
80436;rural
80437;rural
80438;rural
80439;rural
80440;rural
80442;rural
80443;rural
80444;rural
80445;rural
80446;rural
80449;rural
80450;rural
80451;rural
80452;rural
80453;rural
80455;rural
80456;rural
80458;rural
80459;rural
80460;rural
80461;rural
80462;rural
80463;rural
80464;rural
80465;rural
80466;rural
80467;rural
80468;rural
80469;rural
80470;rural
80472;rural
80473;rural
80474;rural
80475;rural
80476;rural
80477;rural
80478;rural
80479;rural
80480;rural
80481;rural
80482;rural
80484;rural
80485;rural
80486;rural
80487;rural
80488;rural
80489;urbain
80490;rural
80491;rural
80493;rural
80494;rural
80495;rural
80496;rural
80497;rural
80498;rural
80499;rural
80500;rural
80501;rural
80502;rural
80503;rural
80504;rural
80505;rural
80507;rural
80508;rural
80509;rural
80511;rural
80512;rural
80513;rural
80514;rural
80515;rural
80516;rural
80517;rural
80518;rural
80519;rural
80520;rural
80521;rural
80522;rural
80523;urbain
80524;rural
80525;rural
80526;rural
80527;rural
80528;rural
80529;rural
80530;rural
80531;rural
80533;urbain
80535;rural
80536;rural
80537;rural
80538;rural
80540;rural
80541;rural
80542;rural
80543;rural
80544;rural
80545;rural
80546;rural
80547;rural
80548;rural
80549;rural
80550;rural
80552;rural
80553;rural
80554;rural
80555;rural
80556;rural
80557;rural
80558;rural
80559;rural
80560;rural
80561;urbain
80562;rural
80563;rural
80565;rural
80566;rural
80568;rural
80569;rural
80570;rural
80571;rural
80572;rural
80573;rural
80574;rural
80575;rural
80576;rural
80577;rural
80578;rural
80579;rural
80580;rural
80582;rural
80583;rural
80584;rural
80585;rural
80586;rural
80587;rural
80588;rural
80589;rural
80590;rural
80591;rural
80592;rural
80593;rural
80595;rural
80596;rural
80597;rural
80598;rural
80599;rural
80600;rural
80601;rural
80602;rural
80603;rural
80604;rural
80605;rural
80606;rural
80607;rural
80609;rural
80611;rural
80613;rural
80614;rural
80615;rural
80616;rural
80617;rural
80618;rural
80619;rural
80620;urbain
80621;rural
80622;rural
80623;rural
80624;rural
80625;rural
80626;rural
80627;rural
80628;rural
80629;rural
80630;rural
80631;rural
80632;urbain
80633;rural
80634;rural
80635;rural
80637;rural
80638;rural
80639;rural
80640;rural
80642;rural
80643;rural
80644;rural
80645;rural
80646;rural
80647;rural
80648;rural
80649;rural
80650;rural
80651;rural
80652;rural
80654;rural
80655;rural
80656;rural
80657;rural
80658;rural
80659;rural
80661;rural
80662;rural
80663;rural
80664;rural
80665;rural
80666;rural
80667;rural
80668;rural
80669;rural
80670;rural
80671;rural
80672;rural
80673;rural
80674;urbain
80675;rural
80676;rural
80677;rural
80678;rural
80679;rural
80680;rural
80681;rural
80682;rural
80683;rural
80684;rural
80685;urbain
80686;rural
80687;rural
80688;rural
80690;rural
80691;rural
80692;rural
80693;rural
80694;rural
80695;rural
80696;rural
80697;rural
80698;rural
80699;rural
80700;rural
80701;rural
80702;rural
80703;rural
80704;rural
80705;rural
80706;rural
80707;rural
80708;rural
80709;rural
80710;rural
80711;rural
80713;rural
80714;rural
80716;rural
80717;rural
80718;urbain
80719;rural
80721;rural
80722;rural
80723;rural
80724;urbain
80725;urbain
80726;rural
80728;rural
80729;rural
80730;urbain
80732;rural
80733;rural
80734;rural
80735;rural
80736;rural
80737;rural
80738;rural
80740;rural
80741;rural
80742;rural
80743;rural
80744;rural
80746;rural
80747;rural
80748;rural
80749;rural
80750;rural
80751;rural
80752;rural
80753;rural
80754;rural
80755;rural
80756;rural
80757;rural
80758;rural
80759;rural
80760;rural
80762;rural
80763;rural
80764;rural
80765;rural
80766;rural
80767;rural
80769;rural
80770;urbain
80771;rural
80773;rural
80774;urbain
80775;rural
80776;rural
80777;rural
80778;rural
80779;rural
80780;rural
80781;rural
80782;rural
80783;rural
80784;rural
80785;rural
80786;rural
80787;rural
80788;rural
80789;rural
80790;rural
80791;rural
80792;rural
80793;rural
80794;rural
80795;rural
80796;rural
80797;rural
80798;rural
80799;rural
80800;rural
80801;rural
80802;rural
80803;rural
80804;rural
80805;rural
80806;rural
80807;rural
80808;rural
80809;rural
80810;rural
80811;rural
80812;rural
80813;rural
80814;rural
80815;rural
80819;rural
80820;rural
80821;rural
80822;rural
80823;rural
80824;rural
80825;rural
80826;rural
80827;urbain
80828;rural
80829;rural
80832;rural
80833;rural
80834;urbain
80835;rural
80836;rural
81001;rural
81002;urbain
81003;rural
81004;urbain
81005;rural
81006;rural
81007;rural
81008;rural
81009;rural
81010;rural
81011;rural
81012;rural
81013;rural
81014;rural
81015;rural
81016;rural
81017;rural
81018;urbain
81019;rural
81020;rural
81021;urbain
81022;rural
81023;rural
81024;rural
81025;rural
81026;rural
81027;rural
81028;rural
81029;rural
81030;rural
81031;rural
81032;rural
81033;urbain
81034;rural
81035;rural
81036;urbain
81037;rural
81038;rural
81039;rural
81040;rural
81041;rural
81042;rural
81043;rural
81044;rural
81045;rural
81046;rural
81047;rural
81048;rural
81049;rural
81050;rural
81051;rural
81052;urbain
81053;rural
81054;rural
81055;rural
81056;rural
81058;rural
81059;rural
81060;urbain
81061;rural
81062;rural
81063;rural
81064;rural
81065;urbain
81066;rural
81067;rural
81068;rural
81069;rural
81070;urbain
81071;rural
81072;rural
81073;rural
81074;urbain
81075;rural
81076;rural
81077;rural
81078;rural
81079;rural
81080;rural
81081;rural
81082;rural
81083;rural
81084;rural
81085;rural
81086;rural
81087;rural
81088;rural
81089;rural
81090;rural
81092;rural
81093;rural
81094;rural
81095;rural
81096;rural
81097;rural
81098;rural
81099;urbain
81100;rural
81101;rural
81102;rural
81103;rural
81104;rural
81105;urbain
81106;rural
81108;rural
81109;rural
81110;rural
81111;rural
81112;rural
81114;rural
81115;rural
81116;urbain
81117;rural
81118;rural
81119;rural
81120;rural
81121;rural
81122;rural
81123;rural
81124;rural
81125;rural
81126;rural
81127;rural
81128;rural
81129;rural
81130;urbain
81131;rural
81132;rural
81133;rural
81134;rural
81135;rural
81136;rural
81137;rural
81138;rural
81139;rural
81140;urbain
81141;rural
81142;rural
81143;rural
81144;urbain
81145;rural
81146;rural
81147;rural
81148;rural
81149;rural
81150;rural
81151;rural
81152;rural
81154;rural
81156;rural
81157;rural
81158;rural
81159;rural
81160;rural
81161;rural
81162;rural
81163;urbain
81164;rural
81165;rural
81166;rural
81167;rural
81168;rural
81169;rural
81170;rural
81171;rural
81172;rural
81173;rural
81174;rural
81175;rural
81176;rural
81177;rural
81178;rural
81179;rural
81180;rural
81181;rural
81182;rural
81183;rural
81184;rural
81185;rural
81186;rural
81187;rural
81188;rural
81189;rural
81190;rural
81191;rural
81192;rural
81193;rural
81195;rural
81196;rural
81197;rural
81198;rural
81199;rural
81200;rural
81201;rural
81202;rural
81203;rural
81204;urbain
81205;rural
81206;rural
81207;rural
81208;rural
81209;urbain
81210;rural
81211;rural
81212;rural
81213;rural
81214;rural
81215;rural
81216;rural
81217;rural
81218;urbain
81219;rural
81220;urbain
81221;rural
81222;rural
81223;rural
81224;rural
81225;rural
81227;rural
81228;rural
81229;rural
81230;urbain
81231;rural
81232;rural
81233;rural
81234;rural
81235;rural
81236;rural
81237;rural
81238;rural
81239;rural
81240;rural
81242;rural
81243;rural
81244;urbain
81245;rural
81246;rural
81247;rural
81248;rural
81249;rural
81250;rural
81251;rural
81252;rural
81253;rural
81254;rural
81255;rural
81256;rural
81257;urbain
81258;rural
81259;rural
81261;rural
81262;rural
81263;rural
81264;rural
81265;rural
81266;rural
81267;rural
81268;rural
81269;rural
81270;rural
81271;urbain
81272;rural
81273;rural
81274;urbain
81275;rural
81276;rural
81277;rural
81278;rural
81279;rural
81280;rural
81281;rural
81282;rural
81283;rural
81284;urbain
81285;rural
81286;rural
81287;rural
81288;rural
81289;rural
81290;rural
81291;rural
81292;rural
81293;rural
81294;rural
81295;rural
81297;rural
81298;rural
81299;rural
81300;rural
81302;rural
81303;rural
81304;rural
81305;rural
81306;rural
81307;rural
81308;rural
81309;rural
81310;rural
81311;rural
81312;rural
81313;rural
81314;rural
81315;rural
81316;rural
81317;rural
81318;rural
81319;rural
81320;rural
81321;rural
81322;rural
81323;rural
81324;rural
81325;rural
81326;rural
82001;rural
82002;rural
82003;rural
82004;rural
82005;rural
82006;rural
82007;rural
82008;rural
82009;rural
82010;rural
82011;rural
82012;rural
82013;rural
82014;rural
82015;rural
82016;rural
82017;rural
82018;rural
82019;rural
82020;rural
82021;rural
82022;rural
82023;rural
82024;rural
82025;rural
82026;rural
82027;rural
82028;rural
82029;rural
82030;rural
82031;rural
82032;rural
82033;urbain
82034;rural
82035;rural
82036;rural
82037;rural
82038;rural
82039;rural
82040;rural
82041;rural
82042;rural
82043;rural
82044;rural
82045;rural
82046;rural
82047;rural
82048;rural
82049;rural
82050;rural
82051;rural
82052;rural
82053;rural
82054;rural
82055;rural
82056;rural
82057;rural
82058;rural
82059;rural
82060;rural
82061;rural
82062;rural
82063;rural
82064;rural
82065;rural
82066;rural
82067;rural
82068;rural
82069;rural
82070;rural
82071;rural
82072;rural
82073;rural
82074;rural
82075;rural
82076;rural
82077;rural
82078;rural
82079;rural
82080;rural
82081;rural
82082;rural
82083;rural
82084;rural
82085;rural
82086;rural
82087;rural
82088;rural
82089;rural
82090;rural
82091;rural
82092;rural
82093;rural
82094;rural
82095;rural
82096;rural
82097;rural
82098;rural
82099;rural
82100;rural
82101;rural
82102;rural
82103;rural
82104;rural
82105;rural
82106;rural
82107;rural
82108;rural
82109;rural
82110;rural
82111;rural
82112;urbain
82113;rural
82114;rural
82115;rural
82116;rural
82117;rural
82118;rural
82119;rural
82120;rural
82121;urbain
82122;rural
82123;rural
82124;rural
82125;urbain
82126;rural
82127;rural
82128;rural
82129;rural
82130;rural
82131;rural
82132;rural
82133;rural
82134;rural
82135;rural
82136;rural
82137;rural
82138;rural
82139;rural
82140;rural
82141;rural
82142;rural
82143;rural
82144;rural
82145;rural
82146;rural
82147;rural
82148;rural
82149;rural
82150;rural
82151;rural
82152;rural
82153;rural
82154;rural
82155;rural
82156;rural
82157;rural
82158;rural
82159;rural
82160;rural
82161;rural
82162;rural
82163;rural
82164;rural
82165;rural
82166;rural
82167;rural
82168;rural
82169;rural
82170;rural
82171;rural
82172;rural
82173;rural
82174;rural
82175;rural
82176;rural
82177;rural
82178;rural
82179;rural
82180;rural
82181;rural
82182;rural
82183;rural
82184;rural
82185;rural
82186;rural
82187;rural
82188;rural
82189;rural
82190;rural
82191;rural
82192;rural
82193;rural
82194;rural
82195;rural
83001;rural
83002;rural
83003;rural
83004;urbain
83005;rural
83006;rural
83007;rural
83008;rural
83009;urbain
83010;rural
83011;rural
83012;rural
83013;rural
83014;rural
83015;rural
83016;urbain
83017;rural
83018;rural
83019;urbain
83020;rural
83021;rural
83022;rural
83023;urbain
83025;rural
83026;rural
83027;rural
83028;rural
83029;urbain
83030;urbain
83031;urbain
83032;rural
83033;rural
83034;urbain
83035;rural
83036;urbain
83037;urbain
83038;rural
83039;rural
83040;rural
83041;rural
83042;urbain
83043;rural
83044;rural
83045;rural
83046;rural
83047;urbain
83048;rural
83049;urbain
83050;urbain
83051;rural
83052;rural
83053;urbain
83054;urbain
83055;urbain
83056;rural
83057;rural
83058;rural
83059;urbain
83060;rural
83061;urbain
83062;urbain
83063;rural
83064;urbain
83065;rural
83066;rural
83067;rural
83068;rural
83069;urbain
83070;urbain
83071;urbain
83072;urbain
83073;urbain
83074;rural
83075;rural
83076;rural
83077;rural
83078;rural
83079;rural
83080;rural
83081;urbain
83082;rural
83083;rural
83084;rural
83085;urbain
83086;urbain
83087;rural
83088;rural
83089;rural
83090;urbain
83091;urbain
83092;rural
83093;rural
83094;rural
83095;rural
83096;rural
83097;rural
83098;urbain
83099;urbain
83100;rural
83101;rural
83102;rural
83103;urbain
83104;rural
83105;rural
83106;rural
83107;rural
83108;rural
83109;rural
83110;rural
83111;rural
83112;urbain
83113;rural
83114;rural
83115;urbain
83116;urbain
83117;rural
83118;urbain
83119;rural
83120;urbain
83121;rural
83122;rural
83123;urbain
83124;rural
83125;rural
83126;urbain
83127;rural
83128;rural
83129;urbain
83130;urbain
83131;urbain
83132;urbain
83133;rural
83134;rural
83135;rural
83136;rural
83137;urbain
83138;rural
83139;rural
83140;rural
83141;urbain
83142;rural
83143;rural
83144;urbain
83145;rural
83146;rural
83147;rural
83148;urbain
83149;rural
83150;rural
83151;rural
83152;rural
83153;urbain
83154;rural
84001;urbain
84002;rural
84003;urbain
84004;urbain
84005;rural
84006;rural
84007;urbain
84008;rural
84009;rural
84010;rural
84011;rural
84012;urbain
84013;rural
84014;rural
84015;rural
84016;rural
84017;rural
84018;rural
84019;urbain
84020;rural
84021;rural
84022;rural
84023;rural
84024;rural
84025;rural
84026;rural
84027;rural
84028;rural
84029;rural
84030;rural
84031;urbain
84032;rural
84033;rural
84034;rural
84035;urbain
84036;urbain
84037;rural
84038;urbain
84039;rural
84040;rural
84041;rural
84042;rural
84043;urbain
84044;rural
84045;rural
84046;rural
84047;urbain
84048;rural
84049;rural
84050;rural
84051;rural
84052;rural
84053;rural
84054;urbain
84055;urbain
84056;rural
84057;rural
84058;rural
84059;rural
84060;rural
84061;rural
84062;rural
84063;rural
84064;rural
84065;rural
84066;rural
84067;rural
84068;rural
84069;rural
84070;rural
84071;rural
84072;urbain
84073;rural
84074;rural
84075;rural
84076;rural
84077;rural
84078;rural
84079;rural
84080;urbain
84081;urbain
84082;rural
84083;rural
84084;rural
84085;rural
84086;rural
84087;urbain
84088;urbain
84089;urbain
84090;rural
84091;rural
84092;urbain
84093;rural
84094;rural
84095;rural
84096;rural
84097;rural
84098;rural
84099;urbain
84100;rural
84101;rural
84102;rural
84103;rural
84104;rural
84105;rural
84106;rural
84107;rural
84108;urbain
84109;rural
84110;rural
84111;rural
84112;rural
84113;rural
84114;rural
84115;rural
84116;rural
84117;rural
84118;rural
84119;urbain
84120;rural
84121;rural
84122;rural
84123;rural
84124;rural
84125;rural
84126;rural
84127;rural
84128;rural
84129;urbain
84130;rural
84131;urbain
84132;urbain
84133;rural
84134;rural
84135;rural
84136;rural
84137;rural
84138;urbain
84139;rural
84140;rural
84141;urbain
84142;rural
84143;rural
84144;rural
84145;rural
84146;rural
84147;rural
84148;rural
84149;rural
84150;rural
84151;rural
85001;rural
85002;rural
85003;urbain
85004;rural
85005;rural
85006;rural
85008;rural
85009;rural
85010;rural
85011;rural
85012;rural
85013;rural
85014;rural
85015;rural
85016;rural
85017;rural
85018;rural
85019;rural
85020;rural
85022;rural
85023;rural
85024;rural
85025;rural
85026;rural
85028;rural
85029;rural
85031;rural
85033;rural
85034;rural
85035;rural
85036;rural
85038;rural
85039;rural
85040;rural
85042;rural
85045;rural
85046;rural
85047;urbain
85049;rural
85050;rural
85051;rural
85054;rural
85055;rural
85056;rural
85058;rural
85059;rural
85061;rural
85062;rural
85064;rural
85065;rural
85066;rural
85067;rural
85070;rural
85071;rural
85072;rural
85073;rural
85074;rural
85076;urbain
85077;rural
85078;rural
85080;rural
85081;rural
85082;rural
85083;rural
85084;rural
85086;rural
85087;rural
85088;urbain
85089;rural
85090;rural
85092;urbain
85093;rural
85094;rural
85095;rural
85096;rural
85097;rural
85098;rural
85099;rural
85100;rural
85101;rural
85102;rural
85103;rural
85104;rural
85105;rural
85106;rural
85108;rural
85109;urbain
85110;rural
85111;rural
85112;rural
85113;rural
85114;rural
85115;rural
85116;rural
85117;rural
85118;rural
85119;rural
85120;rural
85121;rural
85123;rural
85125;rural
85126;urbain
85127;rural
85128;urbain
85129;rural
85130;rural
85131;rural
85132;rural
85133;rural
85134;rural
85135;rural
85136;rural
85137;rural
85138;rural
85139;rural
85140;rural
85141;rural
85142;rural
85143;rural
85144;rural
85145;rural
85146;urbain
85147;rural
85148;rural
85149;rural
85151;rural
85152;rural
85153;rural
85154;rural
85155;rural
85156;rural
85157;rural
85158;rural
85159;rural
85160;rural
85161;rural
85162;rural
85163;rural
85164;rural
85165;rural
85167;rural
85169;rural
85171;rural
85172;rural
85174;rural
85175;rural
85176;rural
85177;rural
85178;rural
85179;rural
85181;rural
85182;rural
85184;rural
85185;rural
85186;rural
85187;rural
85188;rural
85189;rural
85190;rural
85191;urbain
85192;rural
85193;rural
85194;urbain
85196;rural
85197;rural
85198;rural
85199;rural
85200;rural
85201;rural
85202;rural
85204;rural
85205;rural
85206;rural
85207;rural
85208;rural
85209;rural
85210;rural
85211;rural
85212;rural
85213;rural
85214;rural
85215;rural
85216;rural
85218;rural
85220;rural
85221;rural
85222;urbain
85223;rural
85226;urbain
85227;rural
85229;rural
85231;rural
85232;rural
85234;rural
85235;rural
85236;rural
85237;rural
85238;rural
85239;rural
85240;rural
85242;rural
85243;rural
85244;rural
85245;rural
85246;rural
85247;rural
85248;rural
85250;rural
85251;rural
85252;rural
85254;rural
85255;rural
85256;rural
85259;rural
85260;rural
85261;rural
85262;rural
85264;rural
85265;rural
85266;rural
85267;rural
85268;rural
85269;rural
85273;rural
85274;rural
85276;rural
85277;rural
85278;rural
85280;rural
85281;rural
85282;rural
85284;urbain
85285;rural
85286;rural
85287;rural
85288;rural
85289;rural
85290;rural
85291;rural
85292;rural
85293;rural
85294;rural
85295;rural
85296;rural
85297;rural
85298;rural
85300;rural
85301;rural
85302;rural
85303;rural
85304;rural
85305;rural
85306;rural
86001;rural
86002;rural
86003;rural
86004;rural
86005;rural
86006;rural
86007;rural
86008;rural
86009;rural
86010;rural
86011;rural
86012;rural
86013;rural
86014;rural
86015;rural
86016;rural
86017;rural
86018;rural
86019;rural
86020;rural
86022;rural
86023;rural
86024;rural
86025;rural
86026;rural
86027;urbain
86028;rural
86029;rural
86031;rural
86032;rural
86034;rural
86035;rural
86036;rural
86037;rural
86038;rural
86039;rural
86040;rural
86041;urbain
86042;rural
86044;rural
86045;rural
86046;rural
86047;rural
86048;rural
86049;rural
86050;rural
86051;rural
86052;rural
86053;rural
86054;rural
86055;rural
86058;rural
86059;rural
86061;rural
86062;urbain
86063;rural
86064;rural
86065;rural
86066;urbain
86068;rural
86069;rural
86070;rural
86072;rural
86073;rural
86074;rural
86075;rural
86076;rural
86077;rural
86078;rural
86079;rural
86080;rural
86081;rural
86082;rural
86083;rural
86084;rural
86085;rural
86086;rural
86087;rural
86088;rural
86089;rural
86090;rural
86091;rural
86092;rural
86093;rural
86094;rural
86095;rural
86096;rural
86097;rural
86098;rural
86099;rural
86100;rural
86102;rural
86103;rural
86104;rural
86105;rural
86106;rural
86107;rural
86108;rural
86109;rural
86110;rural
86111;rural
86112;rural
86113;rural
86114;rural
86115;urbain
86116;rural
86117;rural
86118;rural
86119;rural
86120;rural
86121;rural
86122;rural
86123;rural
86124;rural
86125;rural
86126;rural
86127;rural
86128;rural
86129;rural
86130;rural
86131;rural
86132;rural
86133;rural
86134;rural
86135;rural
86136;rural
86137;urbain
86138;rural
86139;rural
86140;rural
86141;rural
86142;rural
86143;rural
86144;rural
86145;rural
86147;rural
86148;rural
86149;rural
86150;rural
86151;rural
86152;rural
86153;rural
86154;rural
86156;rural
86157;rural
86158;rural
86159;rural
86160;rural
86161;rural
86162;rural
86163;rural
86164;rural
86165;urbain
86167;rural
86169;rural
86170;rural
86171;rural
86172;rural
86173;rural
86174;rural
86175;rural
86176;rural
86177;rural
86178;rural
86180;rural
86181;rural
86182;rural
86183;rural
86184;rural
86186;rural
86187;rural
86189;rural
86190;rural
86191;rural
86192;rural
86193;rural
86194;urbain
86195;rural
86196;rural
86197;rural
86198;rural
86200;rural
86201;rural
86202;rural
86203;rural
86204;rural
86205;rural
86206;rural
86207;rural
86209;rural
86210;rural
86211;rural
86213;rural
86214;urbain
86217;rural
86218;rural
86220;rural
86221;rural
86222;urbain
86223;rural
86224;rural
86225;rural
86226;rural
86227;rural
86228;rural
86229;rural
86230;rural
86233;rural
86234;rural
86235;rural
86236;rural
86237;rural
86239;rural
86241;rural
86242;rural
86244;rural
86245;rural
86246;rural
86247;rural
86248;rural
86249;rural
86250;rural
86252;rural
86253;rural
86254;rural
86255;rural
86256;rural
86257;rural
86258;rural
86260;rural
86261;rural
86262;rural
86263;rural
86264;rural
86265;rural
86266;rural
86268;rural
86269;rural
86270;rural
86271;rural
86272;rural
86273;rural
86274;rural
86275;rural
86276;rural
86279;rural
86280;rural
86281;rural
86284;rural
86285;rural
86286;rural
86287;rural
86288;rural
86289;rural
86290;rural
86291;rural
86292;rural
86293;rural
86294;rural
86295;rural
86296;rural
86297;urbain
86298;rural
86299;rural
86300;rural
87001;rural
87002;rural
87003;rural
87004;rural
87005;rural
87006;rural
87007;rural
87008;rural
87009;rural
87011;rural
87012;rural
87013;rural
87014;rural
87015;rural
87016;rural
87017;rural
87018;rural
87019;rural
87020;rural
87021;rural
87022;rural
87023;rural
87024;rural
87025;rural
87027;rural
87028;rural
87029;rural
87030;rural
87031;rural
87032;rural
87033;rural
87034;rural
87035;rural
87036;rural
87037;rural
87038;rural
87039;rural
87040;rural
87041;rural
87042;rural
87043;rural
87044;rural
87045;rural
87046;rural
87047;rural
87048;urbain
87049;rural
87050;urbain
87051;rural
87052;rural
87053;rural
87054;rural
87056;rural
87057;rural
87058;rural
87059;rural
87060;rural
87061;rural
87062;rural
87063;rural
87064;rural
87065;rural
87066;rural
87067;rural
87068;rural
87069;rural
87070;rural
87071;rural
87072;rural
87073;rural
87074;rural
87075;urbain
87076;rural
87077;rural
87078;rural
87079;rural
87080;rural
87081;rural
87082;rural
87083;rural
87084;rural
87085;urbain
87086;rural
87087;rural
87088;rural
87089;rural
87090;rural
87091;rural
87092;rural
87093;rural
87094;rural
87095;rural
87096;rural
87097;rural
87099;rural
87100;rural
87101;rural
87103;rural
87104;rural
87105;rural
87106;rural
87107;rural
87108;rural
87109;rural
87110;rural
87111;rural
87112;rural
87113;urbain
87114;urbain
87115;rural
87116;rural
87117;rural
87118;rural
87119;rural
87120;rural
87121;rural
87122;rural
87123;rural
87124;rural
87125;urbain
87126;rural
87127;rural
87128;rural
87129;rural
87130;rural
87131;rural
87132;rural
87133;rural
87134;rural
87135;rural
87137;rural
87138;rural
87139;rural
87140;rural
87141;rural
87142;rural
87143;rural
87144;rural
87145;rural
87146;rural
87147;rural
87148;rural
87149;rural
87150;rural
87151;rural
87152;rural
87153;rural
87154;urbain
87155;rural
87156;rural
87157;rural
87158;rural
87159;rural
87160;rural
87161;rural
87162;rural
87163;rural
87164;rural
87165;rural
87166;rural
87167;rural
87168;rural
87169;rural
87170;rural
87172;rural
87174;rural
87176;rural
87177;rural
87178;rural
87179;rural
87180;rural
87181;rural
87182;rural
87183;rural
87185;rural
87186;rural
87187;rural
87188;rural
87189;rural
87190;rural
87191;rural
87192;rural
87193;rural
87194;rural
87195;rural
87197;rural
87198;rural
87199;rural
87200;rural
87201;rural
87202;rural
87203;rural
87204;rural
87205;rural
87206;rural
88001;rural
88002;rural
88003;rural
88004;rural
88005;rural
88006;rural
88007;rural
88008;rural
88009;rural
88010;rural
88011;rural
88012;rural
88013;rural
88014;rural
88015;rural
88016;rural
88017;rural
88019;rural
88020;rural
88021;rural
88022;rural
88023;rural
88024;rural
88025;rural
88026;rural
88027;rural
88028;rural
88029;rural
88030;rural
88031;rural
88032;rural
88033;rural
88035;rural
88036;rural
88037;rural
88038;rural
88039;rural
88040;rural
88041;rural
88042;rural
88043;rural
88044;rural
88045;rural
88046;rural
88047;rural
88048;rural
88049;rural
88050;rural
88051;rural
88052;rural
88053;rural
88054;rural
88055;rural
88056;rural
88057;rural
88058;rural
88059;rural
88060;rural
88061;rural
88062;rural
88063;rural
88064;rural
88065;rural
88066;rural
88068;rural
88069;rural
88070;rural
88071;rural
88073;rural
88074;rural
88075;rural
88076;rural
88077;rural
88078;rural
88079;rural
88080;rural
88081;rural
88082;rural
88083;rural
88084;rural
88085;rural
88086;rural
88087;urbain
88088;rural
88089;rural
88090;rural
88091;rural
88092;rural
88093;rural
88094;rural
88095;rural
88096;rural
88097;rural
88098;rural
88099;urbain
88100;rural
88101;rural
88102;rural
88103;rural
88104;rural
88105;rural
88106;rural
88107;rural
88108;rural
88109;rural
88110;rural
88111;rural
88113;rural
88114;rural
88115;rural
88116;rural
88117;rural
88118;rural
88119;rural
88120;rural
88121;rural
88122;rural
88123;rural
88124;rural
88125;rural
88126;rural
88127;rural
88128;rural
88129;rural
88130;rural
88131;rural
88132;rural
88133;rural
88134;urbain
88135;rural
88136;urbain
88137;rural
88138;rural
88139;rural
88140;rural
88141;rural
88142;rural
88143;rural
88144;rural
88145;rural
88146;rural
88147;rural
88148;rural
88149;rural
88150;rural
88151;rural
88152;rural
88153;rural
88154;rural
88155;rural
88156;rural
88157;rural
88158;rural
88159;rural
88160;urbain
88161;rural
88162;rural
88163;rural
88164;rural
88165;rural
88166;rural
88167;rural
88168;rural
88169;rural
88170;rural
88171;rural
88172;rural
88173;rural
88174;rural
88175;rural
88176;rural
88177;rural
88178;urbain
88179;rural
88180;rural
88181;rural
88182;rural
88183;rural
88184;rural
88185;rural
88186;rural
88187;rural
88188;urbain
88189;rural
88190;rural
88192;rural
88193;rural
88194;rural
88195;rural
88196;urbain
88197;rural
88198;rural
88199;rural
88200;rural
88201;rural
88202;rural
88203;rural
88205;rural
88206;rural
88208;rural
88209;urbain
88210;rural
88212;rural
88213;rural
88214;rural
88215;rural
88216;rural
88218;rural
88219;rural
88220;rural
88221;rural
88222;rural
88223;rural
88224;rural
88225;rural
88226;rural
88227;rural
88228;rural
88229;rural
88230;rural
88231;rural
88232;rural
88233;rural
88236;rural
88237;rural
88238;rural
88239;rural
88240;rural
88241;rural
88242;rural
88243;rural
88244;rural
88245;rural
88246;rural
88247;urbain
88248;rural
88249;rural
88250;rural
88251;rural
88252;rural
88253;urbain
88254;rural
88255;rural
88256;rural
88257;rural
88258;rural
88259;rural
88260;rural
88261;rural
88262;rural
88263;rural
88264;rural
88265;rural
88266;rural
88267;rural
88268;rural
88269;rural
88270;rural
88271;rural
88272;rural
88273;rural
88274;rural
88275;rural
88276;rural
88277;rural
88278;rural
88279;rural
88280;rural
88281;rural
88283;rural
88284;rural
88285;rural
88286;rural
88287;rural
88288;rural
88289;rural
88290;rural
88291;rural
88292;rural
88293;rural
88294;rural
88295;rural
88296;rural
88297;rural
88298;rural
88299;rural
88300;rural
88301;rural
88302;rural
88303;rural
88304;rural
88305;rural
88306;rural
88307;rural
88308;rural
88309;rural
88310;rural
88311;rural
88312;rural
88313;rural
88314;rural
88315;rural
88316;rural
88317;rural
88318;rural
88319;rural
88320;rural
88321;urbain
88322;rural
88324;rural
88325;rural
88326;rural
88327;rural
88328;rural
88330;rural
88331;rural
88332;rural
88333;rural
88334;rural
88335;rural
88336;rural
88338;rural
88340;rural
88341;rural
88342;rural
88343;rural
88344;rural
88345;rural
88346;rural
88347;rural
88348;rural
88349;rural
88350;rural
88351;rural
88352;rural
88353;rural
88354;rural
88355;rural
88356;rural
88357;rural
88358;rural
88359;rural
88360;rural
88361;rural
88362;rural
88363;rural
88364;rural
88365;rural
88366;rural
88367;rural
88368;rural
88369;urbain
88370;rural
88371;rural
88372;urbain
88373;rural
88374;rural
88375;rural
88376;rural
88377;rural
88378;rural
88379;rural
88380;rural
88381;rural
88382;rural
88383;urbain
88385;rural
88386;rural
88387;rural
88388;rural
88389;rural
88390;rural
88391;rural
88394;rural
88395;rural
88398;rural
88399;rural
88400;rural
88401;rural
88402;rural
88403;rural
88404;rural
88406;rural
88407;rural
88408;rural
88409;rural
88410;rural
88411;rural
88412;rural
88413;urbain
88415;urbain
88416;rural
88417;rural
88418;rural
88419;rural
88421;rural
88423;rural
88424;urbain
88425;rural
88426;rural
88427;rural
88428;rural
88429;rural
88430;rural
88431;rural
88432;rural
88433;rural
88434;rural
88435;rural
88436;rural
88437;rural
88438;rural
88439;rural
88440;rural
88441;rural
88442;rural
88443;rural
88444;rural
88445;rural
88446;rural
88447;rural
88448;rural
88449;rural
88450;rural
88451;rural
88452;rural
88453;rural
88454;rural
88455;rural
88456;rural
88457;rural
88458;rural
88459;rural
88460;rural
88461;rural
88462;rural
88463;rural
88464;rural
88465;urbain
88466;rural
88467;rural
88468;urbain
88469;rural
88470;rural
88471;rural
88472;rural
88473;rural
88474;rural
88475;rural
88476;rural
88477;rural
88478;rural
88479;rural
88480;rural
88481;rural
88482;rural
88483;rural
88484;rural
88485;rural
88486;rural
88487;rural
88488;rural
88489;rural
88490;rural
88491;rural
88492;rural
88493;rural
88494;rural
88495;rural
88496;rural
88497;rural
88498;rural
88499;rural
88500;rural
88501;rural
88502;rural
88503;rural
88504;rural
88505;rural
88506;rural
88507;rural
88508;rural
88509;rural
88510;rural
88511;rural
88512;rural
88513;rural
88514;rural
88515;rural
88516;rural
88517;rural
88518;rural
88519;rural
88520;rural
88521;rural
88522;rural
88523;rural
88524;rural
88525;rural
88526;rural
88527;rural
88528;rural
88529;rural
88530;rural
88531;rural
88532;rural
89002;rural
89003;rural
89004;rural
89005;rural
89006;rural
89007;rural
89008;rural
89009;rural
89010;rural
89011;rural
89012;rural
89013;rural
89014;rural
89015;rural
89016;rural
89017;rural
89018;rural
89019;rural
89020;rural
89021;rural
89022;rural
89023;rural
89024;urbain
89025;urbain
89027;rural
89028;rural
89029;rural
89030;rural
89031;rural
89032;rural
89033;rural
89034;rural
89035;rural
89036;rural
89037;rural
89038;rural
89039;rural
89040;rural
89041;rural
89042;rural
89043;rural
89044;rural
89045;rural
89046;rural
89048;rural
89049;rural
89050;rural
89051;rural
89053;rural
89054;rural
89055;rural
89056;rural
89057;rural
89058;rural
89059;rural
89060;rural
89061;rural
89062;rural
89063;rural
89064;rural
89065;rural
89066;rural
89067;rural
89068;rural
89069;rural
89071;rural
89072;rural
89073;rural
89074;urbain
89075;rural
89076;rural
89077;rural
89079;rural
89080;rural
89081;rural
89083;rural
89084;rural
89085;rural
89086;rural
89087;rural
89088;rural
89089;rural
89091;rural
89092;rural
89093;urbain
89094;rural
89095;rural
89096;rural
89098;rural
89099;urbain
89100;rural
89101;rural
89102;rural
89104;rural
89105;rural
89108;rural
89111;rural
89112;rural
89113;rural
89115;rural
89116;rural
89117;rural
89118;rural
89119;rural
89120;rural
89122;rural
89123;rural
89124;rural
89125;rural
89126;rural
89127;urbain
89128;rural
89129;rural
89130;rural
89131;rural
89132;rural
89133;rural
89134;rural
89136;rural
89137;rural
89139;rural
89141;rural
89142;rural
89143;rural
89144;rural
89145;rural
89146;rural
89147;rural
89148;rural
89149;rural
89150;rural
89151;rural
89152;rural
89153;rural
89154;rural
89155;rural
89156;rural
89158;rural
89159;rural
89160;rural
89161;rural
89162;rural
89163;rural
89164;rural
89165;rural
89167;rural
89168;rural
89169;rural
89170;rural
89171;rural
89172;rural
89173;rural
89175;rural
89176;rural
89177;rural
89179;rural
89180;rural
89181;rural
89182;rural
89183;rural
89184;rural
89186;rural
89187;rural
89188;rural
89189;rural
89190;rural
89191;rural
89194;rural
89195;rural
89196;rural
89197;rural
89198;rural
89199;rural
89200;rural
89201;rural
89202;rural
89203;rural
89204;rural
89205;rural
89206;urbain
89207;rural
89208;rural
89209;rural
89210;rural
89211;rural
89212;rural
89214;rural
89215;rural
89216;rural
89217;rural
89218;rural
89219;rural
89220;rural
89221;rural
89222;rural
89223;rural
89224;rural
89225;rural
89226;rural
89227;rural
89228;rural
89229;rural
89230;rural
89232;rural
89233;rural
89234;rural
89235;rural
89236;urbain
89237;rural
89238;rural
89239;rural
89240;rural
89242;rural
89244;rural
89245;rural
89246;rural
89247;rural
89248;rural
89249;rural
89250;rural
89251;rural
89252;rural
89253;rural
89254;rural
89255;rural
89256;rural
89257;urbain
89259;rural
89261;rural
89262;rural
89263;rural
89264;rural
89265;rural
89266;rural
89267;rural
89268;rural
89270;rural
89271;rural
89272;rural
89273;rural
89274;rural
89276;rural
89277;rural
89278;rural
89279;rural
89280;rural
89281;rural
89282;rural
89283;rural
89284;rural
89285;rural
89286;rural
89287;urbain
89288;rural
89289;rural
89290;rural
89291;rural
89292;rural
89295;urbain
89296;rural
89297;rural
89298;rural
89299;rural
89300;rural
89302;rural
89303;rural
89304;rural
89306;rural
89307;rural
89308;rural
89309;rural
89310;rural
89311;rural
89312;rural
89313;rural
89314;rural
89315;rural
89316;rural
89318;rural
89319;rural
89320;rural
89321;rural
89323;rural
89324;rural
89325;rural
89326;rural
89327;rural
89328;rural
89329;rural
89331;rural
89332;rural
89333;rural
89334;rural
89335;rural
89336;rural
89337;rural
89338;urbain
89339;rural
89341;rural
89342;urbain
89344;rural
89345;rural
89346;urbain
89347;rural
89348;rural
89349;rural
89350;rural
89351;rural
89352;rural
89353;rural
89354;urbain
89355;rural
89359;rural
89360;rural
89361;rural
89362;rural
89363;rural
89364;rural
89365;rural
89367;rural
89368;rural
89369;rural
89370;rural
89371;rural
89373;rural
89374;rural
89375;rural
89376;rural
89377;rural
89378;rural
89379;rural
89380;rural
89382;rural
89383;rural
89384;rural
89385;rural
89386;rural
89387;urbain
89388;rural
89390;rural
89391;rural
89392;rural
89393;rural
89394;rural
89395;rural
89397;rural
89398;rural
89399;rural
89400;rural
89402;rural
89403;rural
89404;rural
89405;rural
89406;rural
89407;rural
89408;rural
89409;rural
89410;rural
89411;rural
89412;rural
89413;rural
89414;rural
89415;rural
89416;rural
89417;rural
89418;rural
89419;rural
89420;rural
89422;rural
89423;rural
89424;rural
89425;rural
89426;rural
89427;rural
89428;rural
89430;rural
89431;rural
89432;rural
89433;rural
89434;rural
89436;rural
89437;rural
89438;rural
89439;rural
89440;rural
89441;rural
89442;rural
89443;rural
89445;rural
89446;rural
89447;rural
89449;urbain
89450;rural
89451;rural
89452;rural
89453;rural
89456;rural
89458;rural
89459;rural
89460;urbain
89461;rural
89462;rural
89463;rural
89464;rural
89465;rural
89466;rural
89467;rural
89468;rural
89469;rural
89470;rural
89471;rural
89472;rural
89474;rural
89475;rural
89477;rural
89478;rural
89479;rural
89480;rural
89481;rural
89482;rural
89483;rural
89485;rural
89486;rural
90001;urbain
90002;rural
90003;rural
90004;urbain
90005;rural
90006;rural
90007;rural
90008;urbain
90009;urbain
90010;urbain
90011;urbain
90012;rural
90013;rural
90014;rural
90015;rural
90016;rural
90017;rural
90018;rural
90019;rural
90020;rural
90021;rural
90022;urbain
90023;urbain
90024;rural
90025;rural
90026;rural
90027;rural
90028;rural
90029;urbain
90030;rural
90031;rural
90032;urbain
90033;urbain
90034;rural
90035;urbain
90036;rural
90037;urbain
90039;urbain
90041;rural
90042;urbain
90043;rural
90044;rural
90045;urbain
90046;rural
90047;rural
90048;rural
90049;rural
90050;rural
90051;rural
90052;urbain
90053;urbain
90054;rural
90055;rural
90056;urbain
90057;urbain
90058;rural
90059;rural
90060;rural
90061;rural
90062;rural
90063;rural
90064;rural
90065;urbain
90066;rural
90067;rural
90068;urbain
90069;urbain
90070;urbain
90071;rural
90072;urbain
90074;rural
90075;urbain
90076;urbain
90077;rural
90078;rural
90079;rural
90080;rural
90081;rural
90082;rural
90083;rural
90084;rural
90085;rural
90086;rural
90087;rural
90088;rural
90089;rural
90090;rural
90091;rural
90093;urbain
90094;urbain
90095;rural
90096;rural
90097;urbain
90098;rural
90099;urbain
90100;rural
90101;rural
90102;urbain
90103;urbain
90104;rural
90105;rural
91001;rural
91016;rural
91017;rural
91021;urbain
91022;rural
91027;urbain
91035;rural
91037;rural
91038;rural
91041;urbain
91044;urbain
91045;urbain
91047;urbain
91064;urbain
91067;rural
91069;rural
91075;rural
91079;rural
91080;rural
91081;rural
91085;urbain
91086;urbain
91093;rural
91095;urbain
91097;urbain
91098;rural
91099;urbain
91100;rural
91103;urbain
91105;urbain
91106;urbain
91109;urbain
91111;rural
91112;rural
91114;urbain
91115;urbain
91121;rural
91122;urbain
91129;urbain
91130;rural
91131;rural
91132;urbain
91135;urbain
91136;urbain
91137;rural
91145;rural
91148;rural
91156;urbain
91159;urbain
91161;urbain
91174;urbain
91175;rural
91179;urbain
91180;rural
91184;rural
91186;rural
91191;urbain
91195;rural
91198;rural
91200;urbain
91201;urbain
91204;rural
91207;urbain
91215;urbain
91216;urbain
91223;urbain
91225;urbain
91226;urbain
91228;urbain
91232;urbain
91235;urbain
91240;rural
91243;rural
91244;urbain
91247;rural
91248;rural
91249;urbain
91272;urbain
91273;rural
91274;urbain
91275;urbain
91284;rural
91286;urbain
91292;urbain
91293;rural
91294;rural
91312;urbain
91315;urbain
91318;urbain
91319;rural
91326;urbain
91330;urbain
91332;urbain
91333;urbain
91338;urbain
91339;urbain
91340;urbain
91345;urbain
91347;urbain
91359;urbain
91363;urbain
91374;rural
91376;urbain
91377;urbain
91378;rural
91386;urbain
91390;rural
91393;rural
91399;rural
91405;urbain
91408;rural
91411;rural
91412;rural
91414;rural
91421;urbain
91425;urbain
91432;urbain
91433;urbain
91434;urbain
91435;rural
91441;rural
91457;urbain
91458;urbain
91461;urbain
91463;urbain
91468;urbain
91469;rural
91471;urbain
91473;rural
91477;urbain
91479;urbain
91482;urbain
91494;urbain
91495;rural
91507;rural
91508;rural
91511;rural
91514;urbain
91519;rural
91521;urbain
91525;rural
91526;rural
91533;rural
91534;urbain
91538;urbain
91540;urbain
91544;rural
91546;rural
91547;rural
91549;urbain
91552;urbain
91553;urbain
91556;rural
91560;urbain
91568;rural
91570;urbain
91573;urbain
91577;urbain
91578;rural
91579;urbain
91581;urbain
91587;urbain
91589;urbain
91593;urbain
91599;rural
91600;urbain
91602;rural
91613;rural
91617;urbain
91619;rural
91629;rural
91630;rural
91631;urbain
91634;rural
91635;urbain
91639;urbain
91645;urbain
91648;urbain
91649;urbain
91654;rural
91657;urbain
91659;urbain
91661;urbain
91662;rural
91665;urbain
91666;urbain
91667;urbain
91671;rural
91679;urbain
91685;urbain
91687;urbain
91689;urbain
91691;urbain
91692;urbain
92002;urbain
92004;urbain
92007;urbain
92009;urbain
92012;urbain
92014;urbain
92019;urbain
92020;urbain
92022;urbain
92023;urbain
92024;urbain
92025;urbain
92026;urbain
92032;urbain
92033;urbain
92035;urbain
92036;urbain
92040;urbain
92044;urbain
92046;urbain
92047;urbain
92048;urbain
92049;urbain
92050;urbain
92051;urbain
92060;urbain
92062;urbain
92063;urbain
92064;urbain
92071;urbain
92072;urbain
92073;urbain
92075;urbain
92076;urbain
92077;urbain
92078;urbain
93001;urbain
93005;urbain
93006;urbain
93007;urbain
93008;urbain
93010;urbain
93013;urbain
93014;urbain
93015;urbain
93027;urbain
93029;urbain
93030;urbain
93031;urbain
93032;urbain
93033;urbain
93039;urbain
93045;urbain
93046;urbain
93047;urbain
93048;urbain
93049;urbain
93050;urbain
93051;urbain
93053;urbain
93055;urbain
93057;urbain
93061;urbain
93062;urbain
93063;urbain
93064;urbain
93066;urbain
93070;urbain
93071;urbain
93072;urbain
93073;urbain
93074;urbain
93077;urbain
93078;urbain
93079;urbain
94001;urbain
94002;urbain
94003;urbain
94004;urbain
94011;urbain
94015;urbain
94016;urbain
94017;urbain
94018;urbain
94019;urbain
94021;urbain
94022;urbain
94028;urbain
94033;urbain
94034;urbain
94037;urbain
94038;urbain
94041;urbain
94042;urbain
94043;urbain
94044;urbain
94046;urbain
94047;urbain
94048;urbain
94052;urbain
94053;urbain
94054;urbain
94055;urbain
94056;urbain
94058;urbain
94059;urbain
94060;urbain
94065;urbain
94067;urbain
94068;urbain
94069;urbain
94070;urbain
94071;urbain
94073;urbain
94074;urbain
94075;urbain
94076;urbain
94077;urbain
94078;urbain
94079;urbain
94080;urbain
94081;urbain
95002;rural
95008;rural
95011;rural
95012;rural
95014;urbain
95018;urbain
95019;urbain
95023;rural
95024;rural
95026;urbain
95028;urbain
95039;urbain
95040;rural
95042;urbain
95046;rural
95051;urbain
95052;urbain
95054;rural
95055;rural
95056;rural
95058;urbain
95059;rural
95060;urbain
95061;urbain
95063;urbain
95074;urbain
95078;urbain
95088;urbain
95091;urbain
95094;rural
95101;rural
95102;rural
95110;rural
95116;urbain
95119;rural
95120;urbain
95127;urbain
95134;urbain
95139;rural
95141;rural
95142;rural
95144;rural
95149;urbain
95150;rural
95151;rural
95154;rural
95157;rural
95166;rural
95169;rural
95170;rural
95176;urbain
95177;rural
95181;rural
95183;urbain
95197;urbain
95199;urbain
95203;urbain
95205;urbain
95210;urbain
95211;urbain
95212;rural
95213;rural
95214;rural
95218;urbain
95219;urbain
95229;urbain
95241;urbain
95250;urbain
95252;urbain
95253;rural
95254;rural
95256;urbain
95257;urbain
95258;rural
95268;urbain
95270;rural
95271;rural
95277;urbain
95280;urbain
95287;rural
95288;urbain
95295;rural
95298;rural
95301;rural
95303;rural
95304;rural
95306;urbain
95308;rural
95309;rural
95313;urbain
95316;rural
95323;urbain
95328;rural
95331;rural
95341;rural
95348;rural
95351;urbain
95352;urbain
95353;urbain
95355;urbain
95365;rural
95369;urbain
95370;rural
95371;urbain
95379;rural
95387;rural
95388;urbain
95392;urbain
95394;urbain
95395;rural
95409;urbain
95422;rural
95424;urbain
95426;urbain
95427;urbain
95428;urbain
95429;rural
95430;urbain
95436;urbain
95438;rural
95445;rural
95446;urbain
95447;rural
95450;urbain
95452;urbain
95456;urbain
95459;rural
95462;rural
95476;urbain
95480;urbain
95483;rural
95487;urbain
95488;urbain
95489;rural
95491;urbain
95492;rural
95493;rural
95500;urbain
95504;urbain
95509;urbain
95510;urbain
95523;rural
95527;rural
95529;urbain
95535;rural
95539;urbain
95541;rural
95543;rural
95554;urbain
95555;urbain
95563;urbain
95566;urbain
95572;urbain
95574;urbain
95580;urbain
95582;urbain
95584;rural
95585;urbain
95592;rural
95594;urbain
95598;urbain
95604;urbain
95607;urbain
95610;rural
95611;rural
95612;urbain
95625;rural
95627;rural
95628;urbain
95633;rural
95637;urbain
95641;rural
95651;rural
95652;urbain
95656;rural
95658;rural
95660;rural
95675;rural
95676;rural
95678;urbain
95680;urbain
95682;rural
95690;rural
97101;urbain
97102;rural
97103;urbain
97104;urbain
97105;urbain
97106;rural
97107;urbain
97108;rural
97109;urbain
97110;rural
97111;rural
97112;rural
97113;urbain
97114;urbain
97115;urbain
97116;urbain
97117;urbain
97118;urbain
97119;rural
97120;urbain
97121;rural
97122;rural
97124;urbain
97125;urbain
97126;rural
97128;urbain
97129;urbain
97130;rural
97131;rural
97132;urbain
97133;rural
97134;urbain
97201;rural
97202;rural
97203;rural
97204;rural
97205;rural
97206;rural
97207;urbain
97208;rural
97209;urbain
97210;urbain
97211;rural
97212;urbain
97213;urbain
97214;urbain
97215;rural
97216;urbain
97217;urbain
97218;rural
97219;rural
97220;urbain
97221;urbain
97222;urbain
97223;urbain
97224;urbain
97225;rural
97226;rural
97227;rural
97228;urbain
97229;urbain
97230;urbain
97231;urbain
97232;rural
97233;rural
97234;rural
97301;rural
97302;urbain
97303;rural
97304;urbain
97305;rural
97306;rural
97307;urbain
97308;rural
97309;urbain
97310;rural
97311;urbain
97312;rural
97313;rural
97314;rural
97352;rural
97353;rural
97356;rural
97357;rural
97358;rural
97360;rural
97361;rural
97362;rural
97401;urbain
97402;urbain
97403;urbain
97404;urbain
97405;urbain
97406;urbain
97407;urbain
97408;urbain
97409;urbain
97410;urbain
97411;urbain
97412;urbain
97413;urbain
97414;urbain
97415;urbain
97416;urbain
97417;rural
97418;urbain
97419;rural
97420;urbain
97421;rural
97422;urbain
97423;urbain
97424;rural
97601;rural
97602;rural
97603;rural
97604;urbain
97605;urbain
97606;rural
97607;urbain
97608;urbain
97609;rural
97610;urbain
97611;urbain
97612;urbain
97613;urbain
97614;urbain
97615;urbain
97616;urbain
97617;urbain
